state_code,state_name_english,state_name_local,state_census2011_code,district_code,district_name_english,district_name_local,district_census2011_code,subdistrict_code,subdistrict_name_english,subdistrict_name_local,subdistrict_census2011_code,last_updated
8,Rajasthan,RAJASTHAN,8.0,783,Jaipur (Gramin),जयपुर (ग्रामीण),,7140,Aandhi,आंधी,0.0,2024-10-07
24,Gujarat,GUJARAT,24.0,449,Kachchh,KACHCHH,468.0,3728,Abdasa,,3728.0,2024-10-07
22,Chhattisgarh,छत्तीसगढ़,22.0,387,Raipur,रायपुर,410.0,3331,Abhanpur,,3331.0,2024-10-07
24,Gujarat,GUJARAT,24.0,459,Surat,SURAT,492.0,6518,Adajan,Adajan,0.0,2024-10-07
21,Odisha,ODISHA,21.0,353,Gajapati,GAJAPATI,389.0,3100,Adava,,3100.0,2024-10-07
36,Telangana,తెలంగాణ,0.0,514,Nalgonda,నల్గొండ,539.0,6304,Adavidevulapalli,అడవిదేవులపల్లి,0.0,2024-10-07
36,Telangana,తెలంగాణ,0.0,697,Yadadri Bhuvanagiri,యదాద్రి భువనగిరి,0.0,6310,Adda Guduru,అడ్డగూడూరు,0.0,2024-10-07
23,Madhya Pradesh,MADHYA PRADESH,23.0,411,Jabalpur,जबलपुर,451.0,7024,Adhartal,आधारताल,0.0,2024-10-07
20,Jharkhand,झारखंड,20.0,341,Saraikela Kharsawan,सरायकेला खरसावां,369.0,2752,Adityapur(Gamharia),,2752.0,2024-10-07
28,Andhra Pradesh,ANDHRA PRADESH,28.0,511,Kurnool,KURNOOL,552.0,5271,Adoni,,5271.0,2024-10-07
18,Assam,ASSAM,18.0,285,Dhubri,DHUBURI,301.0,2006,Agamoni,,2006.0,2024-10-07
21,Odisha,ODISHA,21.0,348,Bhadrak,BHADRAK,378.0,2910,Agarpada,,2910.0,2024-10-07
24,Gujarat,GUJARAT,24.0,444,Dangs,DANGS,489.0,3921,Ahwa,,3921.0,2024-10-07
22,Chhattisgarh,छत्तीसगढ़,22.0,379,Janjgir-Champa,जांजगीर - चाम्पा,405.0,3278,Akaltara,,3278.0,2024-10-07
9,Uttar Pradesh,UTTAR PRADESH,9.0,121,Ambedkar Nagar,AMBEDKAR NAGAR,178.0,910,Akbarpur,,910.0,2024-10-07
1,Jammu And Kashmir,JAMMU AND KASHMIR,1.0,5,Jammu,JAMMU,21.0,78,Akhnoor,,78.0,2024-10-07
27,Maharashtra,महाराष्ट्र,27.0,467,Akola,अकोला,501.0,3991,Akola,अकोला,3991.0,2024-10-07
13,Nagaland,NAGALAND,13.0,251,Zunheboto,ZUNHEBOTO,263.0,1768,Akuluto,,1768.0,2024-10-07
33,Tamil Nadu,TAMIL NADU,33.0,568,Chennai,CHENNAI,603.0,5704,Alandur,,5704.0,2024-10-07
33,Tamil Nadu,TAMIL NADU,33.0,581,Perambalur,PERAMBALUR,615.0,5951,Alathur,,0.0,2024-10-07
9,Uttar Pradesh,UTTAR PRADESH,9.0,120,Prayagraj,PRAYAGRAJ,175.0,890,Allahabad,,890.0,2024-10-07
8,Rajasthan,RAJASTHAN,8.0,87,Alwar,ALWAR,104.0,499,Alwar,,499.0,2024-10-07
27,Maharashtra,महाराष्ट्र,27.0,478,Jalgaon,जळगाव,499.0,3969,Amalner,अमळनेर,3969.0,2024-10-07
36,Telangana,తెలంగాణ,0.0,518,Ranga Reddy,రంగా రెడ్డి,537.0,4563,Amangal,అమంగల్,4563.0,2024-10-07
10,Bihar,BIHAR,10.0,190,Banka,बांका,225.0,1346,Amarpur,अमरपुर,1346.0,2024-10-07
21,Odisha,ODISHA,21.0,370,Rayagada,RAYAGADA,396.0,3172,Ambadala,,3172.0,2024-10-07
16,Tripura,ত্রিপুরা,16.0,269,Dhalai,ধলাই,291.0,6697,Ambassa,আমবাসা,0.0,2024-10-07
33,Tamil Nadu,TAMIL NADU,33.0,568,Chennai,CHENNAI,603.0,5700,Ambattur,,5700.0,2024-10-07
27,Maharashtra,महाराष्ट्र,27.0,490,Pune,पुणे,521.0,4188,Ambegaon,आंबेगाव,4188.0,2024-10-07
27,Maharashtra,महाराष्ट्र,27.0,470,Beed,बीड,523.0,4225,Ambejogai,आंबेजोगाई,4225.0,2024-10-07
33,Tamil Nadu,TAMIL NADU,33.0,732,Tirupathur,திருப்பத்தூர்,0.0,5719,Ambur,,5719.0,2024-10-07
10,Bihar,BIHAR,10.0,201,Katihar,कटिहार,212.0,1157,Amdabad,अमदाबाद,1157.0,2024-10-07
8,Rajasthan,RAJASTHAN,8.0,112,Rajsamand,RAJSAMAND,123.0,641,Amet,,641.0,2024-10-07
33,Tamil Nadu,TAMIL NADU,33.0,568,Chennai,CHENNAI,603.0,7161,Aminjikarai,அமைந்தகரை,0.0,2024-10-07
17,Meghalaya,MEGHALAYA,17.0,275,West Jaintia Hills,WEST JAINTIA HILLS,299.0,1998,Amlarem,,1998.0,2024-10-07
3,Punjab,PUNJAB,3.0,30,Fatehgarh Sahib,FATEHGARH SAHIB,40.0,222,Amloh,,222.0,2024-10-07
3,Punjab,PUNJAB,3.0,27,Amritsar,AMRITSAR,49.0,256,Amritsar -I,,256.0,2024-10-07
19,West Bengal,WEST BENGAL,19.0,313,Howrah,HOWRAH,341.0,2399,Amta - II,,2399.0,2024-10-07
28,Andhra Pradesh,ANDHRA PRADESH,28.0,744,Anakapalli,Anakapalli,0.0,4871,Anakapalli,Anakapalli,4871.0,2024-10-07
24,Gujarat,GUJARAT,24.0,440,Anand,ANAND,482.0,6530,Anand City,,0.0,2024-10-07
24,Gujarat,GUJARAT,24.0,440,Anand,ANAND,482.0,3864,Anand Rural,,3864.0,2024-10-07
1,Jammu And Kashmir,JAMMU AND KASHMIR,1.0,1,Anantnag,ANANTNAG,14.0,55,Anantnag,,55.0,2024-10-07
1,Jammu And Kashmir,JAMMU AND KASHMIR,1.0,1,Anantnag,ANANTNAG,14.0,6822,Anantnag East,Anantnag East,0.0,2024-10-07
10,Bihar,BIHAR,10.0,206,Madhubani,मधुबनी,207.0,1096,Andhratharhi,अंधराठाढ़ी,1096.0,2024-10-07
31,Lakshadweep,LAKSHADWEEP,31.0,553,Lakshadweep District,LAKSHADWEEP DISTRICT,587.0,5627,Andrott,,5627.0,2024-10-07
27,Maharashtra,महाराष्ट्र,27.0,468,Amravati,अमरावती,503.0,4003,Anjangaon Surji,अंजनगाव सुर्जी,4003.0,2024-10-07
36,Telangana,తెలంగాణ,0.0,690,Bhadradri Kothagudem,భద్రాద్రి కొత్తగూడెం,0.0,6268,Annapureddypalli,అన్నపురెడ్డిపల్లి,0.0,2024-10-07
29,Karnataka,ಕರ್ನಾಟಕ,29.0,536,Dharwad,ಧಾರವಾಡ,562.0,7080,Annigeri,,0.0,2024-10-07
21,Odisha,ODISHA,21.0,344,Anugul,ANUGUL,384.0,3011,Anugul,,3011.0,2024-10-07
8,Rajasthan,RAJASTHAN,8.0,776,Anupgarh,अनूपगढ़,,462,Anupgarh,,462.0,2024-10-07
9,Uttar Pradesh,UTTAR PRADESH,9.0,134,Bulandshahr,BULANDSHAHR,142.0,748,Anupshahr,,748.0,2024-10-07
10,Bihar,BIHAR,10.0,188,Araria,अररिया,209.0,1116,Araria,अररिया,1116.0,2024-10-07
1,Jammu And Kashmir,JAMMU AND KASHMIR,1.0,11,Pulwama,PULWAMA,12.0,6795,Aripal,Aripal,0.0,2024-10-07
27,Maharashtra,महाराष्ट्र,27.0,476,Gondia,गोंदीया,507.0,4050,Arjuni Morgaon,अर्जुनी मोरगाव,4050.0,2024-10-07
29,Karnataka,ಕರ್ನಾಟಕ,29.0,539,Hassan,ಹಾಸನ,574.0,5558,Arkalgud,ಅರಕಲಗೂಡು,5558.0,2024-10-07
29,Karnataka,ಕರ್ನಾಟಕ,29.0,539,Hassan,ಹಾಸನ,574.0,5555,Arsikere,ಅರಸೀಕೆರೆ,5555.0,2024-10-07
23,Madhya Pradesh,MADHYA PRADESH,23.0,427,Sehore,सीहोर,445.0,3584,Ashta,आष्‍टा,3584.0,2024-10-07
27,Maharashtra,महाराष्ट्र,27.0,470,Beed,बीड,523.0,4215,Ashti,आष्टी,4215.0,2024-10-07
8,Rajasthan,RAJASTHAN,8.0,105,Jhalawar,JHALAWAR,129.0,6055,Asnawar,ASNAWAR,0.0,2024-10-07
28,Andhra Pradesh,ANDHRA PRADESH,28.0,511,Kurnool,KURNOOL,552.0,5275,Aspari,,5275.0,2024-10-07
9,Uttar Pradesh,UTTAR PRADESH,9.0,128,Banda,BANDA,170.0,873,Atarra,,873.0,2024-10-07
21,Odisha,ODISHA,21.0,344,Anugul,ANUGUL,384.0,3017,Athmallik,,3017.0,2024-10-07
29,Karnataka,ಕರ್ನಾಟಕ,29.0,527,Belagavi,ಬೆಳಗಾವಿ,555.0,5434,Athni,ಅಥಣಿ,5434.0,2024-10-07
33,Tamil Nadu,TAMIL NADU,33.0,572,Dindigul,DINDIGUL,612.0,5994,Athoor,Athoor,0.0,2024-10-07
28,Andhra Pradesh,ANDHRA PRADESH,28.0,523,West Godavari,పశ్చిమగోదావరి,546.0,4973,Attili,,4973.0,2024-10-07
19,West Bengal,WEST BENGAL,19.0,306,Purba Bardhaman,PURBA BARDHAMAN,335.0,2277,Ausgram - I,,2277.0,2024-10-07
23,Madhya Pradesh,MADHYA PRADESH,23.0,430,Shajapur,शाजापुर,436.0,6510,Avantipur Barodia,अवंतीपुर बड़ौदिया,0.0,2024-10-07
33,Tamil Nadu,TAMIL NADU,33.0,568,Chennai,CHENNAI,603.0,7163,Ayanavaram,அயனாவரம,0.0,2024-10-07
29,Karnataka,ಕರ್ನಾಟಕ,29.0,530,Vijayapura,ವಿಜಯಾಪುರ,557.0,7069,Babaleshwar,,0.0,2024-10-07
10,Bihar,BIHAR,10.0,206,Madhubani,मधुबनी,207.0,1088,Babubarhi,बाबुबरही,1088.0,2024-10-07
36,Telangana,తెలంగాణ,0.0,689,Jangoan,జనగాం,0.0,4674,Bachannapet,బచ్చన్నపేట,4674.0,2024-10-07
21,Odisha,ODISHA,21.0,354,Ganjam,GANJAM,388.0,3077,Badagada,,3077.0,2024-10-07
22,Chhattisgarh,छत्तीसगढ़,22.0,376,Dakshin Bastar Dantewada,दक्षिण बस्तर दंतेवाड़ा,416.0,6509,Bade Bacheli,BADE BACHELI,0.0,2024-10-07
6,Haryana,HARYANA,6.0,60,Faridabad,FARIDABAD,88.0,6407,Badkhal,बड़खल,0.0,2024-10-07
23,Madhya Pradesh,MADHYA PRADESH,23.0,435,Ujjain,उज्जैन,435.0,3514,Badnagar,बड़नगर,3514.0,2024-10-07
27,Maharashtra,महाराष्ट्र,27.0,479,Jalna,जालना,514.0,4128,Badnapur,बदनापूर,4128.0,2024-10-07
6,Haryana,HARYANA,6.0,62,Gurugram,GURUGRAM,86.0,6421,Badshahpur St,बादशाहपुर,0.0,2024-10-07
19,West Bengal,WEST BENGAL,19.0,303,North 24 Parganas,NORTH TWENTY FOUR PARGANAS,337.0,2328,Baduria,,2328.0,2024-10-07
28,Andhra Pradesh,ANDHRA PRADESH,28.0,504,Y.S.R.,,551.0,5210,Badvel,,5210.0,2024-10-07
10,Bihar,BIHAR,10.0,211,Pashchim Champaran,पश्चिम चम्पारण,203.0,1019,Bagaha,,1019.0,2024-10-07
27,Maharashtra,महाराष्ट्र,27.0,487,Nashik,नाशिक,516.0,4145,Baglan,बागलण,4145.0,2024-10-07
19,West Bengal,WEST BENGAL,19.0,313,Howrah,HOWRAH,341.0,2409,Bagnan - II,,2409.0,2024-10-07
18,Assam,ASSAM,18.0,294,Kokrajhar,KOKRAJHAR,300.0,2005,Bagribari (Pt),,2005.0,2024-10-07
10,Bihar,BIHAR,10.0,195,Darbhanga,दरभंगा,215.0,1189,Bahadurpur,बहादुरपुर,1189.0,2024-10-07
23,Madhya Pradesh,MADHYA PRADESH,23.0,391,Ashoknagar,अशोकनगर,459.0,6978,Bahadurpur,बहादुरपुर,0.0,2024-10-07
6,Haryana,HARYANA,6.0,59,Bhiwani,BHIWANI,81.0,6432,Bahal St,बहल,0.0,2024-10-07
20,Jharkhand,झारखंड,20.0,327,East Singhbum,पूर्वी सिंघभूम,357.0,2614,Baharagora,,2614.0,2024-10-07
34,Puducherry,PUDUCHERRY,34.0,600,Puducherry,புதுச்சேரி,635.0,5912,Bahour,பாகூர்,5912.0,2024-10-07
23,Madhya Pradesh,MADHYA PRADESH,23.0,423,Ratlam,रतलाम,434.0,3505,Bajna,बाजना,3505.0,2024-10-07
8,Rajasthan,RAJASTHAN,8.0,105,Jhalawar,JHALAWAR,129.0,6666,Bakani,Bakani,0.0,2024-10-07
10,Bihar,BIHAR,10.0,191,Begusarai,बेगूसराय,222.0,1316,Bakhri,बखरी,1316.0,2024-10-07
36,Telangana,తెలంగాణ,0.0,700,Medchal Malkajgiri,మేడ్చల్ మల్కాజిగిరి,0.0,4517,Balanagar,బాలానగర్,4517.0,2024-10-07
12,Arunachal Pradesh,ARUNACHAL PRADESH,12.0,242,West Kameng,WEST KAMENG,246.0,6564,Balemu Circle,Balemu Circle,0.0,2024-10-07
21,Odisha,ODISHA,21.0,346,Baleshwar,BALESHWAR,377.0,2897,Baleshwar Sadar,,2897.0,2024-10-07
8,Rajasthan,RAJASTHAN,8.0,771,Gangapurcity,गंगापुरसिटी,,7360,Balghat,बालघाट,0.0,2024-10-07
21,Odisha,ODISHA,21.0,346,Baleshwar,BALESHWAR,377.0,2893,Baliapal,,2893.0,2024-10-07
6,Haryana,HARYANA,6.0,60,Faridabad,FARIDABAD,88.0,426,Ballabgarh,,426.0,2024-10-07
10,Bihar,BIHAR,10.0,201,Katihar,कटिहार,212.0,1146,Balrampur,बलरामपुर,1146.0,2024-10-07
8,Rajasthan,RAJASTHAN,8.0,771,Gangapurcity,गंगापुरसिटी,,527,Bamanwas,,527.0,2024-10-07
21,Odisha,ODISHA,21.0,357,Jharsuguda,JHARSUGUDA,371.0,2773,Banaharapali,,2773.0,2024-10-07
19,West Bengal,WEST BENGAL,19.0,314,Jalpaiguri,JALPAIGURI,328.0,7118,Banarhat,BANARHAT,0.0,2024-10-07
23,Madhya Pradesh,MADHYA PRADESH,23.0,436,Umaria,उमरिया,431.0,3482,Bandhavgarh,बांधवगढ़,3482.0,2024-10-07
1,Jammu And Kashmir,JAMMU AND KASHMIR,1.0,623,Bandipora,BANDIPORA,9.0,41,Bandipora,,41.0,2024-10-07
21,Odisha,ODISHA,21.0,373,Sundargarh,SUNDARGARH,374.0,2830,Banei,,2830.0,2024-10-07
5,Uttarakhand,UTTARAKHAND,5.0,53,Pithoragarh,PITHORAGARH,62.0,6356,Bangapani,,0.0,2024-10-07
10,Bihar,BIHAR,10.0,218,Saran,सारण,219.0,1252,Baniapur,बनियापुर,1252.0,2024-10-07
10,Bihar,BIHAR,10.0,213,Purbi Champaran,पूर्वी चंपारण,204.0,1035,Banjaria,बंजरिया,1035.0,2024-10-07
10,Bihar,BIHAR,10.0,196,Gaya,गया,236.0,1500,Banke Bazar,बांकेबाजार,1500.0,2024-10-07
24,Gujarat,GUJARAT,24.0,453,Navsari,NAVSARI,490.0,3926,Bansda,,3926.0,2024-10-07
20,Jharkhand,झारखंड,20.0,342,Simdega,सिमडेगा,367.0,2726,Bansjor,,2726.0,2024-10-07
36,Telangana,తెలంగాణ,0.0,685,Kamareddy,కామారెడ్డి,0.0,4383,Banswada,బాన్స్ వాడ,4383.0,2024-10-07
28,Andhra Pradesh,ANDHRA PRADESH,28.0,510,Krishna,KRISHNA,547.0,5019,Bantumilli,,5019.0,2024-10-07
8,Rajasthan,RAJASTHAN,8.0,772,Phalodi,फलाैदी,,6048,Bap,Bap,0.0,2024-10-07
10,Bihar,BIHAR,10.0,190,Banka,बांका,225.0,1349,Barahat,बाराहट,1349.0,2024-10-07
23,Madhya Pradesh,MADHYA PRADESH,23.0,421,Raisen,रायसेन,446.0,3594,Baraily,बरेली,3594.0,2024-10-07
27,Maharashtra,महाराष्ट्र,27.0,490,Pune,पुणे,521.0,4199,Baramati,बारामती,4199.0,2024-10-07
19,West Bengal,WEST BENGAL,19.0,303,North 24 Parganas,NORTH TWENTY FOUR PARGANAS,337.0,2326,Barasat - II,,2326.0,2024-10-07
10,Bihar,BIHAR,10.0,197,Gopalganj,गोपालगंज,217.0,1226,Barauli,बरौली,1226.0,2024-10-07
21,Odisha,ODISHA,21.0,361,Kendujhar,KENDUJHAR,375.0,2834,Barbil,,2834.0,2024-10-07
30,Goa,GOA,30.0,551,North Goa,NORTH GOA,585.0,5610,Bardez,,5610.0,2024-10-07
20,Jharkhand,झारखंड,20.0,340,Sahebganj,साहेबगंज,352.0,2567,Barhait,,2567.0,2024-10-07
21,Odisha,ODISHA,21.0,361,Kendujhar,KENDUJHAR,375.0,2841,Baria,,2841.0,2024-10-07
21,Odisha,ODISHA,21.0,365,Mayurbhanj,MAYURBHANJ,376.0,2888,Baripada (M),,2888.0,2024-10-07
21,Odisha,ODISHA,21.0,365,Mayurbhanj,MAYURBHANJ,376.0,2872,Baripada Sadar,,2872.0,2024-10-07
20,Jharkhand,झारखंड,20.0,332,Hazaribagh,हज़ारीबाग,360.0,2650,Barkatha,,2650.0,2024-10-07
8,Rajasthan,RAJASTHAN,8.0,771,Gangapurcity,गंगापुरसिटी,,7224,Barnala,बरनाला,0.0,2024-10-07
2,Himachal Pradesh,HIMACHAL PRADESH,2.0,18,Kangra,KANGRA,24.0,102,Baroh,,102.0,2024-10-07
10,Bihar,BIHAR,10.0,189,Aurangabad,औरंगाबाद,235.0,1482,Barun,बारुन,1482.0,2024-10-07
6,Haryana,HARYANA,6.0,70,Panchkula,PANCHKULA,69.0,6460,Barwala St,बरवाला,0.0,2024-10-07
19,West Bengal,WEST BENGAL,19.0,303,North 24 Parganas,NORTH TWENTY FOUR PARGANAS,337.0,2329,Basirhat - I,,2329.0,2024-10-07
10,Bihar,BIHAR,10.0,206,Madhubani,मधुबनी,207.0,1082,Basopatti,बसोंपट्टी,1082.0,2024-10-07
8,Rajasthan,RAJASTHAN,8.0,95,Chittorgarh,CHITTORGARH,126.0,7133,Bassi,बस्सी,0.0,2024-10-07
22,Chhattisgarh,छत्तीसगढ़,22.0,374,Bastar,बस्तर,414.0,3363,Bastar,,3363.0,2024-10-07
21,Odisha,ODISHA,21.0,348,Bhadrak,BHADRAK,378.0,2915,Basudebpur,,2915.0,2024-10-07
17,Meghalaya,MEGHALAYA,17.0,278,West Garo Hills,WEST GARO HILLS,293.0,7339,Batabari,,0.0,2024-10-07
3,Punjab,PUNJAB,3.0,28,Bathinda,BATHINDA,46.0,245,Bathinda,ਬਠਿੰਡਾ,245.0,2024-10-07
21,Odisha,ODISHA,21.0,349,Boudh,BOUDH,391.0,3129,Baunsuni,,3129.0,2024-10-07
8,Rajasthan,RAJASTHAN,8.0,91,Bharatpur,BHARATPUR,105.0,513,Bayana,,513.0,2024-10-07
27,Maharashtra,महाराष्ट्र,27.0,470,Beed,बीड,523.0,4221,Beed,बीड,4221.0,2024-10-07
28,Andhra Pradesh,ANDHRA PRADESH,28.0,753,Annamayya,Annamayya,0.0,5391,Beerongi Kothakota,బీరంగి కొత్తకోట,5391.0,2024-10-07
21,Odisha,ODISHA,21.0,362,Khordha,KHORDHA,386.0,3035,Begunia,,3035.0,2024-10-07
9,Uttar Pradesh,UTTAR PRADESH,9.0,177,Saharanpur,SAHARANPUR,132.0,701,Behat,,701.0,2024-10-07
10,Bihar,BIHAR,10.0,193,Bhojpur,भोजपुर,231.0,1427,Behea,बिहिया,1427.0,2024-10-07
36,Telangana,తెలంగాణ,0.0,692,Siddipet,సిద్దిపేట,0.0,4437,Bejjanki,బెజ్జంకి,4437.0,2024-10-07
8,Rajasthan,RAJASTHAN,8.0,97,Dausa,DAUSA,109.0,7135,Bejupada,बैजूपाडा,0.0,2024-10-07
10,Bihar,BIHAR,10.0,196,Gaya,गया,236.0,1489,Belaganj,बेलागन्ज,1489.0,2024-10-07
10,Bihar,BIHAR,10.0,212,Patna,पटना,230.0,1416,Belchhi,बेलछी,1416.0,2024-10-07
10,Bihar,BIHAR,10.0,202,Khagaria,खगड़िया,223.0,1326,Beldaur,बेलदौर,1326.0,2024-10-07
36,Telangana,తెలంగాణ,0.0,684,Mancherial,మంచిర్యాల్,0.0,4350,Bellampally,బెల్లంపల్లి,4350.0,2024-10-07
29,Karnataka,ಕರ್ನಾಟಕ,29.0,525,Bengaluru Urban,ಬೆಂಗಳೂರು,572.0,5542,Bengaluru North,ಬೆಂಗಳೂರು ಉತ್ತರ,5542.0,2024-10-07
29,Karnataka,ಕರ್ನಾಟಕ,29.0,525,Bengaluru Urban,ಬೆಂಗಳೂರು,572.0,5543,Bengaluru South,ಬೆಂಗಳೂರು ದಕ್ಷಿಣ,5543.0,2024-10-07
18,Assam,ASSAM,18.0,612,Chirang,,320.0,2113,Bengtol,,2113.0,2024-10-07
10,Bihar,BIHAR,10.0,206,Madhubani,मधुबनी,207.0,1091,Benipatti,बेनीपट्टी,1091.0,2024-10-07
10,Bihar,BIHAR,10.0,195,Darbhanga,दरभंगा,215.0,1188,Benipur,बेनीपुर,1188.0,2024-10-07
23,Madhya Pradesh,MADHYA PRADESH,23.0,429,Shahdol,शहडोल,460.0,3689,Beohari,ब्यौहरी,3689.0,2024-10-07
6,Haryana,HARYANA,6.0,64,Jhajjar,JHAJJAR,83.0,407,Beri,,407.0,2024-10-07
1,Jammu And Kashmir,JAMMU AND KASHMIR,1.0,12,Rajouri,RAJOURI,6.0,6776,Beri Pattan,Beri Pattan,0.0,2024-10-07
5,Uttarakhand,UTTARAKHAND,5.0,51,Nainital,NAINITAL,66.0,339,Betalghat,,339.0,2024-10-07
21,Odisha,ODISHA,21.0,365,Mayurbhanj,MAYURBHANJ,376.0,2881,Betanati,,2881.0,2024-10-07
23,Madhya Pradesh,MADHYA PRADESH,23.0,394,Betul,बैतूल,447.0,3600,Betul,बैतूल,3600.0,2024-10-07
10,Bihar,BIHAR,10.0,200,Kaimur (Bhabua),कैमूर ( भभुआ ),233.0,1453,Bhabua,भभुआ,1453.0,2024-10-07
24,Gujarat,GUJARAT,24.0,449,Kachchh,KACHCHH,468.0,3724,Bhachau,,3724.0,2024-10-07
9,Uttar Pradesh,UTTAR PRADESH,9.0,179,Bhadohi,BHADOHI,198.0,997,Bhadohi,,997.0,2024-10-07
21,Odisha,ODISHA,21.0,348,Bhadrak,BHADRAK,378.0,2914,Bhadrak Rural,,2914.0,2024-10-07
19,West Bengal,WEST BENGAL,19.0,319,Murshidabad,MURSHIDABAD,333.0,2231,Bhagawangola - I,,2231.0,2024-10-07
23,Madhya Pradesh,MADHYA PRADESH,23.0,394,Betul,बैतूल,447.0,3598,Bhainsdehi,भैंसदेही,3598.0,2024-10-07
22,Chhattisgarh,छत्तीसगढ़,22.0,648,Surajpur,सूरजपुर,0.0,3244,Bhaiyathan,भैयाथान,3244.0,2024-10-07
1,Jammu And Kashmir,JAMMU AND KASHMIR,1.0,4,Doda,DODA,16.0,6755,Bhalla,Bhalla,0.0,2024-10-07
28,Andhra Pradesh,ANDHRA PRADESH,28.0,743,Parvathipuram Manyam,Parvathipuram Manyam,0.0,4771,Bhamini,,4771.0,2024-10-07
27,Maharashtra,महाराष्ट्र,27.0,471,Bhandara,भंडारा,506.0,4039,Bhandara,भंडारा,4039.0,2024-10-07
13,Nagaland,NAGALAND,13.0,250,Wokha,WOKHA,264.0,1782,Bhandari,,1782.0,2024-10-07
23,Madhya Pradesh,MADHYA PRADESH,23.0,416,Mandsaur,मन्दसौर,433.0,3492,Bhanpura,भानपुरा,3492.0,2024-10-07
22,Chhattisgarh,छत्तीसगढ़,22.0,374,Bastar,बस्तर,414.0,7312,Bhanpuri,भानपुरी,0.0,2024-10-07
2,Himachal Pradesh,HIMACHAL PRADESH,2.0,15,Bilaspur,BILASPUR,30.0,153,Bharari,,153.0,2024-10-07
22,Chhattisgarh,छत्तीसगढ़,22.0,760,Manendragarh-Chirmiri-Bharatpur(M C B),मनेन्द्रगढ़-चिरमिरी-भरतपुर(ऍम.सी.बी.),0.0,3231,Bharatpur,,3231.0,2024-10-07
8,Rajasthan,RAJASTHAN,8.0,91,Bharatpur,BHARATPUR,105.0,511,Bharatpur,,511.0,2024-10-07
19,West Bengal,WEST BENGAL,19.0,319,Murshidabad,MURSHIDABAD,333.0,2247,Bharatpur - I,,2247.0,2024-10-07
9,Uttar Pradesh,UTTAR PRADESH,9.0,139,Etawah,ETAWAH,161.0,839,Bharthana,,839.0,2024-10-07
21,Odisha,ODISHA,21.0,373,Sundargarh,SUNDARGARH,374.0,2806,Bhasma,,2806.0,2024-10-07
22,Chhattisgarh,छत्तीसगढ़,22.0,644,Balodabazar-Bhatapara,बलौदाबाजार-भाटापारा,0.0,3325,Bhatapara,,3325.0,2024-10-07
22,Chhattisgarh,छत्तीसगढ़,22.0,648,Surajpur,सूरजपुर,0.0,7310,Bhatgaon,भटगाँव,0.0,2024-10-07
5,Uttarakhand,UTTARAKHAND,5.0,57,Uttar Kashi,UTTAR KASHI,56.0,283,Bhatwari,,283.0,2024-10-07
33,Tamil Nadu,TAMIL NADU,33.0,573,Erode,ERODE,610.0,5750,Bhavani,,5750.0,2024-10-07
2,Himachal Pradesh,HIMACHAL PRADESH,2.0,18,Kangra,KANGRA,24.0,6939,Bhawarna,,0.0,2024-10-07
24,Gujarat,GUJARAT,24.0,448,Junagadh,JUNAGADH,479.0,3828,Bhesan,,3828.0,2024-10-07
22,Chhattisgarh,छत्तीसगढ़,22.0,378,Durg,दुर्ग,409.0,7329,Bhilai-3,भिलाई-3,0.0,2024-10-07
28,Andhra Pradesh,ANDHRA PRADESH,28.0,523,West Godavari,పశ్చిమగోదావరి,546.0,4984,Bhimavaram,,4984.0,2024-10-07
23,Madhya Pradesh,MADHYA PRADESH,23.0,395,Bhind,भिण्ड,420.0,6994,Bhind Nagar,भिण्‍ड शहरी,0.0,2024-10-07
6,Haryana,HARYANA,6.0,59,Bhiwani,BHIWANI,81.0,398,Bhiwani,,398.0,2024-10-07
36,Telangana,తెలంగాణ,0.0,697,Yadadri Bhuvanagiri,యదాద్రి భువనగిరి,0.0,4628,Bhongir,భూవనగిరి,4628.0,2024-10-07
8,Rajasthan,RAJASTHAN,8.0,95,Chittorgarh,CHITTORGARH,126.0,6057,Bhopalsagar,,0.0,2024-10-07
10,Bihar,BIHAR,10.0,197,Gopalganj,गोपालगंज,217.0,1217,Bhorey,भोरे,1217.0,2024-10-07
21,Odisha,ODISHA,21.0,362,Khordha,KHORDHA,386.0,3055,Bhubaneswar (M.Corp.),,3055.0,2024-10-07
2,Himachal Pradesh,HIMACHAL PRADESH,2.0,20,Kullu,KULLU,26.0,6887,Bhuntar,,0.0,2024-10-07
10,Bihar,BIHAR,10.0,217,Samastipur,समस्तीपुर,221.0,1299,Bibhutpur,बिभुतिपुर,1299.0,2024-10-07
36,Telangana,తెలంగాణ,0.0,685,Kamareddy,కామారెడ్డి,0.0,6242,Bibipet,బీబీపేట్,0.0,2024-10-07
22,Chhattisgarh,छत्तीसगढ़,22.0,636,Bijapur,बीजापुर,417.0,3378,Bijapur,,3378.0,2024-10-07
21,Odisha,ODISHA,21.0,344,Anugul,ANUGUL,384.0,3008,Bikrampur,,3008.0,2024-10-07
23,Madhya Pradesh,MADHYA PRADESH,23.0,436,Umaria,उमरिया,431.0,6974,Bilaspur,बिलासपुर,0.0,2024-10-07
22,Chhattisgarh,छत्तीसगढ़,22.0,375,Bilaspur,बिलासपुर,406.0,3295,Bilaspur,,3295.0,2024-10-07
23,Madhya Pradesh,MADHYA PRADESH,23.0,425,Sagar,सागर,427.0,3443,Bina,बीना,3443.0,2024-10-07
10,Bihar,BIHAR,10.0,209,Nalanda,नालंदा,229.0,1383,Bind,बिन्द,1383.0,2024-10-07
9,Uttar Pradesh,UTTAR PRADESH,9.0,142,Fatehpur,FATEHPUR,172.0,877,Bindki,,877.0,2024-10-07
19,West Bengal,WEST BENGAL,19.0,703,Jhargram,Jhargram,0.0,2442,Binpur - I,,2442.0,2024-10-07
21,Odisha,ODISHA,21.0,373,Sundargarh,SUNDARGARH,374.0,2816,Biramitrapur,,2816.0,2024-10-07
21,Odisha,ODISHA,21.0,355,Jagatsinghapur,JAGATSINGHAPUR,380.0,2941,Biridi,,2941.0,2024-10-07
23,Madhya Pradesh,MADHYA PRADESH,23.0,392,Balaghat,बालाघाट,457.0,7033,Birsa,बिरसा,0.0,2024-10-07
20,Jharkhand,झारखंड,20.0,338,Palamu,पलामू,358.0,2624,Bishrampur,,2624.0,2024-10-07
20,Jharkhand,झारखंड,20.0,328,Garhwa,गढ़वा,346.0,2502,Bishunpura,बिशुनपुरा,2502.0,2024-10-07
8,Rajasthan,RAJASTHAN,8.0,106,Jhunjhunu,JHUNJHUNU,103.0,7218,Bissau,बिसाऊ,0.0,2024-10-07
31,Lakshadweep,LAKSHADWEEP,31.0,553,Lakshadweep District,LAKSHADWEEP DISTRICT,587.0,5621,Bitra,,5621.0,2024-10-07
36,Telangana,తెలంగాణ,0.0,501,Adilabad,ఆదిలాబాద్,532.0,4324,Boath,బోథ్,4324.0,2024-10-07
10,Bihar,BIHAR,10.0,196,Gaya,गया,236.0,1505,Bodh Gaya,बोधगया,1505.0,2024-10-07
28,Andhra Pradesh,ANDHRA PRADESH,28.0,515,Sri Potti Sriramulu Nellore,శ్రీ పొట్టి శ్రీరాములు నెల్లూరు,550.0,5159,Bogole,,5159.0,2024-10-07
12,Arunachal Pradesh,ARUNACHAL PRADESH,12.0,679,Siang,,0.0,1643,Boleng Adc,,1643.0,2024-10-07
12,Arunachal Pradesh,ARUNACHAL PRADESH,12.0,242,West Kameng,WEST KAMENG,246.0,6568,Bomdila Hq,Bomdila HQ,0.0,2024-10-07
21,Odisha,ODISHA,21.0,373,Sundargarh,SUNDARGARH,374.0,2819,Bondamunda,,2819.0,2024-10-07
18,Assam,ASSAM,18.0,281,Bongaigaon,BONGAIGAON,319.0,2110,Bongaigaon (Pt),,2110.0,2024-10-07
12,Arunachal Pradesh,ARUNACHAL PRADESH,12.0,229,Changlang,CHANGLANG,253.0,1683,Bordumsa Adc,Bordumsa ADC,1683.0,2024-10-07
21,Odisha,ODISHA,21.0,363,Koraput,KORAPUT,398.0,3200,Boriguma,,3200.0,2024-10-07
14,Manipur,MANIPUR,14.0,713,Jiribam,,0.0,6490,Borobekra,,0.0,2024-10-07
24,Gujarat,GUJARAT,24.0,676,Botad,BOTAD,0.0,3850,Botad,,3850.0,2024-10-07
21,Odisha,ODISHA,21.0,373,Sundargarh,SUNDARGARH,374.0,2820,Brahmani Tarang,,2820.0,2024-10-07
21,Odisha,ODISHA,21.0,354,Ganjam,GANJAM,388.0,3099,Brahmapur (M.Corp.),,3099.0,2024-10-07
21,Odisha,ODISHA,21.0,357,Jharsuguda,JHARSUGUDA,371.0,2775,Brajarajnagar,,2775.0,2024-10-07
23,Madhya Pradesh,MADHYA PRADESH,23.0,427,Sehore,सीहोर,445.0,3588,Budni,बुदनी,3588.0,2024-10-07
8,Rajasthan,RAJASTHAN,8.0,94,Bundi,BUNDI,121.0,626,Bundi,,626.0,2024-10-07
15,Mizoram,MIZORAM,15.0,265,Lunglei,LUNGLEI,286.0,1912,Bunghmun,Bunghmun,1912.0,2024-10-07
15,Mizoram,MIZORAM,15.0,264,Lawngtlai,LAWNGTLAI,287.0,1918,Bungtlang S,Bungtlang S,1918.0,2024-10-07
23,Madhya Pradesh,MADHYA PRADESH,23.0,397,Burhanpur,बुरहानपुर,467.0,6972,Burhanpur Nagar,बुरहानपुर नगर,0.0,2024-10-07
19,West Bengal,WEST BENGAL,19.0,319,Murshidabad,MURSHIDABAD,333.0,2248,Burwan,,2248.0,2024-10-07
35,Andaman And Nicobar Islands,ANDAMAN AND NICOBAR ISLANDS,35.0,603,Nicobars,NICOBARS,638.0,5916,Car Nicobar,,5916.0,2024-10-07
29,Karnataka,ಕರ್ನಾಟಕ,29.0,530,Vijayapura,ವಿಜಯಾಪುರ,557.0,7070,Chadachan,,0.0,2024-10-07
28,Andhra Pradesh,ANDHRA PRADESH,28.0,505,East Godavari,EAST GODAVARI,545.0,4959,Chagallu,,4959.0,2024-10-07
9,Uttar Pradesh,UTTAR PRADESH,9.0,158,Kaushambi,KAUSHAMBI,174.0,887,Chail,,887.0,2024-10-07
21,Odisha,ODISHA,21.0,359,Kandhamal,KANDHAMAL,390.0,3116,Chakapada,,3116.0,2024-10-07
9,Uttar Pradesh,UTTAR PRADESH,9.0,135,Chandauli,CHANDAULI,196.0,994,Chakia,,994.0,2024-10-07
10,Bihar,BIHAR,10.0,213,Purbi Champaran,पूर्वी चंपारण,204.0,1051,Chakia(Pipra),चकिया,1051.0,2024-10-07
8,Rajasthan,RAJASTHAN,8.0,783,Jaipur (Gramin),जयपुर (ग्रामीण),,550,Chaksu,,550.0,2024-10-07
27,Maharashtra,महाराष्ट्र,27.0,481,Latur,लातूर,524.0,4230,Chakur,चाकूर,4230.0,2024-10-07
32,Kerala,KERALA,32.0,566,Thrissur,തൃശ്ശൂര്‍,594.0,5939,Chalakkudy,ചാലക്കുടി,0.0,2024-10-07
14,Manipur,MANIPUR,14.0,712,Kangpokpi,,0.0,6489,Champhai,,0.0,2024-10-07
19,West Bengal,WEST BENGAL,19.0,316,Malda,MALDA,332.0,2210,Chanchal - I,,2210.0,2024-10-07
21,Odisha,ODISHA,21.0,369,Puri,PURI,387.0,3065,Chandanpur,,3065.0,2024-10-07
10,Bihar,BIHAR,10.0,209,Nalanda,नालंदा,229.0,1381,Chandi,चण्डी,1381.0,2024-10-07
20,Jharkhand,झारखंड,20.0,341,Saraikela Kharsawan,सरायकेला खरसावां,369.0,2748,Chandil,,2748.0,2024-10-07
19,West Bengal,WEST BENGAL,19.0,312,Hooghly,HOOGHLY,338.0,2351,Chanditala - I,,2351.0,2024-10-07
19,West Bengal,WEST BENGAL,19.0,312,Hooghly,HOOGHLY,338.0,2352,Chanditala - II,,2352.0,2024-10-07
22,Chhattisgarh,छत्तीसगढ़,22.0,649,Balrampur-Ramanujganj,बलरामपुर-रामानुजगंज,0.0,7254,Chando,CHANDO,0.0,2024-10-07
9,Uttar Pradesh,UTTAR PRADESH,9.0,132,Bijnor,BIJNOR,134.0,716,Chandpur,,716.0,2024-10-07
27,Maharashtra,महाराष्ट्र,27.0,468,Amravati,अमरावती,503.0,4013,Chandur Railway,चांदूर रेल्वे,4013.0,2024-10-07
20,Jharkhand,झारखंड,20.0,335,Latehar,लातेहार,359.0,2643,Chandwa,चंदवा,2643.0,2024-10-07
20,Jharkhand,झारखंड,20.0,334,Koderma,कोडरमा,348.0,2530,Chandwara,चंदवारा,2530.0,2024-10-07
20,Jharkhand,झारखंड,20.0,339,Ranchi,रांची,364.0,2694,Chanho,,2694.0,2024-10-07
29,Karnataka,ಕರ್ನಾಟಕ,29.0,535,Davangere,ದಾವಣಗೆರೆ,567.0,5514,Channagiri,ಚನ್ನಗಿರಿ,5514.0,2024-10-07
29,Karnataka,ಕರ್ನಾಟಕ,29.0,539,Hassan,ಹಾಸನ,574.0,5560,Channarayapatna,ಚನ್ನರಾಯಪಟ್ಟಣ,5560.0,2024-10-07
28,Andhra Pradesh,ANDHRA PRADESH,28.0,504,Y.S.R.,,551.0,5213,Chapad,,5213.0,2024-10-07
10,Bihar,BIHAR,10.0,218,Saran,सारण,219.0,1258,Chapra,,1258.0,2024-10-07
21,Odisha,ODISHA,21.0,371,Sambalpur,SAMBALPUR,372.0,2796,Charamal,,2796.0,2024-10-07
10,Bihar,BIHAR,10.0,193,Bhojpur,भोजपुर,231.0,1430,Charpokhari,चरपोखरी,1430.0,2024-10-07
20,Jharkhand,झारखंड,20.0,322,Bokaro,बोकारो,355.0,2595,Chas,,2595.0,2024-10-07
2,Himachal Pradesh,HIMACHAL PRADESH,2.0,23,Shimla,SHIMLA,33.0,185,Chaupal,,185.0,2024-10-07
8,Rajasthan,RAJASTHAN,8.0,109,Kota,KOTA,127.0,7375,Chechat,चेचट,0.0,2024-10-07
13,Nagaland,NAGALAND,13.0,247,Mon,MON,261.0,1753,Chen,,1753.0,2024-10-07
32,Kerala,KERALA,32.0,554,Alappuzha,ആലപ്പുഴ,598.0,5677,Chengannur,ചെങ്ങന്നൂര്‍,5677.0,2024-10-07
28,Andhra Pradesh,ANDHRA PRADESH,28.0,754,Sri Sathya Sai,Sri Sathya Sai,0.0,5347,Chennekothapalli,చెన్నేకొత్తపల్లి,5347.0,2024-10-07
36,Telangana,తెలంగాణ,0.0,692,Siddipet,సిద్దిపేట,0.0,4672,Cherial,చేర్యాల,4672.0,2024-10-07
36,Telangana,తెలంగాణ,0.0,518,Ranga Reddy,రంగా రెడ్డి,537.0,4529,Chevella,చేవెళ్ళ,4529.0,2024-10-07
33,Tamil Nadu,TAMIL NADU,33.0,730,Chengalpattu,செங்கல்பட்டு,0.0,5711,Cheyyur,,5711.0,2024-10-07
23,Madhya Pradesh,MADHYA PRADESH,23.0,428,Seoni,सिवनी,456.0,3660,Chhapara,छपारा,3660.0,2024-10-07
23,Madhya Pradesh,MADHYA PRADESH,23.0,398,Chhatarpur,छ्तरपुर,425.0,3429,Chhatarpur,छतरपुर,3429.0,2024-10-07
23,Madhya Pradesh,MADHYA PRADESH,23.0,398,Chhatarpur,छ्तरपुर,425.0,7006,Chhatarpur Nagar,छतरपुर नगर,0.0,2024-10-07
19,West Bengal,WEST BENGAL,19.0,305,Bankura,BANKURA,339.0,2359,Chhatna,,2359.0,2024-10-07
21,Odisha,ODISHA,21.0,354,Ganjam,GANJAM,388.0,3085,Chhatrapur,,3085.0,2024-10-07
22,Chhattisgarh,छत्तीसगढ़,22.0,642,Sukma,सुकमा,0.0,3374,Chhindgarh,,3374.0,2024-10-07
23,Madhya Pradesh,MADHYA PRADESH,23.0,399,Chhindwara,छिन्दवाड़ा,455.0,7020,Chhindwara Nagar,छिंदवाडा नगर,0.0,2024-10-07
8,Rajasthan,RAJASTHAN,8.0,99,Dungarpur,DUNGARPUR,124.0,6059,Chikhali,Chikhali,0.0,2024-10-07
1,Jammu And Kashmir,JAMMU AND KASHMIR,1.0,4,Doda,DODA,16.0,6754,Chilly Pingal,Chilly Pingal,0.0,2024-10-07
36,Telangana,తెలంగాణ,0.0,689,Jangoan,జనగాం,0.0,6259,Chilpur,చిల్పూర్,0.0,2024-10-07
28,Andhra Pradesh,ANDHRA PRADESH,28.0,750,Bapatla,Bapatla,0.0,5125,Chinaganjam,,5125.0,2024-10-07
13,Nagaland,NAGALAND,13.0,249,Tuensang,TUENSANG,267.0,1822,Chingmei,,1822.0,2024-10-07
28,Andhra Pradesh,ANDHRA PRADESH,28.0,752,Tirupati,Tirupati,0.0,5385,Chinnagottigallu,,5385.0,2024-10-07
36,Telangana,తెలంగాణ,0.0,692,Siddipet,సిద్దిపేట,0.0,4460,Chinnakodur,చిన్నకోడూర్,4460.0,2024-10-07
36,Telangana,తెలంగాణ,0.0,693,Wanaparthy,వనపర్తి,0.0,6287,Chinnambavi,చిన్నంబావి,0.0,2024-10-07
36,Telangana,తెలంగాణ,0.0,699,Kumuram Bheem Asifabad,కుమురం భీమ్ ఆసిఫాబాద్,0.0,6314,Chintalamanepally,చింతాల మానెపల్లి,0.0,2024-10-07
36,Telangana,తెలంగాణ,0.0,509,Khammam,ఖమ్మం,541.0,4760,Chinthakani,చింతకాని,4760.0,2024-10-07
28,Andhra Pradesh,ANDHRA PRADESH,28.0,504,Y.S.R.,,551.0,5231,Chinthakommadinne,,5231.0,2024-10-07
8,Rajasthan,RAJASTHAN,8.0,106,Jhunjhunu,JHUNJHUNU,103.0,488,Chirawa,,488.0,2024-10-07
8,Rajasthan,RAJASTHAN,8.0,779,Sanchore,सांचौर,,6046,Chitalwana,,0.0,2024-10-07
20,Jharkhand,झारखंड,20.0,607,Ramgarh,रामगढ़,361.0,2664,Chitarpur,,2664.0,2024-10-07
1,Jammu And Kashmir,JAMMU AND KASHMIR,1.0,625,Shopian,SHOPIAN,13.0,6799,Chitragam,Chitragam,0.0,2024-10-07
23,Madhya Pradesh,MADHYA PRADESH,23.0,638,Singrauli,सिंगरौली,463.0,3703,Chitrangi,चित्रांगी,3703.0,2024-10-07
32,Kerala,KERALA,32.0,563,Palakkad,പാലക്കാട്,593.0,5650,Chittur,ചിറ്റൂര്‍,5650.0,2024-10-07
12,Arunachal Pradesh,ARUNACHAL PRADESH,12.0,678,Namsai,,0.0,1731,Chongkham Eac,Chongkham EAC,1731.0,2024-10-07
24,Gujarat,GUJARAT,24.0,459,Surat,SURAT,492.0,3938,Chorasi,,3938.0,2024-10-07
21,Odisha,ODISHA,21.0,350,Cuttack,CUTTACK,381.0,2954,Choudwar,,2954.0,2024-10-07
13,Nagaland,NAGALAND,13.0,757,Tseminyu,Tseminyu,0.0,5987,Chunlikha,,0.0,2024-10-07
23,Madhya Pradesh,MADHYA PRADESH,23.0,433,Sidhi,सीधी,462.0,3698,Churhat,चुरहट,3698.0,2024-10-07
33,Tamil Nadu,TAMIL NADU,33.0,569,Coimbatore,COIMBATORE,632.0,5897,Coimbatore North,,5897.0,2024-10-07
33,Tamil Nadu,TAMIL NADU,33.0,569,Coimbatore,COIMBATORE,632.0,5898,Coimbatore South,,5898.0,2024-10-07
21,Odisha,ODISHA,21.0,344,Anugul,ANUGUL,384.0,3007,Colliery,,3007.0,2024-10-07
19,West Bengal,WEST BENGAL,19.0,308,Cooch Behar,COOCH BEHAR,329.0,2184,Cooch Behar - II,,2184.0,2024-10-07
33,Tamil Nadu,TAMIL NADU,33.0,570,Cuddalore,CUDDALORE,617.0,5789,Cuddalore,,5789.0,2024-10-07
22,Chhattisgarh,छत्तीसगढ़,22.0,762,Sakti,सक्ती,0.0,3284,Dabhra,,3284.0,2024-10-07
23,Madhya Pradesh,MADHYA PRADESH,23.0,407,Gwalior,ग्वालियर,421.0,3400,Dabra,डबरा,3400.0,2024-10-07
6,Haryana,HARYANA,6.0,74,Sirsa,SIRSA,79.0,389,Dabwali,,389.0,2024-10-07
2,Himachal Pradesh,HIMACHAL PRADESH,2.0,18,Kangra,KANGRA,24.0,6918,Dadasiba,,0.0,2024-10-07
6,Haryana,HARYANA,6.0,701,Charki Dadri,CHARKI DADRI,0.0,402,Dadri,,402.0,2024-10-07
28,Andhra Pradesh,ANDHRA PRADESH,28.0,515,Sri Potti Sriramulu Nellore,శ్రీ పొట్టి శ్రీరాములు నెల్లూరు,550.0,5166,Dagadarthi,,5166.0,2024-10-07
38,The Dadra And Nagar Haveli And Daman And Diu,THE DADRA AND NAGAR HAVELI AND DAMAN AND DIU,,463,Daman,DAMAN,495.0,3948,Daman,,3948.0,2024-10-07
36,Telangana,తెలంగాణ,0.0,721,Narayanpet,నారాయణ్ పేట్,0.0,4553,Damargidda,దామర్ గిద్ద,4553.0,2024-10-07
12,Arunachal Pradesh,ARUNACHAL PRADESH,12.0,235,Lower Dibang Valley,LOWER DIBANG VALLEY,258.0,1725,Dambuk Adc,Dambuk,1725.0,2024-10-07
36,Telangana,తెలంగాణ,0.0,514,Nalgonda,నల్గొండ,539.0,4663,Dameracherla,దామెరచర్ల,4663.0,2024-10-07
23,Madhya Pradesh,MADHYA PRADESH,23.0,400,Damoh,दमोह,428.0,6999,Damyanti Nagar,दमयन्ती नगर,0.0,2024-10-07
18,Assam,ASSAM,18.0,281,Bongaigaon,BONGAIGAON,319.0,7110,Dangtal Revenue Circle,,0.0,2024-10-07
1,Jammu And Kashmir,JAMMU AND KASHMIR,1.0,5,Jammu,JAMMU,21.0,6712,Dansal,Dansal,0.0,2024-10-07
22,Chhattisgarh,छत्तीसगढ़,22.0,376,Dakshin Bastar Dantewada,दक्षिण बस्तर दंतेवाड़ा,416.0,3369,Dantewada,,3369.0,2024-10-07
12,Arunachal Pradesh,ARUNACHAL PRADESH,12.0,243,West Siang,WEST SIANG,250.0,1628,Darak Circle,Darak,1628.0,2024-10-07
22,Chhattisgarh,छत्तीसगढ़,22.0,374,Bastar,बस्तर,414.0,3366,Darbha,,3366.0,2024-10-07
2,Himachal Pradesh,HIMACHAL PRADESH,2.0,18,Kangra,KANGRA,24.0,6901,Dareeni,,0.0,2024-10-07
1,Jammu And Kashmir,JAMMU AND KASHMIR,1.0,12,Rajouri,RAJOURI,6.0,21,Darhal,,21.0,2024-10-07
10,Bihar,BIHAR,10.0,218,Saran,सारण,219.0,1264,Dariapur,दरियापुर,1264.0,2024-10-07
21,Odisha,ODISHA,21.0,359,Kandhamal,KANDHAMAL,390.0,3125,Daringbadi,,3125.0,2024-10-07
12,Arunachal Pradesh,ARUNACHAL PRADESH,12.0,724,Leparada,LEPARADA,0.0,1637,Daring Circle,,1637.0,2024-10-07
15,Mizoram,MIZORAM,15.0,261,Aizawl,AIZAWL,283.0,1902,Darlawn,,1902.0,2024-10-07
27,Maharashtra,महाराष्ट्र,27.0,468,Amravati,अमरावती,503.0,4011,Daryapur,दर्यापूर,4011.0,2024-10-07
19,West Bengal,WEST BENGAL,19.0,318,Paschim Medinipur,PASCHIM MEDINIPUR,344.0,2450,Daspur - II,,2450.0,2024-10-07
36,Telangana,తెలంగాణ,0.0,680,Nirmal,నిర్మల్,0.0,6207,Dasturabad,దస్తూరబాద్,0.0,2024-10-07
9,Uttar Pradesh,UTTAR PRADESH,9.0,133,Budaun,BUDAUN,149.0,783,Dataganj,,783.0,2024-10-07
23,Madhya Pradesh,MADHYA PRADESH,23.0,401,Datia,दतिया,422.0,3405,Datia,दतिया,3405.0,2024-10-07
28,Andhra Pradesh,ANDHRA PRADESH,28.0,521,Vizianagaram,VIZIANAGARAM,543.0,4823,Dattirajeru,,4823.0,2024-10-07
10,Bihar,BIHAR,10.0,189,Aurangabad,औरंगाबाद,235.0,1476,Daudnagar,दाऊदनगर,1476.0,2024-10-07
22,Chhattisgarh,छत्तीसगढ़,22.0,649,Balrampur-Ramanujganj,बलरामपुर-रामानुजगंज,0.0,7251,Daura-Kochali,दौरा-कोचली,0.0,2024-10-07
8,Rajasthan,RAJASTHAN,8.0,97,Dausa,DAUSA,109.0,536,Dausa,,536.0,2024-10-07
21,Odisha,ODISHA,21.0,351,Deogarh,DEOGARH,373.0,2800,Debagarh,,2800.0,2024-10-07
19,West Bengal,WEST BENGAL,19.0,318,Paschim Medinipur,PASCHIM MEDINIPUR,344.0,2462,Debra,,2462.0,2024-10-07
24,Gujarat,GUJARAT,24.0,452,Narmada,NARMADA,487.0,3911,Dediapada,,3911.0,2024-10-07
8,Rajasthan,RAJASTHAN,8.0,110,Nagaur,NAGAUR,112.0,563,Degana,,563.0,2024-10-07
2,Himachal Pradesh,HIMACHAL PRADESH,2.0,23,Shimla,SHIMLA,33.0,6958,Deha,,0.0,2024-10-07
10,Bihar,BIHAR,10.0,215,Rohtas,रोहतास,234.0,1473,Dehri,डिहरी,1473.0,2024-10-07
21,Odisha,ODISHA,21.0,369,Puri,PURI,387.0,3056,Delanga,,3056.0,2024-10-07
7,Delhi,DELHI,7.0,79,New Delhi,NEW DELHI,94.0,452,Delhi Cantonment,,452.0,2024-10-07
28,Andhra Pradesh,ANDHRA PRADESH,28.0,748,Eluru,Eluru,0.0,4967,Denduluru,,4967.0,2024-10-07
27,Maharashtra,महाराष्ट्र,27.0,472,Buldhana,बुलढाणा,500.0,3985,Deolgaon Raja,देउळगाव राजा,3985.0,2024-10-07
18,Assam,ASSAM,18.0,288,Golaghat,GOLAGHAT,313.0,2084,Dergaon,,2084.0,2024-10-07
27,Maharashtra,महाराष्ट्र,27.0,475,Gadchiroli,गडचिरोली,508.0,4052,Desaiganj (Vadasa),देसाईगंज (वडसा),4052.0,2024-10-07
10,Bihar,BIHAR,10.0,224,Vaishali,वैशाली,220.0,1281,Desri,देसरी,1281.0,2024-10-07
24,Gujarat,GUJARAT,24.0,438,Ahmedabad,AHMEDABAD,474.0,3778,Detroj-Rampura,,3778.0,2024-10-07
33,Tamil Nadu,TAMIL NADU,33.0,585,Sivaganga,SIVAGANGA,622.0,5831,Devakottai,,5831.0,2024-10-07
22,Chhattisgarh,छत्तीसगढ़,22.0,378,Durg,दुर्ग,409.0,3316,Dhamdha,,3316.0,2024-10-07
24,Gujarat,GUJARAT,24.0,441,Banas Kantha,BANAS KANTHA,469.0,3734,Dhanera,,3734.0,2024-10-07
19,West Bengal,WEST BENGAL,19.0,312,Hooghly,HOOGHLY,338.0,2343,Dhaniakhali,,2343.0,2024-10-07
22,Chhattisgarh,छत्तीसगढ़,22.0,643,Kondagaon,कोंडागांव,0.0,7320,Dhanora,धनोरा,0.0,2024-10-07
21,Odisha,ODISHA,21.0,354,Ganjam,GANJAM,388.0,3079,Dharakote,,3079.0,2024-10-07
3,Punjab,PUNJAB,3.0,38,Moga,MOGA,42.0,5996,Dharamkot,,0.0,2024-10-07
27,Maharashtra,महाराष्ट्र,27.0,478,Jalgaon,जळगाव,499.0,3968,Dharangaon,धरणगाव,3968.0,2024-10-07
24,Gujarat,GUJARAT,24.0,439,Amreli,AMRELI,480.0,3845,Dhari,,3845.0,2024-10-07
8,Rajasthan,RAJASTHAN,8.0,629,Pratapgarh,PRATAPGARH,131.0,696,Dhariawad,,696.0,2024-10-07
3,Punjab,PUNJAB,3.0,662,Pathankot,PATHANKOT,0.0,200,Dhar Kalan,,200.0,2024-10-07
27,Maharashtra,महाराष्ट्र,27.0,485,Nanded,नांदेड,511.0,4104,Dharmabad,धर्माबाद,4104.0,2024-10-07
27,Maharashtra,महाराष्ट्र,27.0,468,Amravati,अमरावती,503.0,4001,Dharni,धारणी,4001.0,2024-10-07
21,Odisha,ODISHA,21.0,373,Sundargarh,SUNDARGARH,374.0,2807,Dharuadihi,,2807.0,2024-10-07
6,Haryana,HARYANA,6.0,72,Rewari,REWARI,85.0,6463,Dharuhera St,धारूहेड़ा,0.0,2024-10-07
36,Telangana,తెలంగాణ,0.0,698,Vikarabad,వికారాబాద్,0.0,4531,Dharur,ధారూరు,4531.0,2024-10-07
27,Maharashtra,महाराष्ट्र,27.0,470,Beed,बीड,523.0,4223,Dharur,धारूर,4223.0,2024-10-07
18,Assam,ASSAM,18.0,284,Dhemaji,DHEMAJI,308.0,2055,Dhemaji,,2055.0,2024-10-07
21,Odisha,ODISHA,21.0,352,Dhenkanal,DHENKANAL,383.0,2999,Dhenkanal Sadar,,2999.0,2024-10-07
8,Rajasthan,RAJASTHAN,8.0,114,Sikar,SIKAR,111.0,6387,Dhod,धोद,0.0,2024-10-07
24,Gujarat,GUJARAT,24.0,438,Ahmedabad,AHMEDABAD,474.0,6167,Dholera,Dholera,0.0,2024-10-07
8,Rajasthan,RAJASTHAN,8.0,90,Barmer,BARMER,115.0,6050,Dhorimanna,,0.0,2024-10-07
1,Jammu And Kashmir,JAMMU AND KASHMIR,1.0,622,Kulgam,KULGAM,15.0,61,D H Pora,,61.0,2024-10-07
24,Gujarat,GUJARAT,24.0,460,Surendranagar,SURENDRANAGAR,475.0,3789,Dhrangadhra,,3789.0,2024-10-07
24,Gujarat,GUJARAT,24.0,447,Jamnagar,JAMNAGAR,477.0,3816,Dhrol,,3816.0,2024-10-07
23,Madhya Pradesh,MADHYA PRADESH,23.0,397,Burhanpur,बुरहानपुर,467.0,7402,Dhulcot,धूलकोट,0.0,2024-10-07
10,Bihar,BIHAR,10.0,190,Banka,बांका,225.0,1348,Dhuraiya,धोरैया,1348.0,2024-10-07
19,West Bengal,WEST BENGAL,19.0,304,South 24 Parganas,SOUTH 24 Parganas,343.0,2427,Diamond Harbour - II,,2427.0,2024-10-07
8,Rajasthan,RAJASTHAN,8.0,768,Didwana-Kuchaman,डीडवाना-कुचामन,,558,Didwana,,558.0,2024-10-07
21,Odisha,ODISHA,21.0,354,Ganjam,GANJAM,388.0,3096,Digapahandi,,3096.0,2024-10-07
38,The Dadra And Nagar Haveli And Daman And Diu,THE DADRA AND NAGAR HAVELI AND DAMAN AND DIU,,464,Diu,DIU,494.0,3947,Diu,,3947.0,2024-10-07
18,Assam,ASSAM,18.0,709,Hojai,,0.0,2039,Doboka,,2039.0,2024-10-07
29,Karnataka,ಕರ್ನಾಟಕ,29.0,526,Bengaluru Rural,ಬೆಂಗಳೂರು ಗ್ರಾಮಾಂತರ,583.0,5602,Dodda Ballapur,ದೊಡ್ಡಬಳ್ಳಾಪುರ,5602.0,2024-10-07
2,Himachal Pradesh,HIMACHAL PRADESH,2.0,23,Shimla,SHIMLA,33.0,193,Dodra Kwar,,193.0,2024-10-07
24,Gujarat,GUJARAT,24.0,641,Tapi,,493.0,6200,Dolvan,,0.0,2024-10-07
19,West Bengal,WEST BENGAL,19.0,319,Murshidabad,MURSHIDABAD,333.0,2235,Domkal,,2235.0,2024-10-07
22,Chhattisgarh,छत्तीसगढ़,22.0,388,Rajnandgaon,राजनंदगांव,408.0,3304,Dongargarh,,3304.0,2024-10-07
28,Andhra Pradesh,ANDHRA PRADESH,28.0,517,Prakasam,PRAKASAM,549.0,5100,Dornala,,5100.0,2024-10-07
1,Jammu And Kashmir,JAMMU AND KASHMIR,1.0,8,Kupwara,KUPWARA,1.0,6786,Drugmulla,Drugmulla,0.0,2024-10-07
19,West Bengal,WEST BENGAL,19.0,307,Birbhum,BIRBHUM,334.0,2266,Dubrajpur,,2266.0,2024-10-07
20,Jharkhand,झारखंड,20.0,327,East Singhbum,पूर्वी सिंघभूम,357.0,2610,Dumaria,,2610.0,2024-10-07
28,Andhra Pradesh,ANDHRA PRADESH,28.0,745,Alluri Sitharama Raju,Alluri Sitharama Raju,0.0,4843,Dumbriguda,,4843.0,2024-10-07
10,Bihar,BIHAR,10.0,194,Buxar,बक्सर,232.0,1440,Dumraon,डुमरॉंव,1440.0,2024-10-07
20,Jharkhand,झारखंड,20.0,329,Giridih,गिरिडीह,349.0,2543,Dumri,डुमरी,2543.0,2024-10-07
10,Bihar,BIHAR,10.0,220,Sheohar,शिवहर,205.0,1061,Dumri Katsari,डूमरी कटसरी,1061.0,2024-10-07
8,Rajasthan,RAJASTHAN,8.0,116,Tonk,TONK,120.0,6910,Duni,दूनी,0.0,2024-10-07
28,Andhra Pradesh,ANDHRA PRADESH,28.0,751,Palnadu,Palnadu,0.0,5042,Durgi,,5042.0,2024-10-07
28,Andhra Pradesh,ANDHRA PRADESH,28.0,748,Eluru,Eluru,0.0,4955,Dwarakatirumala,,4955.0,2024-10-07
33,Tamil Nadu,TAMIL NADU,33.0,584,Salem,SALEM,608.0,5738,Edappadi,,5738.0,2024-10-07
19,West Bengal,WEST BENGAL,19.0,317,Purba Medinipur,PURBA MEDINIPUR,345.0,2491,Egra - I,,2491.0,2024-10-07
36,Telangana,తెలంగాణ,0.0,508,Karimnagar,కరీంనగర్,534.0,6234,Ellandakunta,ఇల్లంతకుంట,0.0,2024-10-07
21,Odisha,ODISHA,21.0,355,Jagatsinghapur,JAGATSINGHAPUR,380.0,2938,Ersama,,2938.0,2024-10-07
36,Telangana,తెలంగాణ,0.0,720,Mulugu,ములుగు,0.0,4685,Eturunagaram,ఏటూర్ నాగారం,4685.0,2024-10-07
6,Haryana,HARYANA,6.0,60,Faridabad,FARIDABAD,88.0,425,Faridabad,,425.0,2024-10-07
6,Haryana,HARYANA,6.0,62,Gurugram,GURUGRAM,86.0,418,Farrukhnagar,,418.0,2024-10-07
3,Punjab,PUNJAB,3.0,30,Fatehgarh Sahib,FATEHGARH SAHIB,40.0,221,Fatehgarh Sahib,,221.0,2024-10-07
8,Rajasthan,RAJASTHAN,8.0,114,Sikar,SIKAR,111.0,551,Fatehpur,,551.0,2024-10-07
2,Himachal Pradesh,HIMACHAL PRADESH,2.0,18,Kangra,KANGRA,24.0,95,Fatehpur,,95.0,2024-10-07
20,Jharkhand,झारखंड,20.0,333,Jamtara,जामताड़ा,363.0,2680,Fatehpur,फतेहपुर,2680.0,2024-10-07
24,Gujarat,GUJARAT,24.0,445,Dahod,DAHOD,485.0,3890,Fatepura,,3890.0,2024-10-07
5,Uttarakhand,UTTARAKHAND,5.0,56,Udam Singh Nagar,UDAM SINGH NAGAR,67.0,350,Gadarpur,,350.0,2024-10-07
22,Chhattisgarh,छत्तीसगढ़,22.0,642,Sukma,सुकमा,0.0,7273,Gadiras,गादीरास,0.0,2024-10-07
21,Odisha,ODISHA,21.0,369,Puri,PURI,387.0,3068,Gadisagada,,3068.0,2024-10-07
28,Andhra Pradesh,ANDHRA PRADESH,28.0,755,Nandyal,Nandyal,0.0,5281,Gadivemula,,5281.0,2024-10-07
10,Bihar,BIHAR,10.0,208,Muzaffarpur,मुजफ्फरपुर,216.0,1209,Gaighat,गायघाट,1209.0,2024-10-07
21,Odisha,ODISHA,21.0,347,Bargarh,BARGARH,370.0,2759,Gaisilet,,2759.0,2024-10-07
29,Karnataka,ಕರ್ನಾಟಕ,29.0,537,Gadag,ಗದಗ,561.0,7082,Gajendragad,,0.0,2024-10-07
6,Haryana,HARYANA,6.0,75,Sonipat,SONIPAT,76.0,379,Ganaur,,379.0,2024-10-07
24,Gujarat,GUJARAT,24.0,446,Gandhinagar,GANDHINAGAR,473.0,3775,Gandhinagar,,3775.0,2024-10-07
21,Odisha,ODISHA,21.0,352,Dhenkanal,DHENKANAL,383.0,2991,Gandia,,2991.0,2024-10-07
28,Andhra Pradesh,ANDHRA PRADESH,28.0,754,Sri Sathya Sai,Sri Sathya Sai,0.0,5342,Gandlapenta,,5342.0,2024-10-07
28,Andhra Pradesh,ANDHRA PRADESH,28.0,503,Chittoor,CHITTOOR,554.0,5420,Gangadhara Nellore,,5420.0,2024-10-07
8,Rajasthan,RAJASTHAN,8.0,771,Gangapurcity,गंगापुरसिटी,,526,Gangapur,,526.0,2024-10-07
5,Uttarakhand,UTTARAKHAND,5.0,53,Pithoragarh,PITHORAGARH,62.0,319,Gangolihat,,319.0,2024-10-07
12,Arunachal Pradesh,ARUNACHAL PRADESH,12.0,677,Kra Daadi,KRA DAADI,0.0,1710,Gangte Circle,Gangte,1710.0,2024-10-07
28,Andhra Pradesh,ANDHRA PRADESH,28.0,519,Srikakulam,SRIKAKULAM,542.0,4797,Ganguvarisigadam,,4797.0,2024-10-07
21,Odisha,ODISHA,21.0,354,Ganjam,GANJAM,388.0,3086,Ganjam,,3086.0,2024-10-07
28,Andhra Pradesh,ANDHRA PRADESH,28.0,510,Krishna,KRISHNA,547.0,5012,Gannavaram,,5012.0,2024-10-07
36,Telangana,తెలంగాణ,0.0,508,Karimnagar,కరీంనగర్,534.0,6232,Ganneruvaram,గన్నేరువరం,0.0,2024-10-07
8,Rajasthan,RAJASTHAN,8.0,88,Banswara,BANSWARA,125.0,6611,Ganoda,Ganoda,0.0,2024-10-07
10,Bihar,BIHAR,10.0,191,Begusarai,बेगूसराय,222.0,1306,Garhpura,गढ़पुरा,1306.0,2024-10-07
20,Jharkhand,झारखंड,20.0,335,Latehar,लातेहार,359.0,2638,Garu,गारू,2638.0,2024-10-07
5,Uttarakhand,UTTARAKHAND,5.0,46,Bageshwar,BAGESHWAR,63.0,324,Garud,,324.0,2024-10-07
28,Andhra Pradesh,ANDHRA PRADESH,28.0,743,Parvathipuram Manyam,Parvathipuram Manyam,0.0,4811,Garugubilli,,4811.0,2024-10-07
10,Bihar,BIHAR,10.0,211,Pashchim Champaran,पश्चिम चम्पारण,203.0,1015,Gaunaha,गौनाहा,1015.0,2024-10-07
29,Karnataka,ಕರ್ನಾಟಕ,29.0,630,Chikkaballapura,ಚಿಕ್ಕಬಳ್ಳಾಪುರ,582.0,5595,Gauribidanur,ಗೌರಿಬಿದನೂರ,5595.0,2024-10-07
23,Madhya Pradesh,MADHYA PRADESH,23.0,398,Chhatarpur,छ्तरपुर,425.0,3424,Gaurihar,गौरीहार,3424.0,2024-10-07
18,Assam,ASSAM,18.0,285,Dhubri,DHUBURI,301.0,7115,Gauripur,GAURIPUR,0.0,2024-10-07
9,Uttar Pradesh,UTTAR PRADESH,9.0,144,Gautam Buddha Nagar,GAUTAM BUDDHA NAGAR,141.0,743,Gautam Buddha Nagar,,743.0,2024-10-07
1,Jammu And Kashmir,JAMMU AND KASHMIR,1.0,624,Samba,SAMBA,22.0,6721,Ghagwal,Ghagwal,0.0,2024-10-07
2,Himachal Pradesh,HIMACHAL PRADESH,2.0,26,Una,UNA,29.0,6888,Ghanari,,0.0,2024-10-07
9,Uttar Pradesh,UTTAR PRADESH,9.0,178,Sant Kabir Nagar,SANT KABIR NAGAR,186.0,943,Ghanghata,,943.0,2024-10-07
10,Bihar,BIHAR,10.0,195,Darbhanga,दरभंगा,215.0,1194,Ghanshyampur,घनश्यामपुर,1194.0,2024-10-07
8,Rajasthan,RAJASTHAN,8.0,772,Phalodi,फलाैदी,,7221,Ghantiyali,घंटियाली,0.0,2024-10-07
24,Gujarat,GUJARAT,24.0,443,Bhavnagar,BHAVNAGAR,481.0,3855,Ghogha,,3855.0,2024-10-07
23,Madhya Pradesh,MADHYA PRADESH,23.0,415,Mandla,मंडला,454.0,3644,Ghughari,घुघरी,3644.0,2024-10-07
28,Andhra Pradesh,ANDHRA PRADESH,28.0,745,Alluri Sitharama Raju,Alluri Sitharama Raju,0.0,4848,G.Madugula,,4848.0,2024-10-07
33,Tamil Nadu,TAMIL NADU,33.0,573,Erode,ERODE,610.0,5751,Gobichettipalayam,,5751.0,2024-10-07
22,Chhattisgarh,छत्तीसगढ़,22.0,387,Raipur,रायपुर,410.0,7259,Gobra Nawapara,गोबरा नवापारा,0.0,2024-10-07
12,Arunachal Pradesh,ARUNACHAL PRADESH,12.0,628,Anjaw,,260.0,1738,Goiliang Circle,,1738.0,2024-10-07
29,Karnataka,ಕರ್ನಾಟಕ,29.0,527,Belagavi,ಬೆಳಗಾವಿ,555.0,5436,Gokak,ಗೋಕಾಕ,5436.0,2024-10-07
20,Jharkhand,झारखंड,20.0,607,Ramgarh,रामगढ़,361.0,2665,Gola,,2665.0,2024-10-07
18,Assam,ASSAM,18.0,285,Dhubri,DHUBURI,301.0,6015,Golakganj Pt,Golakganj Pt,2007.0,2024-10-07
20,Jharkhand,झारखंड,20.0,327,East Singhbum,पूर्वी सिंघभूम,357.0,2606,Golmuri-Cum-Jugsalai,,2606.0,2024-10-07
28,Andhra Pradesh,ANDHRA PRADESH,28.0,744,Anakapalli,Anakapalli,0.0,4853,Golugonda,,4853.0,2024-10-07
9,Uttar Pradesh,UTTAR PRADESH,9.0,147,Gonda,GONDA,183.0,928,Gonda,,928.0,2024-10-07
28,Andhra Pradesh,ANDHRA PRADESH,28.0,511,Kurnool,KURNOOL,552.0,5270,Gonegandla,,5270.0,2024-10-07
21,Odisha,ODISHA,21.0,369,Puri,PURI,387.0,3062,Gop,,3062.0,2024-10-07
28,Andhra Pradesh,ANDHRA PRADESH,28.0,520,Visakhapatnam,విశాఖపట్నం,544.0,6838,Gopalapatnam,Gopalapatnam,0.0,2024-10-07
10,Bihar,BIHAR,10.0,197,Gopalganj,गोपालगंज,217.0,1224,Gopalganj,गोपालगंज,1224.0,2024-10-07
36,Telangana,తెలంగాణ,0.0,693,Wanaparthy,వనపర్తి,0.0,4596,Gopalpeta,గోపాల్ పేట,4596.0,2024-10-07
10,Bihar,BIHAR,10.0,195,Darbhanga,दरभंगा,215.0,1196,Gora Bauram,गौरबौरम,1196.0,2024-10-07
10,Bihar,BIHAR,10.0,224,Vaishali,वैशाली,220.0,1272,Goraul,गोरौल,1272.0,2024-10-07
27,Maharashtra,महाराष्ट्र,27.0,476,Gondia,गोंदीया,507.0,4045,Goregaon,गोरेगाव,4045.0,2024-10-07
10,Bihar,BIHAR,10.0,222,Siwan,सिवान,218.0,1232,Goriakothi,गोरियाकोठी,1232.0,2024-10-07
6,Haryana,HARYANA,6.0,74,Sirsa,SIRSA,79.0,6471,Goriwala St,गोरीवाला,0.0,2024-10-07
19,West Bengal,WEST BENGAL,19.0,304,South 24 Parganas,SOUTH 24 Parganas,343.0,2435,Gosaba,,2435.0,2024-10-07
8,Rajasthan,RAJASTHAN,8.0,90,Barmer,BARMER,115.0,581,Gudha Malani,,581.0,2024-10-07
36,Telangana,తెలంగాణ,0.0,501,Adilabad,ఆదిలాబాద్,532.0,4310,Gudihatnoor,గుడిహత్నూర్,4310.0,2024-10-07
33,Tamil Nadu,TAMIL NADU,33.0,595,Vellore,VELLORE,605.0,5712,Gudiyatham,,5712.0,2024-10-07
28,Andhra Pradesh,ANDHRA PRADESH,28.0,503,Chittoor,CHITTOOR,554.0,5426,Gudupalle,,5426.0,2024-10-07
23,Madhya Pradesh,MADHYA PRADESH,23.0,437,Vidisha,विदिशा,443.0,3578,Gulabganj,गुलाबगंज,3578.0,2024-10-07
28,Andhra Pradesh,ANDHRA PRADESH,28.0,502,Ananthapuramu,అనంతపురము,553.0,5319,Gummagatta,,5319.0,2024-10-07
33,Tamil Nadu,TAMIL NADU,33.0,589,Thiruvallur,THIRUVALLUR,602.0,5693,Gummidipoondi,,5693.0,2024-10-07
12,Arunachal Pradesh,ARUNACHAL PRADESH,12.0,237,Papum Pare,PAPUM PARE,248.0,6602,Gumto Circle,,0.0,2024-10-07
23,Madhya Pradesh,MADHYA PRADESH,23.0,406,Guna,गुना,458.0,3677,Guna,गुना,3677.0,2024-10-07
22,Chhattisgarh,छत्तीसगढ़,22.0,646,Balod,बालोद,0.0,3319,Gunderdehi,GUNDERDEHI,3319.0,2024-10-07
1,Jammu And Kashmir,JAMMU AND KASHMIR,1.0,4,Doda,DODA,16.0,6749,Gundna,Gundna,0.0,2024-10-07
23,Madhya Pradesh,MADHYA PRADESH,23.0,420,Panna,पन्ना,426.0,3438,Gunnor,गुन्नौर,3438.0,2024-10-07
6,Haryana,HARYANA,6.0,62,Gurugram,GURUGRAM,86.0,417,Gurgaon,,417.0,2024-10-07
28,Andhra Pradesh,ANDHRA PRADESH,28.0,753,Annamayya,Annamayya,0.0,5370,Gurramkonda,,5370.0,2024-10-07
21,Odisha,ODISHA,21.0,350,Cuttack,CUTTACK,381.0,2952,Gurudijhatia,,2952.0,2024-10-07
21,Odisha,ODISHA,21.0,373,Sundargarh,SUNDARGARH,374.0,2828,Gurundia,,2828.0,2024-10-07
22,Chhattisgarh,छत्तीसगढ़,22.0,646,Balod,बालोद,0.0,3323,Gurur,GURUR,3323.0,2024-10-07
10,Bihar,BIHAR,10.0,222,Siwan,सिवान,218.0,1241,Guthani,गुठनी,1241.0,2024-10-07
10,Bihar,BIHAR,10.0,205,Madhepura,मधेपुरा,213.0,1165,Gwalpara,ग्वालपाड़ा,1165.0,2024-10-07
9,Uttar Pradesh,UTTAR PRADESH,9.0,179,Bhadohi,BHADOHI,198.0,998,Gyanpur,,998.0,2024-10-07
20,Jharkhand,झारखंड,20.0,338,Palamu,पलामू,358.0,2616,Haidernagar,,2616.0,2024-10-07
29,Karnataka,ಕರ್ನಾಟಕ,29.0,550,Uttara Kannada,ಉತ್ತರ ಕನ್ನಡ,563.0,5480,Haliyal,ಹುಳಿಯಾಳ,5480.0,2024-10-07
8,Rajasthan,RAJASTHAN,8.0,93,Bikaner,BIKANER,101.0,7378,Handa,हदां,0.0,2024-10-07
23,Madhya Pradesh,MADHYA PRADESH,23.0,408,Harda,हरदा,448.0,3609,Handiya,हांडिया,3609.0,2024-10-07
8,Rajasthan,RAJASTHAN,8.0,101,Hanumangarh,HANUMANGARH,100.0,468,Hanumangarh,,468.0,2024-10-07
29,Karnataka,ಕರ್ನಾಟಕ,29.0,738,Vijayanagar,,0.0,5510,Harapanahalli,ಹರಪನಹಳ್ಳಿ,5510.0,2024-10-07
22,Chhattisgarh,छत्तीसगढ़,22.0,383,Korba,कोरबा,404.0,7271,Hardibazar,हरदीबाजार,0.0,2024-10-07
5,Uttarakhand,UTTARAKHAND,5.0,50,Haridwar,HARIDWAR,68.0,354,Hardwar,,354.0,2024-10-07
29,Karnataka,ಕರ್ನಾಟಕ,29.0,535,Davangere,ದಾವಣಗೆರೆ,567.0,5509,Harihar,ಹರಿಹರ,5509.0,2024-10-07
2,Himachal Pradesh,HIMACHAL PRADESH,2.0,24,Sirmaur,SIRMAUR,32.0,6953,Haripurdhar,,0.0,2024-10-07
19,West Bengal,WEST BENGAL,19.0,316,Malda,MALDA,332.0,2209,Harischandrapur - II,,2209.0,2024-10-07
10,Bihar,BIHAR,10.0,213,Purbi Champaran,पूर्वी चंपारण,204.0,1043,Harsidhi,हरसिद्धि,1043.0,2024-10-07
36,Telangana,తెలంగాణ,0.0,686,Hanumakonda,హనుమకొండ,0.0,4678,Hasanparthy,హసన్ పర్తి,4678.0,2024-10-07
10,Bihar,BIHAR,10.0,217,Samastipur,समस्तीपुर,221.0,1302,Hasanpur,हसनपुर,1302.0,2024-10-07
9,Uttar Pradesh,UTTAR PRADESH,9.0,154,Amroha,AMROHA,137.0,731,Hasanpur,,731.0,2024-10-07
29,Karnataka,ಕರ್ನಾಟಕ,29.0,539,Hassan,ಹಾಸನ,574.0,5556,Hassan,ಹಾಸನ,5556.0,2024-10-07
20,Jharkhand,झारखंड,20.0,343,West Singhbhum,पश्चिमी सिंघभूम,368.0,2738,Hat Gamharia,हाटगम्हरिया,2738.0,2024-10-07
6,Haryana,HARYANA,6.0,619,Palwal,,89.0,428,Hathin,,428.0,2024-10-07
36,Telangana,తెలంగాణ,0.0,691,Sangareddy,సంగారెడ్డి,0.0,4489,Hathnoora,హత్నూర,4489.0,2024-10-07
27,Maharashtra,महाराष्ट्र,27.0,480,Kolhapur,कोल्हापूर,530.0,4285,Hatkanangle,हातकणंगले,4285.0,2024-10-07
7,Delhi,DELHI,7.0,83,South,SOUTH,98.0,454,Hauz Khas,,454.0,2024-10-07
1,Jammu And Kashmir,JAMMU AND KASHMIR,1.0,10,Poonch,POONCH,5.0,16,Haveli,,16.0,2024-10-07
36,Telangana,తెలంగాణ,0.0,518,Ranga Reddy,రంగా రెడ్డి,537.0,4525,Hayathnagar,హయత్ నగర్,4525.0,2024-10-07
19,West Bengal,WEST BENGAL,19.0,310,Dakshin Dinajpur,DAKSHIN DINAJPUR,331.0,2203,Hilli,,2203.0,2024-10-07
28,Andhra Pradesh,ANDHRA PRADESH,28.0,754,Sri Sathya Sai,Sri Sathya Sai,0.0,5364,Hindupur,,5364.0,2024-10-07
18,Assam,ASSAM,18.0,709,Hojai,,0.0,2038,Hojai,,2038.0,2024-10-07
29,Karnataka,ಕರ್ನಾಟಕ,29.0,738,Vijayanagar,,0.0,5498,Hosapete,ಹೊಸಪೇಟೆ,5498.0,2024-10-07
32,Kerala,KERALA,32.0,558,Kasaragod,കാസര്‍കോഡ്,588.0,5631,Hosdurg,ഹോസ്ദുര്‍ഗ്,5631.0,2024-10-07
23,Madhya Pradesh,MADHYA PRADESH,23.0,409,Narmadapuram,नर्मदापुरम,449.0,3614,Hoshangabad,होशंगाबाद,3614.0,2024-10-07
3,Punjab,PUNJAB,3.0,33,Hoshiarpur,HOSHIARPUR,38.0,216,Hoshiarpur,,216.0,2024-10-07
29,Karnataka,ಕರ್ನಾಟಕ,29.0,536,Dharwad,ಧಾರವಾಡ,562.0,7079,Hubballi Urban,,0.0,2024-10-07
29,Karnataka,ಕರ್ನಾಟಕ,29.0,527,Belagavi,ಬೆಳಗಾವಿ,555.0,5437,Hukeri,ಹುಕ್ಕೇರಿ,5437.0,2024-10-07
28,Andhra Pradesh,ANDHRA PRADESH,28.0,745,Alluri Sitharama Raju,Alluri Sitharama Raju,0.0,4846,Hukumpeta,,4846.0,2024-10-07
10,Bihar,BIHAR,10.0,199,Jehanabad,जहानाबाद,239.0,1541,Hulasganj,हुलासगंज,1541.0,2024-10-07
29,Karnataka,ಕರ್ನಾಟಕ,29.0,529,Bidar,ಬೀದರ್‌,558.0,7086,Hulsoor,,0.0,2024-10-07
23,Madhya Pradesh,MADHYA PRADESH,23.0,424,Rewa,रीवा,430.0,3479,Huzur,हुजूर,3479.0,2024-10-07
23,Madhya Pradesh,MADHYA PRADESH,23.0,396,Bhopal,भोपाल,444.0,3581,Huzur,हुजूर,3581.0,2024-10-07
23,Madhya Pradesh,MADHYA PRADESH,23.0,424,Rewa,रीवा,430.0,7041,Huzur Nagar,हुजुर नगर,0.0,2024-10-07
36,Telangana,తెలంగాణ,0.0,681,Jagitial,జగిత్యాల,0.0,4393,Ibrahimpatnam,ఇబ్రహీంపట్నం,4393.0,2024-10-07
23,Madhya Pradesh,MADHYA PRADESH,23.0,427,Sehore,सीहोर,445.0,3586,Ichhawar,इछावर,3586.0,2024-10-07
27,Maharashtra,महाराष्ट्र,27.0,487,Nashik,नाशिक,516.0,4153,Igatpuri,इगतपूरी,4153.0,2024-10-07
9,Uttar Pradesh,UTTAR PRADESH,9.0,119,Aligarh,ALIGARH,143.0,756,Iglas,,756.0,2024-10-07
33,Tamil Nadu,TAMIL NADU,33.0,582,Pudukkottai,PUDUKKOTTAI,621.0,5818,Iluppur,,5818.0,2024-10-07
10,Bihar,BIHAR,10.0,196,Gaya,गया,236.0,1501,Imamganj,ईमामगन्ज,1501.0,2024-10-07
36,Telangana,తెలంగాణ,0.0,501,Adilabad,ఆదిలాబాద్,532.0,4311,Inderavelly,ఇందర్ వెల్లి,4311.0,2024-10-07
6,Haryana,HARYANA,6.0,67,Karnal,KARNAL,74.0,371,Indri,,371.0,2024-10-07
28,Andhra Pradesh,ANDHRA PRADESH,28.0,515,Sri Potti Sriramulu Nellore,శ్రీ పొట్టి శ్రీరాములు నెల్లూరు,550.0,5179,Indukurpet,,5179.0,2024-10-07
21,Odisha,ODISHA,21.0,344,Anugul,ANUGUL,384.0,3013,Industrial,,3013.0,2024-10-07
28,Andhra Pradesh,ANDHRA PRADESH,28.0,751,Palnadu,Palnadu,0.0,5065,Ipuru,ఈపూరు,5065.0,2024-10-07
28,Andhra Pradesh,ANDHRA PRADESH,28.0,523,West Godavari,పశ్చిమగోదావరి,546.0,4979,Iragavaram,,4979.0,2024-10-07
19,West Bengal,WEST BENGAL,19.0,311,Uttar Dinajpur,UTTAR DINAJPUR,330.0,2192,Islampur,,2192.0,2024-10-07
21,Odisha,ODISHA,21.0,367,Nayagarh,NAYAGARH,385.0,3029,Itamati,,3029.0,2024-10-07
12,Arunachal Pradesh,ARUNACHAL PRADESH,12.0,237,Papum Pare,PAPUM PARE,248.0,6604,Itanagar Eac,,0.0,2024-10-07
20,Jharkhand,झारखंड,20.0,323,Chatra,चतरा,347.0,2520,Itkhori,ईटखोरी,2520.0,2024-10-07
29,Karnataka,ಕರ್ನಾಟಕ,29.0,535,Davangere,ದಾವಣಗೆರೆ,567.0,5511,Jagalur,ಜಗಳೂರು,5511.0,2024-10-07
28,Andhra Pradesh,ANDHRA PRADESH,28.0,749,Ntr,NTR,0.0,4991,Jaggaiahpeta,జగ్గయ్యపేట,4991.0,2024-10-07
36,Telangana,తెలంగాణ,0.0,699,Kumuram Bheem Asifabad,కుమురం భీమ్ ఆసిఫాబాద్,0.0,4320,Jainoor,జైనూర్,4320.0,2024-10-07
23,Madhya Pradesh,MADHYA PRADESH,23.0,429,Shahdol,शहडोल,460.0,3690,Jaisinghnagar,जयसिंहनगर,3690.0,2024-10-07
8,Rajasthan,RAJASTHAN,8.0,774,Beawar,ब्‍यावर,,597,Jaitaran,,597.0,2024-10-07
21,Odisha,ODISHA,21.0,356,Jajapur,JAJAPUR,382.0,2977,Jajapur,,2977.0,2024-10-07
36,Telangana,తెలంగాణ,0.0,696,Suryapet,సూర్యాపేట,0.0,4623,Jajireddygudem,జాజిరెడ్డిగూడెం,4623.0,2024-10-07
5,Uttarakhand,UTTARAKHAND,5.0,54,Rudra Prayag,RUDRA PRAYAG,58.0,292,Jakholi*,,292.0,2024-10-07
28,Andhra Pradesh,ANDHRA PRADESH,28.0,515,Sri Potti Sriramulu Nellore,శ్రీ పొట్టి శ్రీరాములు నెల్లూరు,550.0,5157,Jaladanki,,5157.0,2024-10-07
24,Gujarat,GUJARAT,24.0,453,Navsari,NAVSARI,490.0,3923,Jalalpore,,3923.0,2024-10-07
3,Punjab,PUNJAB,3.0,34,Jalandhar,JALANDHAR,37.0,212,Jalandhar - I,,212.0,2024-10-07
3,Punjab,PUNJAB,3.0,34,Jalandhar,JALANDHAR,37.0,213,Jalandhar - II,,213.0,2024-10-07
8,Rajasthan,RAJASTHAN,8.0,104,Jalore,JALORE,116.0,587,Jalor,,587.0,2024-10-07
19,West Bengal,WEST BENGAL,19.0,306,Purba Bardhaman,PURBA BARDHAMAN,335.0,2295,Jamalpur,,2295.0,2024-10-07
19,West Bengal,WEST BENGAL,19.0,703,Jhargram,Jhargram,0.0,2455,Jamboni,,2455.0,2024-10-07
24,Gujarat,GUJARAT,24.0,457,Rajkot,RAJKOT,476.0,3808,Jamkandorna,,3808.0,2024-10-07
29,Karnataka,ಕರ್ನಾಟಕ,29.0,524,Bagalkote,ಬಾಗಲಕೋಟೆ,556.0,5443,Jamkhandi,ಜಮಖಂಡಿ,5443.0,2024-10-07
27,Maharashtra,महाराष्ट्र,27.0,466,Ahmednagar,अहमदनगर,522.0,4214,Jamkhed,जामखेड,4214.0,2024-10-07
1,Jammu And Kashmir,JAMMU AND KASHMIR,1.0,5,Jammu,JAMMU,21.0,6718,Jammu West,Jammu West,0.0,2024-10-07
20,Jharkhand,झारखंड,20.0,333,Jamtara,जामताड़ा,363.0,2678,Jamtara,जामताड़ा,2678.0,2024-10-07
20,Jharkhand,झारखंड,20.0,329,Giridih,गिरिडीह,349.0,2536,Jamua,जमुआ,2536.0,2024-10-07
8,Rajasthan,RAJASTHAN,8.0,767,Deeg,डीग,,7380,Januthar,जनूथर,0.0,2024-10-07
27,Maharashtra,महाराष्ट्र,27.0,494,Satara,सातारा,527.0,4263,Jaoli,जावळी,4263.0,2024-10-07
21,Odisha,ODISHA,21.0,354,Ganjam,GANJAM,388.0,3098,Jarada,,3098.0,2024-10-07
20,Jharkhand,झारखंड,20.0,322,Bokaro,बोकारो,355.0,2594,Jaridih,,2594.0,2024-10-07
20,Jharkhand,झारखंड,20.0,326,Dumka,दुमका,362.0,2667,Jarmundi,,2667.0,2024-10-07
23,Madhya Pradesh,MADHYA PRADESH,23.0,419,Neemuch,नीमच,432.0,3487,Jawad,जावद,3487.0,2024-10-07
8,Rajasthan,RAJASTHAN,8.0,110,Nagaur,NAGAUR,112.0,559,Jayal,,559.0,2024-10-07
23,Madhya Pradesh,MADHYA PRADESH,23.0,422,Rajgarh,राजगढ़,442.0,3563,Jeerapur,जीरापुर,3563.0,2024-10-07
12,Arunachal Pradesh,ARUNACHAL PRADESH,12.0,240,Upper Siang,UPPER SIANG,252.0,1664,Jengging Circle,Jengging Circle,1664.0,2024-10-07
14,Manipur,MANIPUR,14.0,260,Ukhrul,UKHRUL,279.0,6481,Jessami,,0.0,2024-10-07
24,Gujarat,GUJARAT,24.0,442,Bharuch,BHARUCH,488.0,3917,Jhagadia,,3917.0,2024-10-07
8,Rajasthan,RAJASTHAN,8.0,105,Jhalawar,JHALAWAR,129.0,679,Jhalrapatan,,679.0,2024-10-07
8,Rajasthan,RAJASTHAN,8.0,778,Jodhpur (Gramin),जोधपुर (ग्रामीण),,7220,Jhanwar,झंवर,0.0,2024-10-07
36,Telangana,తెలంగాణ,0.0,691,Sangareddy,సంగారెడ్డి,0.0,4476,Jharasangam,ఝరాసంఘం,4476.0,2024-10-07
21,Odisha,ODISHA,21.0,347,Bargarh,BARGARH,370.0,2756,Jharbandha,,2756.0,2024-10-07
23,Madhya Pradesh,MADHYA PRADESH,23.0,435,Ujjain,उज्जैन,435.0,6983,Jharda,झार्डा,0.0,2024-10-07
20,Jharkhand,झारखंड,20.0,325,Dhanbad,धनबाद,354.0,2585,Jharia-Cum-Jorapokhar-Cum-Sindri,झरिया,2585.0,2024-10-07
8,Rajasthan,RAJASTHAN,8.0,106,Jhunjhunu,JHUNJHUNU,103.0,487,Jhunjhunun,,487.0,2024-10-07
6,Haryana,HARYANA,6.0,65,Jind,JIND,77.0,383,Jind,,383.0,2024-10-07
23,Madhya Pradesh,MADHYA PRADESH,23.0,419,Neemuch,नीमच,432.0,3490,Jiran,जीरन,3490.0,2024-10-07
28,Andhra Pradesh,ANDHRA PRADESH,28.0,743,Parvathipuram Manyam,Parvathipuram Manyam,0.0,4810,Jiyyammavalasa,,4810.0,2024-10-07
21,Odisha,ODISHA,21.0,364,Malkangiri,MALKANGIRI,399.0,3225,Jodamba,,3225.0,2024-10-07
8,Rajasthan,RAJASTHAN,8.0,107,Jodhpur,JODHPUR,113.0,570,Jodhpur,,570.0,2024-10-07
2,Himachal Pradesh,HIMACHAL PRADESH,2.0,22,Mandi,MANDI,27.0,124,Jogindarnagar,,124.0,2024-10-07
2,Himachal Pradesh,HIMACHAL PRADESH,2.0,26,Una,UNA,29.0,6890,Jol,,0.0,2024-10-07
12,Arunachal Pradesh,ARUNACHAL PRADESH,12.0,679,Siang,,0.0,6606,Jomlo Mobuk Circle,,0.0,2024-10-07
19,West Bengal,WEST BENGAL,19.0,309,Darjeeling,DARJEELING,327.0,2159,Jorebunglow Sukiapokhri,,2159.0,2024-10-07
8,Rajasthan,RAJASTHAN,8.0,99,Dungarpur,DUNGARPUR,124.0,6070,Jothari,JOTHARI,0.0,2024-10-07
6,Haryana,HARYANA,6.0,65,Jind,JIND,77.0,384,Julana,,384.0,2024-10-07
36,Telangana,తెలంగాణ,0.0,690,Bhadradri Kothagudem,భద్రాద్రి కొత్తగూడెం,0.0,4746,Julurpadu,జూలురుపాడు,4746.0,2024-10-07
24,Gujarat,GUJARAT,24.0,448,Junagadh,JUNAGADH,479.0,3827,Junagadh,,3827.0,2024-10-07
33,Tamil Nadu,TAMIL NADU,33.0,583,Ramanathapuram,RAMANATHAPURAM,626.0,5859,Kadaladi,,5859.0,2024-10-07
28,Andhra Pradesh,ANDHRA PRADESH,28.0,505,East Godavari,EAST GODAVARI,545.0,4918,Kadiam,,4918.0,2024-10-07
36,Telangana,తెలంగాణ,0.0,518,Ranga Reddy,రంగా రెడ్డి,537.0,6324,Kadthal,కడ్తాల్,0.0,2024-10-07
10,Bihar,BIHAR,10.0,201,Katihar,कटिहार,212.0,1145,Kadwa,कदवा,1145.0,2024-10-07
36,Telangana,తెలంగాణ,0.0,699,Kumuram Bheem Asifabad,కుమురం భీమ్ ఆసిఫాబాద్,0.0,4318,Kagaznagar,కాగజ్ నగర్,4318.0,2024-10-07
10,Bihar,BIHAR,10.0,192,Bhagalpur,भागलपुर,224.0,1336,Kahalgaon,कहलगांव,1336.0,2024-10-07
10,Bihar,BIHAR,10.0,216,Saharsa,सहरसा,214.0,1174,Kahara,कहरा,1174.0,2024-10-07
28,Andhra Pradesh,ANDHRA PRADESH,28.0,748,Eluru,Eluru,0.0,5016,Kaikaluru,Kaikaluru,5016.0,2024-10-07
9,Uttar Pradesh,UTTAR PRADESH,9.0,660,Shamli,SHAMLI,0.0,706,Kairana,,706.0,2024-10-07
9,Uttar Pradesh,UTTAR PRADESH,9.0,125,Bahraich,BAHRAICH,180.0,922,Kaiserganj,,922.0,2024-10-07
14,Manipur,MANIPUR,14.0,711,Kakching,,0.0,1878,Kakching,,1878.0,2024-10-07
19,West Bengal,WEST BENGAL,19.0,304,South 24 Parganas,SOUTH 24 Parganas,343.0,2437,Kakdwip,,2437.0,2024-10-07
28,Andhra Pradesh,ANDHRA PRADESH,28.0,746,Kakinada,Kakinada,0.0,4913,Kakinada (Rural),,4913.0,2024-10-07
1,Jammu And Kashmir,JAMMU AND KASHMIR,1.0,12,Rajouri,RAJOURI,6.0,24,Kalakote,,24.0,2024-10-07
27,Maharashtra,महाराष्ट्र,27.0,500,Yavatmal,यवतमाळ,510.0,4081,Kalamb,कळंब,4081.0,2024-10-07
6,Haryana,HARYANA,6.0,73,Rohtak,ROHTAK,82.0,6467,Kalanaur,कलानौर,0.0,2024-10-07
33,Tamil Nadu,TAMIL NADU,33.0,731,Ranipet,ராணிப்பேட்டை,0.0,7059,Kalavai,கலவை,0.0,2024-10-07
19,West Bengal,WEST BENGAL,19.0,664,Alipurduar,,0.0,2171,Kalchini,,2171.0,2024-10-07
19,West Bengal,WEST BENGAL,19.0,316,Malda,MALDA,332.0,2222,Kaliachak - III,,2222.0,2024-10-07
21,Odisha,ODISHA,21.0,364,Malkangiri,MALKANGIRI,399.0,3227,Kalimela,,3227.0,2024-10-07
7,Delhi,DELHI,7.0,670,South East,SOUTH EAST,0.0,456,Kalkaji,,456.0,2024-10-07
33,Tamil Nadu,TAMIL NADU,33.0,575,Kanniyakumari,KANNIYAKUMARI,629.0,5882,Kalkulam,,5882.0,2024-10-07
36,Telangana,తెలంగాణ,0.0,509,Khammam,ఖమ్మం,541.0,4763,Kalluru,కల్లూరు,4763.0,2024-10-07
10,Bihar,BIHAR,10.0,206,Madhubani,मधुबनी,207.0,1090,Kaluahi,कलुआही,1090.0,2024-10-07
19,West Bengal,WEST BENGAL,19.0,320,Nadia,NADIA,336.0,6966,Kalyani,KALYANI,0.0,2024-10-07
36,Telangana,తెలంగాణ,0.0,686,Hanumakonda,హనుమకొండ,0.0,4447,Kamalapur,కమలాపూర్,4447.0,2024-10-07
18,Assam,ASSAM,18.0,291,Kamrup,KAMRUP,321.0,2118,Kamalpur,,2118.0,2024-10-07
28,Andhra Pradesh,ANDHRA PRADESH,28.0,753,Annamayya,Annamayya,0.0,5372,Kambhamvaripalle,,5372.0,2024-10-07
12,Arunachal Pradesh,ARUNACHAL PRADESH,12.0,242,West Kameng,WEST KAMENG,246.0,6567,Kamengbari Doimara Circle,Kamengbari Doimara Circle,0.0,2024-10-07
33,Tamil Nadu,TAMIL NADU,33.0,583,Ramanathapuram,RAMANATHAPURAM,626.0,5858,Kamuthi,,5858.0,2024-10-07
28,Andhra Pradesh,ANDHRA PRADESH,28.0,515,Sri Potti Sriramulu Nellore,శ్రీ పొట్టి శ్రీరాములు నెల్లూరు,550.0,5148,Kandukuru,కందుకూరు,5148.0,2024-10-07
28,Andhra Pradesh,ANDHRA PRADESH,28.0,502,Ananthapuramu,అనంతపురము,553.0,5306,Kanekal,,5306.0,2024-10-07
14,Manipur,MANIPUR,14.0,712,Kangpokpi,,0.0,1861,Kangpokpi,,1861.0,2024-10-07
2,Himachal Pradesh,HIMACHAL PRADESH,2.0,18,Kangra,KANGRA,24.0,100,Kangra,,100.0,2024-10-07
20,Jharkhand,झारखंड,20.0,323,Chatra,चतरा,347.0,2519,Kanha Chatti,कान्हाचट्टी,2519.0,2024-10-07
19,West Bengal,WEST BENGAL,19.0,704,Paschim Bardhaman,PASCHIM BARDHAMAN,0.0,2275,Kanksa,,2275.0,2024-10-07
36,Telangana,తెలంగాణ,0.0,720,Mulugu,ములుగు,0.0,6251,Kannaigudem,కన్నాయిగూడెం,0.0,2024-10-07
21,Odisha,ODISHA,21.0,349,Boudh,BOUDH,391.0,3127,Kantamal,,3127.0,2024-10-07
12,Arunachal Pradesh,ARUNACHAL PRADESH,12.0,229,Changlang,CHANGLANG,253.0,6608,Kantang Circle,Kantang Circle,0.0,2024-10-07
7,Delhi,DELHI,7.0,84,South West,SOUTH WEST,97.0,6085,Kapeshera,Kapeshera,0.0,2024-10-07
23,Madhya Pradesh,MADHYA PRADESH,23.0,431,Sheopur,श्योपुर,418.0,3384,Karahal,कराहल,3384.0,2024-10-07
19,West Bengal,WEST BENGAL,19.0,311,Uttar Dinajpur,UTTAR DINAJPUR,330.0,2195,Karandighi,,2195.0,2024-10-07
8,Rajasthan,RAJASTHAN,8.0,108,Karauli,KARAULI,107.0,523,Karauli,,523.0,2024-10-07
28,Andhra Pradesh,ANDHRA PRADESH,28.0,751,Palnadu,Palnadu,0.0,5046,Karempudi,,5046.0,2024-10-07
37,Ladakh,Ladakh,0.0,6,Kargil,KARGIL,4.0,13,Kargil,,13.0,2024-10-07
18,Assam,ASSAM,18.0,293,Karimganj,KARIMGANJ,317.0,2101,Karimganj,,2101.0,2024-10-07
36,Telangana,తెలంగాణ,0.0,508,Karimnagar,కరీంనగర్,534.0,4428,Karimnagar Rural,కరీంనగర్ రూరల్,4428.0,2024-10-07
29,Karnataka,ಕರ್ನಾಟಕ,29.0,549,Udupi,ಉಡುಪಿ,569.0,5524,Karkal,ಕಾರ್ಕಳ,5524.0,2024-10-07
1,Jammu And Kashmir,JAMMU AND KASHMIR,1.0,8,Kupwara,KUPWARA,1.0,3,Karnah,,3.0,2024-10-07
7,Delhi,DELHI,7.0,77,Central,CENTRAL,95.0,447,Karol Bagh,,447.0,2024-10-07
22,Chhattisgarh,छत्तीसगढ़,22.0,374,Bastar,बस्तर,414.0,7344,Karpawand,करपावंड,0.0,2024-10-07
32,Kerala,KERALA,32.0,559,Kollam,കൊല്ലം,600.0,5684,Karunagappally,കരുനാഗപ്പള്ളി,5684.0,2024-10-07
29,Karnataka,ಕರ್ನಾಟಕ,29.0,550,Uttara Kannada,ಉತ್ತರ ಕನ್ನಡ,563.0,5478,Karwar,ಕಾರವಾರ,5478.0,2024-10-07
10,Bihar,BIHAR,10.0,214,Purnia,पूर्णिया,211.0,1135,Kasba,कसबा,1135.0,2024-10-07
9,Uttar Pradesh,UTTAR PRADESH,9.0,633,Kasganj,Kasganj,202.0,1010,Kasganj,,1010.0,2024-10-07
10,Bihar,BIHAR,10.0,210,Nawada,नवादा,237.0,1514,Kashi Chak,कशीचक,1514.0,2024-10-07
5,Uttarakhand,UTTARAKHAND,5.0,56,Udam Singh Nagar,UDAM SINGH NAGAR,67.0,346,Kashipur,,346.0,2024-10-07
20,Jharkhand,झारखंड,20.0,322,Bokaro,बोकारो,355.0,2593,Kasmar,,2593.0,2024-10-07
21,Odisha,ODISHA,21.0,371,Sambalpur,SAMBALPUR,372.0,2783,Katarbaga,,2783.0,2024-10-07
20,Jharkhand,झारखंड,20.0,326,Dumka,दुमका,362.0,2670,Kathikund,,2670.0,2024-10-07
18,Assam,ASSAM,18.0,282,Cachar,CACHAR,316.0,2096,Katigora,,2096.0,2024-10-07
20,Jharkhand,झारखंड,20.0,332,Hazaribagh,हज़ारीबाग,360.0,2654,Katkamsandi,,2654.0,2024-10-07
33,Tamil Nadu,TAMIL NADU,33.0,570,Cuddalore,CUDDALORE,617.0,5792,Kattumannarkoil,,5792.0,2024-10-07
22,Chhattisgarh,छत्तीसगढ़,22.0,760,Manendragarh-Chirmiri-Bharatpur(M C B),मनेन्द्रगढ़-चिरमिरी-भरतपुर(ऍम.सी.बी.),0.0,7269,Kelhari,KELHARI,0.0,2024-10-07
1,Jammu And Kashmir,JAMMU AND KASHMIR,1.0,625,Shopian,SHOPIAN,13.0,6091,Keller,Keller,0.0,2024-10-07
23,Madhya Pradesh,MADHYA PRADESH,23.0,428,Seoni,सिवनी,456.0,3663,Keolari,केवलारी,3663.0,2024-10-07
1,Jammu And Kashmir,JAMMU AND KASHMIR,1.0,8,Kupwara,KUPWARA,1.0,6782,Keran,Keran,0.0,2024-10-07
20,Jharkhand,झारखंड,20.0,342,Simdega,सिमडेगा,367.0,2721,Kersai,,2721.0,2024-10-07
19,West Bengal,WEST BENGAL,19.0,318,Paschim Medinipur,PASCHIM MEDINIPUR,344.0,2466,Keshiary,,2466.0,2024-10-07
36,Telangana,తెలంగాణ,0.0,514,Nalgonda,నల్గొండ,539.0,4637,Kethepally,కేతేపల్లి,4637.0,2024-10-07
19,West Bengal,WEST BENGAL,19.0,306,Purba Bardhaman,PURBA BARDHAMAN,335.0,2280,Ketugram - II,,2280.0,2024-10-07
23,Madhya Pradesh,MADHYA PRADESH,23.0,435,Ujjain,उज्जैन,435.0,3508,Khacharod,खाचरोद,3508.0,2024-10-07
9,Uttar Pradesh,UTTAR PRADESH,9.0,160,Kushinagar,KUSHINAGAR,189.0,6878,Khadda,,0.0,2024-10-07
9,Uttar Pradesh,UTTAR PRADESH,9.0,142,Fatehpur,FATEHPUR,172.0,879,Khaga,,879.0,2024-10-07
21,Odisha,ODISHA,21.0,346,Baleshwar,BALESHWAR,377.0,2906,Khaira,,2906.0,2024-10-07
36,Telangana,తెలంగాణ,0.0,507,Hyderabad,హైదరాబాద్,536.0,4505,Khairatabad,ఖైరతాబాద్,4505.0,2024-10-07
37,Ladakh,Ladakh,0.0,9,Leh Ladakh,LEH LADAKH,3.0,12,Khaltsi,,12.0,2024-10-07
36,Telangana,తెలంగాణ,0.0,509,Khammam,ఖమ్మం,541.0,6326,Khammam Urban,ఖమ్మం అర్బన్,0.0,2024-10-07
19,West Bengal,WEST BENGAL,19.0,306,Purba Bardhaman,PURBA BARDHAMAN,335.0,2297,Khandaghosh,,2297.0,2024-10-07
1,Jammu And Kashmir,JAMMU AND KASHMIR,1.0,13,Srinagar,SRINAGAR,10.0,6801,Khanyar,Khanyar,0.0,2024-10-07
19,West Bengal,WEST BENGAL,19.0,318,Paschim Medinipur,PASCHIM MEDINIPUR,344.0,2461,Kharagpur - II,,2461.0,2024-10-07
19,West Bengal,WEST BENGAL,19.0,309,Darjeeling,DARJEELING,327.0,2165,Kharibari,,2165.0,2024-10-07
10,Bihar,BIHAR,10.0,192,Bhagalpur,भागलपुर,224.0,1331,Kharik,खारीक,1331.0,2024-10-07
17,Meghalaya,MEGHALAYA,17.0,274,East Khasi Hills,EAST KHASI HILLS,298.0,1992,Khatarshnong Laitkroh,,1992.0,2024-10-07
9,Uttar Pradesh,UTTAR PRADESH,9.0,172,Muzaffarnagar,MUZAFFARNAGAR,133.0,710,Khatauli,,710.0,2024-10-07
27,Maharashtra,महाराष्ट्र,27.0,494,Satara,सातारा,527.0,4260,Khatav,खटाव,4260.0,2024-10-07
19,West Bengal,WEST BENGAL,19.0,305,Bankura,BANKURA,339.0,2373,Khatra,,2373.0,2024-10-07
1,Jammu And Kashmir,JAMMU AND KASHMIR,1.0,12,Rajouri,RAJOURI,6.0,6771,Khawas,Khawas,0.0,2024-10-07
15,Mizoram,MIZORAM,15.0,262,Champhai,CHAMPHAI,284.0,1909,Khawbung,,1909.0,2024-10-07
20,Jharkhand,झारखंड,20.0,339,Ranchi,रांची,364.0,2683,Khelari,,2683.0,2024-10-07
19,West Bengal,WEST BENGAL,19.0,307,Birbhum,BIRBHUM,334.0,2267,Khoyrasol,,2267.0,2024-10-07
10,Bihar,BIHAR,10.0,191,Begusarai,बेगूसराय,222.0,1304,Khudabandpur,खोदवन्दपुर,1304.0,2024-10-07
27,Maharashtra,महाराष्ट्र,27.0,469,Chhatrapati Sambhajinagar,छत्रपती संभाजीनगर,515.0,4138,Khuldabad,खुलताबाद,4138.0,2024-10-07
23,Madhya Pradesh,MADHYA PRADESH,23.0,425,Sagar,सागर,427.0,3444,Khurai,खुरई,3444.0,2024-10-07
33,Tamil Nadu,TAMIL NADU,33.0,569,Coimbatore,COIMBATORE,632.0,5956,Kinathukadavu,,0.0,2024-10-07
10,Bihar,BIHAR,10.0,195,Darbhanga,दरभंगा,215.0,1195,Kiratpur,किरतपुर,1195.0,2024-10-07
8,Rajasthan,RAJASTHAN,8.0,86,Ajmer,AJMER,119.0,606,Kishangarh,,606.0,2024-10-07
8,Rajasthan,RAJASTHAN,8.0,783,Jaipur (Gramin),जयपुर (ग्रामीण),,6026,Kishangarh Renwal,किशनगढ् रेनवाल,0.0,2024-10-07
20,Jharkhand,झारखंड,20.0,336,Lohardaga,लोहरदगा,356.0,2597,Kisko,,2597.0,2024-10-07
32,Kerala,KERALA,32.0,566,Thrissur,തൃശ്ശൂര്‍,594.0,5655,Kodungallur,കൊടുങ്ങല്ലൂര്‍,5655.0,2024-10-07
36,Telangana,తెలంగాణ,0.0,691,Sangareddy,సంగారెడ్డి,0.0,4475,Kohir,కోహిర్,4475.0,2024-10-07
21,Odisha,ODISHA,21.0,358,Kalahandi,KALAHANDI,395.0,3169,Kokasara,,3169.0,2024-10-07
23,Madhya Pradesh,MADHYA PRADESH,23.0,396,Bhopal,भोपाल,444.0,7034,Kolar,कोलार,0.0,2024-10-07
36,Telangana,తెలంగాణ,0.0,683,Rajanna Sircilla,రాజన్న సిరిసిల్ల,0.0,4431,Konaraopet,కోనరావు పేట,4431.0,2024-10-07
28,Andhra Pradesh,ANDHRA PRADESH,28.0,515,Sri Potti Sriramulu Nellore,శ్రీ పొట్టి శ్రీరాములు నెల్లూరు,550.0,5156,Kondapuram,,5156.0,2024-10-07
22,Chhattisgarh,छत्तीसगढ़,22.0,642,Sukma,सुकमा,0.0,3373,Konta,,3373.0,2024-10-07
29,Karnataka,ಕರ್ನಾಟಕ,29.0,543,Koppal,ಕೊಪ್ಪಳ,560.0,5467,Koppal,ಕೊಪ್ಪಳ,5467.0,2024-10-07
9,Uttar Pradesh,UTTAR PRADESH,9.0,120,Prayagraj,PRAYAGRAJ,175.0,895,Koraon,,895.0,2024-10-07
28,Andhra Pradesh,ANDHRA PRADESH,28.0,750,Bapatla,Bapatla,0.0,5122,Korisapadu,,5122.0,2024-10-07
36,Telangana,తెలంగాణ,0.0,681,Jagitial,జగిత్యాల,0.0,4416,Korutla,కోరుట్ల,4416.0,2024-10-07
5,Uttarakhand,UTTARAKHAND,5.0,51,Nainital,NAINITAL,66.0,338,Kosya Kutauli,,338.0,2024-10-07
28,Andhra Pradesh,ANDHRA PRADESH,28.0,519,Srikakulam,SRIKAKULAM,542.0,4791,Kotabommali,,4791.0,2024-10-07
21,Odisha,ODISHA,21.0,359,Kandhamal,KANDHAMAL,390.0,3123,Kotagarh,,3123.0,2024-10-07
36,Telangana,తెలంగాణ,0.0,516,Nizamabad,నిజామాబాదు,533.0,4371,Kotagiri,కోటగిరి,4371.0,2024-10-07
36,Telangana,తెలంగాణ,0.0,684,Mancherial,మంచిర్యాల్,0.0,4351,Kotapally,కోటపల్లి,4351.0,2024-10-07
8,Rajasthan,RAJASTHAN,8.0,782,Kotputli-Behror,कोटपूतली-बहरोड,,538,Kotputli,,538.0,2024-10-07
28,Andhra Pradesh,ANDHRA PRADESH,28.0,511,Kurnool,KURNOOL,552.0,5252,Kowthalam,,5252.0,2024-10-07
22,Chhattisgarh,छत्तीसगढ़,22.0,381,Uttar Bastar Kanker,उत्तर बस्तर कांकेर,413.0,7345,Koylibeda,कोयलीबेड़ा,0.0,2024-10-07
28,Andhra Pradesh,ANDHRA PRADESH,28.0,748,Eluru,Eluru,0.0,4952,Koyyalagudem,,4952.0,2024-10-07
19,West Bengal,WEST BENGAL,19.0,314,Jalpaiguri,JALPAIGURI,328.0,7119,Kranti,KRANTI,0.0,2024-10-07
36,Telangana,తెలంగాణ,0.0,721,Narayanpet,నారాయణ్ పేట్,0.0,6264,Krishna,క్రిష్ణ,0.0,2024-10-07
19,West Bengal,WEST BENGAL,19.0,320,Nadia,NADIA,336.0,2309,Krishnaganj,,2309.0,2024-10-07
19,West Bengal,WEST BENGAL,19.0,320,Nadia,NADIA,336.0,2308,Krishnagar - I,,2308.0,2024-10-07
29,Karnataka,ಕರ್ನಾಟಕ,29.0,544,Mandya,ಮಂಡ್ಯ,573.0,5546,Krishnarajpet,ಕೃಷ್ಣರಾಜಪೇಟೆ,5546.0,2024-10-07
28,Andhra Pradesh,ANDHRA PRADESH,28.0,502,Ananthapuramu,అనంతపురము,553.0,5323,Kudair,,5323.0,2024-10-07
27,Maharashtra,महाराष्ट्र,27.0,495,Sindhudurg,सिंधुदुर्ग,529.0,4280,Kudal,कुडाळ,4280.0,2024-10-07
23,Madhya Pradesh,MADHYA PRADESH,23.0,403,Dhar,धार,438.0,3536,Kukshi,कुक्षी,3536.0,2024-10-07
1,Jammu And Kashmir,JAMMU AND KASHMIR,1.0,622,Kulgam,KULGAM,15.0,59,Kulgam,,59.0,2024-10-07
2,Himachal Pradesh,HIMACHAL PRADESH,2.0,20,Kullu,KULLU,26.0,118,Kullu,,118.0,2024-10-07
20,Jharkhand,झारखंड,20.0,343,West Singhbhum,पश्चिमी सिंघभूम,368.0,2744,Kumardungi,कुमारडूगी,2744.0,2024-10-07
2,Himachal Pradesh,HIMACHAL PRADESH,2.0,23,Shimla,SHIMLA,33.0,179,Kumarsain,,179.0,2024-10-07
33,Tamil Nadu,TAMIL NADU,33.0,587,The Nilgiris,THE NILGIRIS,611.0,5759,Kundah,,5759.0,2024-10-07
8,Rajasthan,RAJASTHAN,8.0,97,Dausa,DAUSA,109.0,7382,Kundal,कुण्‍डल,0.0,2024-10-07
21,Odisha,ODISHA,21.0,363,Koraput,KORAPUT,398.0,3210,Kundura,,3210.0,2024-10-07
36,Telangana,తెలంగాణ,0.0,680,Nirmal,నిర్మల్,0.0,4337,Kuntala,కుంటాల,4337.0,2024-10-07
2,Himachal Pradesh,HIMACHAL PRADESH,2.0,23,Shimla,SHIMLA,33.0,6962,Kupvi,,0.0,2024-10-07
1,Jammu And Kashmir,JAMMU AND KASHMIR,1.0,8,Kupwara,KUPWARA,1.0,1,Kupwara,,1.0,2024-10-07
8,Rajasthan,RAJASTHAN,8.0,117,Udaipur,UDAIPUR,130.0,7156,Kurabad,कुराबड़,0.0,2024-10-07
20,Jharkhand,झारखंड,20.0,342,Simdega,सिमडेगा,367.0,2720,Kurdeg,,2720.0,2024-10-07
33,Tamil Nadu,TAMIL NADU,33.0,570,Cuddalore,CUDDALORE,617.0,5790,Kurinjipadi,,5790.0,2024-10-07
28,Andhra Pradesh,ANDHRA PRADESH,28.0,511,Kurnool,KURNOOL,552.0,5259,Kurnool Rural,Kurnool Rural,5259.0,2024-10-07
10,Bihar,BIHAR,10.0,201,Katihar,कटिहार,212.0,1155,Kursela,कुर्सेला,1155.0,2024-10-07
19,West Bengal,WEST BENGAL,19.0,309,Darjeeling,DARJEELING,327.0,2161,Kurseong,,2161.0,2024-10-07
22,Chhattisgarh,छत्तीसगढ़,22.0,377,Dhamtari,धमतरी,412.0,3344,Kurud,,3344.0,2024-10-07
21,Odisha,ODISHA,21.0,373,Sundargarh,SUNDARGARH,374.0,2813,Kutra,,2813.0,2024-10-07
12,Arunachal Pradesh,ARUNACHAL PRADESH,12.0,231,East Kameng,EAST KAMENG,247.0,6098,Lada Circle,,0.0,2024-10-07
8,Rajasthan,RAJASTHAN,8.0,109,Kota,KOTA,127.0,667,Ladpura,,667.0,2024-10-07
9,Uttar Pradesh,UTTAR PRADESH,9.0,183,Sitapur,SITAPUR,154.0,805,Laharpur,,805.0,2024-10-07
2,Himachal Pradesh,HIMACHAL PRADESH,2.0,21,Lahaul And Spiti,Lahaul and Spiti,25.0,115,Lahul,,115.0,2024-10-07
27,Maharashtra,महाराष्ट्र,27.0,471,Bhandara,भंडारा,506.0,4041,Lakhani,लाखनी,4041.0,2024-10-07
6,Haryana,HARYANA,6.0,73,Rohtak,ROHTAK,82.0,6468,Lakhan Majra St,लाखन माजरा,0.0,2024-10-07
21,Odisha,ODISHA,21.0,357,Jharsuguda,JHARSUGUDA,371.0,2771,Lakhanpur,,2771.0,2024-10-07
24,Gujarat,GUJARAT,24.0,449,Kachchh,KACHCHH,468.0,3722,Lakhpat,,3722.0,2024-10-07
33,Tamil Nadu,TAMIL NADU,33.0,591,Tiruchirappalli,TIRUCHIRAPPALLI,614.0,5777,Lalgudi,,5777.0,2024-10-07
2,Himachal Pradesh,HIMACHAL PRADESH,2.0,17,Hamirpur,HAMIRPUR,28.0,7285,Lambloo,,0.0,2024-10-07
1,Jammu And Kashmir,JAMMU AND KASHMIR,1.0,8,Kupwara,KUPWARA,1.0,6789,Langate,Langate,0.0,2024-10-07
10,Bihar,BIHAR,10.0,211,Pashchim Champaran,पश्चिम चम्पारण,203.0,1018,Lauriya,लौरिया,1018.0,2024-10-07
24,Gujarat,GUJARAT,24.0,445,Dahod,DAHOD,485.0,3892,Limkheda,,3892.0,2024-10-07
12,Arunachal Pradesh,ARUNACHAL PRADESH,12.0,243,West Siang,WEST SIANG,250.0,1632,Liromoba Eac,Liromoba,1632.0,2024-10-07
20,Jharkhand,झारखंड,20.0,337,Pakur,पाकुर,353.0,2573,Litipara,,2573.0,2024-10-07
24,Gujarat,GUJARAT,24.0,457,Rajkot,RAJKOT,476.0,3804,Lodhika,,3804.0,2024-10-07
5,Uttarakhand,UTTARAKHAND,5.0,48,Champawat,CHAMPAWAT,65.0,336,Lohaghat,,336.0,2024-10-07
22,Chhattisgarh,छत्तीसगढ़,22.0,374,Bastar,बस्तर,414.0,3361,Lohandiguda,,3361.0,2024-10-07
20,Jharkhand,झारखंड,20.0,336,Lohardaga,लोहरदगा,356.0,2601,Lohardaga,,2601.0,2024-10-07
6,Haryana,HARYANA,6.0,59,Bhiwani,BHIWANI,81.0,401,Loharu,,401.0,2024-10-07
13,Nagaland,NAGALAND,13.0,246,Mokokchung,MOKOKCHUNG,262.0,1758,Longchem,,1758.0,2024-10-07
13,Nagaland,NAGALAND,13.0,249,Tuensang,TUENSANG,267.0,1816,Longkhim,,1816.0,2024-10-07
3,Punjab,PUNJAB,3.0,27,Amritsar,AMRITSAR,49.0,7341,Lopoke,,0.0,2024-10-07
17,Meghalaya,MEGHALAYA,17.0,657,East Jaintia Hills,EAST JAINTIA HILLS,0.0,7337,Lumshnong,,0.0,2024-10-07
22,Chhattisgarh,छत्तीसगढ़,22.0,389,Surguja,सरगुजा,401.0,3251,Lundra,,3251.0,2024-10-07
15,Mizoram,MIZORAM,15.0,265,Lunglei,LUNGLEI,286.0,1913,Lungsen,,1913.0,2024-10-07
1,Jammu And Kashmir,JAMMU AND KASHMIR,1.0,620,Kishtwar,,18.0,6767,Machail,Machail,0.0,2024-10-07
21,Odisha,ODISHA,21.0,363,Koraput,KORAPUT,398.0,3212,Machh Kund,,3212.0,2024-10-07
5,Uttarakhand,UTTARAKHAND,5.0,45,Almora,ALMORA,64.0,6339,Machhor,,0.0,2024-10-07
1,Jammu And Kashmir,JAMMU AND KASHMIR,1.0,8,Kupwara,KUPWARA,1.0,6785,Machil,Machil,0.0,2024-10-07
5,Uttarakhand,UTTARAKHAND,5.0,55,Tehri Garhwal,TEHRI GARHWAL,59.0,6362,Madannegi,,0.0,2024-10-07
29,Karnataka,ಕರ್ನಾಟಕ,29.0,541,Kodagu,ಕೊಡಗು,576.0,5566,Madikeri,ಮಡಿಕೇರಿ,5566.0,2024-10-07
36,Telangana,తెలంగాణ,0.0,685,Kamareddy,కామారెడ్డి,0.0,4372,Madnoor,మద్నూర్,4372.0,2024-10-07
33,Tamil Nadu,TAMIL NADU,33.0,578,Madurai,MADURAI,623.0,5841,Madurai South,,5841.0,2024-10-07
29,Karnataka,ಕರ್ನಾಟಕ,29.0,631,Ramanagara,ರಾಮನಗರ,584.0,5605,Magadi,,5605.0,2024-10-07
19,West Bengal,WEST BENGAL,19.0,304,South 24 Parganas,SOUTH 24 Parganas,343.0,2423,Magrahat - II,,2423.0,2024-10-07
27,Maharashtra,महाराष्ट्र,27.0,491,Raigad,रायगड,520.0,4185,Mahad,महाड,4185.0,2024-10-07
1,Jammu And Kashmir,JAMMU AND KASHMIR,1.0,7,Kathua,KATHUA,7.0,6725,Mahanpur,Mahanpur,0.0,2024-10-07
9,Uttar Pradesh,UTTAR PRADESH,9.0,175,Rae Bareli,RAE BARELI,158.0,823,Maharajganj,,823.0,2024-10-07
6,Haryana,HARYANA,6.0,69,Mahendragarh,MAHENDRAGARH,84.0,411,Mahendragarh,,411.0,2024-10-07
24,Gujarat,GUJARAT,24.0,451,Mahesana,MAHESANA,471.0,3757,Mahesana,,3757.0,2024-10-07
9,Uttar Pradesh,UTTAR PRADESH,9.0,161,Lalitpur,LALITPUR,167.0,863,Mahroni,,863.0,2024-10-07
10,Bihar,BIHAR,10.0,224,Vaishali,वैशाली,220.0,1275,Mahua,महुआ,1275.0,2024-10-07
20,Jharkhand,झारखंड,20.0,335,Latehar,लातेहार,359.0,2637,Mahuadanr,महुआडांड़,2637.0,2024-10-07
27,Maharashtra,महाराष्ट्र,27.0,485,Nanded,नांदेड,511.0,4095,Mahur,माहूर,4095.0,2024-10-07
8,Rajasthan,RAJASTHAN,8.0,97,Dausa,DAUSA,109.0,534,Mahwa,,534.0,2024-10-07
1,Jammu And Kashmir,JAMMU AND KASHMIR,1.0,5,Jammu,JAMMU,21.0,6702,Maira Mandrian,Maira Mandrian,0.0,2024-10-07
23,Madhya Pradesh,MADHYA PRADESH,23.0,411,Jabalpur,जबलपुर,451.0,3628,Majholi,मझोली,3628.0,2024-10-07
3,Punjab,PUNJAB,3.0,27,Amritsar,AMRITSAR,49.0,6854,Majitha,Majitha,0.0,2024-10-07
28,Andhra Pradesh,ANDHRA PRADESH,28.0,743,Parvathipuram Manyam,Parvathipuram Manyam,0.0,4813,Makkuva,,4813.0,2024-10-07
19,West Bengal,WEST BENGAL,19.0,314,Jalpaiguri,JALPAIGURI,328.0,2167,Mal,,2167.0,2024-10-07
19,West Bengal,WEST BENGAL,19.0,316,Malda,MALDA,332.0,2217,Maldah (Old),,2217.0,2024-10-07
3,Punjab,PUNJAB,3.0,39,Sri Muktsar Sahib,ਸ੍ਰੀ ਮੁਕਤਸਰ ਸਾਹਿਬ,44.0,239,Malout,,239.0,2024-10-07
8,Rajasthan,RAJASTHAN,8.0,116,Tonk,TONK,120.0,615,Malpura,,615.0,2024-10-07
27,Maharashtra,महाराष्ट्र,27.0,496,Solapur,सोलापूर,526.0,4250,Malshiras,माळशिरस,4250.0,2024-10-07
23,Madhya Pradesh,MADHYA PRADESH,23.0,425,Sagar,सागर,427.0,3445,Malthon,मालथौन,3445.0,2024-10-07
27,Maharashtra,महाराष्ट्र,27.0,495,Sindhudurg,सिंधुदुर्ग,529.0,4278,Malwan,मालवण,4278.0,2024-10-07
2,Himachal Pradesh,HIMACHAL PRADESH,2.0,20,Kullu,KULLU,26.0,117,Manali,,117.0,2024-10-07
33,Tamil Nadu,TAMIL NADU,33.0,582,Pudukkottai,PUDUKKOTTAI,621.0,5827,Manamelkudi,,5827.0,2024-10-07
21,Odisha,ODISHA,21.0,349,Boudh,BOUDH,391.0,3128,Manamunda,,3128.0,2024-10-07
33,Tamil Nadu,TAMIL NADU,33.0,591,Tiruchirappalli,TIRUCHIRAPPALLI,614.0,5781,Manapparai,,5781.0,2024-10-07
24,Gujarat,GUJARAT,24.0,448,Junagadh,JUNAGADH,479.0,3825,Manavadar,,3825.0,2024-10-07
36,Telangana,తెలంగాణ,0.0,684,Mancherial,మంచిర్యాల్,0.0,4352,Mandamarri,మందమర్రి,4352.0,2024-10-07
28,Andhra Pradesh,ANDHRA PRADESH,28.0,519,Srikakulam,SRIKAKULAM,542.0,4776,Mandasa,,4776.0,2024-10-07
8,Rajasthan,RAJASTHAN,8.0,108,Karauli,KARAULI,107.0,524,Mandrayal,Mandrayal,524.0,2024-10-07
23,Madhya Pradesh,MADHYA PRADESH,23.0,416,Mandsaur,मन्दसौर,433.0,3496,Mandsaur,मँदसौर,3496.0,2024-10-07
29,Karnataka,ಕರ್ನಾಟಕ,29.0,544,Mandya,ಮಂಡ್ಯ,573.0,5550,Mandya,ಮಂಡ್ಯ,5550.0,2024-10-07
24,Gujarat,GUJARAT,24.0,459,Surat,SURAT,492.0,3933,Mangrol,,3933.0,2024-10-07
8,Rajasthan,RAJASTHAN,8.0,89,Baran,BARAN,128.0,670,Mangrol,मांगरोल,670.0,2024-10-07
8,Rajasthan,RAJASTHAN,8.0,98,Dholpur,DHOLPUR,106.0,6933,Mania,मनियां,0.0,2024-10-07
19,West Bengal,WEST BENGAL,19.0,316,Malda,MALDA,332.0,2219,Manikchak,,2219.0,2024-10-07
9,Uttar Pradesh,UTTAR PRADESH,9.0,136,Chitrakoot,CHITRAKOOT,171.0,5930,Manikpur,MANIKPUR,0.0,2024-10-07
32,Kerala,KERALA,32.0,563,Palakkad,പാലക്കാട്,593.0,5648,Mannarkad,മണ്ണാര്‍ക്കാട്,5648.0,2024-10-07
36,Telangana,తెలంగాణ,0.0,513,Medak,మెదక్,535.0,6273,Manoharabad,మనోహరాబాద్,0.0,2024-10-07
3,Punjab,PUNJAB,3.0,37,Mansa,ਮਾਨਸਾ,47.0,249,Mansa,ਮਾਨਸਾ,249.0,2024-10-07
19,West Bengal,WEST BENGAL,19.0,306,Purba Bardhaman,PURBA BARDHAMAN,335.0,2285,Manteswar,,2285.0,2024-10-07
33,Tamil Nadu,TAMIL NADU,33.0,592,Tirunelveli,TIRUNELVELI,628.0,6647,Manur,மானூா்,0.0,2024-10-07
20,Jharkhand,झारखंड,20.0,324,Deoghar,देवघर,350.0,2551,Margo Munda,मार्गोमुंडा,2551.0,2024-10-07
18,Assam,ASSAM,18.0,290,Jorhat,JORHAT,312.0,2081,Mariani,,2081.0,2024-10-07
36,Telangana,తెలంగాణ,0.0,721,Narayanpet,నారాయణ్ పేట్,0.0,6263,Marikal,మరికల్,0.0,2024-10-07
28,Andhra Pradesh,ANDHRA PRADESH,28.0,517,Prakasam,PRAKASAM,549.0,5115,Markapuram,మార్కాపురం,5115.0,2024-10-07
36,Telangana,తెలంగాణ,0.0,698,Vikarabad,వికారాబాద్,0.0,4512,Marpalle,మర్పల్లి(M),4512.0,2024-10-07
28,Andhra Pradesh,ANDHRA PRADESH,28.0,515,Sri Potti Sriramulu Nellore,శ్రీ పొట్టి శ్రీరాములు నెల్లూరు,550.0,5163,Marripadu,,5163.0,2024-10-07
28,Andhra Pradesh,ANDHRA PRADESH,28.0,750,Bapatla,Bapatla,0.0,5106,Martur,,5106.0,2024-10-07
1,Jammu And Kashmir,JAMMU AND KASHMIR,1.0,620,Kishtwar,,18.0,69,Marwah,,69.0,2024-10-07
10,Bihar,BIHAR,10.0,218,Saran,सारण,219.0,1248,Mashrakh,मशरख,1248.0,2024-10-07
9,Uttar Pradesh,UTTAR PRADESH,9.0,167,Mathura,MATHURA,145.0,762,Mat,,762.0,2024-10-07
24,Gujarat,GUJARAT,24.0,450,Kheda,KHEDA,483.0,3875,Matar,,3875.0,2024-10-07
19,West Bengal,WEST BENGAL,19.0,308,Cooch Behar,COOCH BEHAR,329.0,2182,Mathabhanga II,,2182.0,2024-10-07
21,Odisha,ODISHA,21.0,364,Malkangiri,MALKANGIRI,399.0,3221,Mathili,,3221.0,2024-10-07
18,Assam,ASSAM,18.0,287,Goalpara,GOALPARA,302.0,2015,Matia,,2015.0,2024-10-07
3,Punjab,PUNJAB,3.0,28,Bathinda,BATHINDA,46.0,6858,Maur,,0.0,2024-10-07
8,Rajasthan,RAJASTHAN,8.0,769,Dudu,दूदू,,543,Mauzamabad,,543.0,2024-10-07
9,Uttar Pradesh,UTTAR PRADESH,9.0,169,Meerut,MEERUT,138.0,733,Mawana,,733.0,2024-10-07
17,Meghalaya,MEGHALAYA,17.0,274,East Khasi Hills,EAST KHASI HILLS,298.0,6540,Mawlai,,0.0,2024-10-07
17,Meghalaya,MEGHALAYA,17.0,279,West Khasi Hills,WEST KHASI HILLS,296.0,1979,Mawshynrut,,1979.0,2024-10-07
19,West Bengal,WEST BENGAL,19.0,314,Jalpaiguri,JALPAIGURI,328.0,2177,Maynaguri,,2177.0,2024-10-07
19,West Bengal,WEST BENGAL,19.0,307,Birbhum,BIRBHUM,334.0,2255,Mayureswar - I,,2255.0,2024-10-07
9,Uttar Pradesh,UTTAR PRADESH,9.0,161,Lalitpur,LALITPUR,167.0,6369,Mdawara,मडावरा,0.0,2024-10-07
12,Arunachal Pradesh,ARUNACHAL PRADESH,12.0,725,Shi Yomi,SHI YOMI,0.0,1622,Mechuka Adc,Mechuka,1622.0,2024-10-07
36,Telangana,తెలంగాణ,0.0,681,Jagitial,జగిత్యాల,0.0,4415,Medipalli,మేడిపల్లి,4415.0,2024-10-07
36,Telangana,తెలంగాణ,0.0,700,Medchal Malkajgiri,మేడ్చల్ మల్కాజిగిరి,0.0,6318,Medipally,మేడిపల్లి,0.0,2024-10-07
13,Nagaland,NAGALAND,13.0,758,Chumoukedima,Chumoukedima,0.0,1799,Medziphema,,1799.0,2024-10-07
9,Uttar Pradesh,UTTAR PRADESH,9.0,169,Meerut,MEERUT,138.0,734,Meerut,,734.0,2024-10-07
24,Gujarat,GUJARAT,24.0,672,Arvalli,,0.0,3765,Meghraj,,3765.0,2024-10-07
8,Rajasthan,RAJASTHAN,8.0,110,Nagaur,NAGAUR,112.0,562,Merta,,562.0,2024-10-07
33,Tamil Nadu,TAMIL NADU,33.0,584,Salem,SALEM,608.0,5736,Mettur,,5736.0,2024-10-07
12,Arunachal Pradesh,ARUNACHAL PRADESH,12.0,229,Changlang,CHANGLANG,253.0,1680,Miao Adc,Miao ADC,1680.0,2024-10-07
12,Arunachal Pradesh,ARUNACHAL PRADESH,12.0,240,Upper Siang,UPPER SIANG,252.0,1659,Migging Circle,Migging Circle,1659.0,2024-10-07
9,Uttar Pradesh,UTTAR PRADESH,9.0,125,Bahraich,BAHRAICH,180.0,6862,Mihinpurwa Motipur,,0.0,2024-10-07
9,Uttar Pradesh,UTTAR PRADESH,9.0,170,Mirzapur,मिर्ज़ापुर,199.0,1000,Mirzapur,मिर्ज़ापुर,1000.0,2024-10-07
9,Uttar Pradesh,UTTAR PRADESH,9.0,145,Ghaziabad,GHAZIABAD,140.0,738,Modinagar,,738.0,2024-10-07
23,Madhya Pradesh,MADHYA PRADESH,23.0,399,Chhindwara,छिन्दवाड़ा,455.0,3655,Mohkhed,मोहखेड़,3655.0,2024-10-07
23,Madhya Pradesh,MADHYA PRADESH,23.0,430,Shajapur,शाजापुर,436.0,3521,Moman Badodiya,मोमन बडोदिया,3521.0,2024-10-07
12,Arunachal Pradesh,ARUNACHAL PRADESH,12.0,725,Shi Yomi,SHI YOMI,0.0,1623,Monigong Eac,Monigong,1623.0,2024-10-07
29,Karnataka,ಕರ್ನಾಟಕ,29.0,534,Dakshina Kannada,ದಕ್ಷಿಣ ಕನ್ನಡ,575.0,7102,Moodubidire,,0.0,2024-10-07
28,Andhra Pradesh,ANDHRA PRADESH,28.0,510,Krishna,KRISHNA,547.0,5036,Mopidevi,,5036.0,2024-10-07
13,Nagaland,NAGALAND,13.0,247,Mon,MON,261.0,1755,Mopong,,1755.0,2024-10-07
9,Uttar Pradesh,UTTAR PRADESH,9.0,171,Moradabad,MORADABAD,135.0,719,Moradabad,,719.0,2024-10-07
14,Manipur,MANIPUR,14.0,716,Tengnoupal,TENGNOUPAL,0.0,6498,Moreh,MOREH,0.0,2024-10-07
24,Gujarat,GUJARAT,24.0,673,Morbi,MORBI,0.0,3799,Morvi,,3799.0,2024-10-07
29,Karnataka,ಕರ್ನಾಟಕ,29.0,527,Belagavi,ಬೆಳಗಾವಿ,555.0,7099,Mudalgi,,0.0,2024-10-07
28,Andhra Pradesh,ANDHRA PRADESH,28.0,754,Sri Sathya Sai,Sri Sathya Sai,0.0,5339,Mudigubba,,5339.0,2024-10-07
10,Bihar,BIHAR,10.0,196,Gaya,गया,236.0,1492,Muhra,मोहडा,1492.0,2024-10-07
3,Punjab,PUNJAB,3.0,39,Sri Muktsar Sahib,ਸ੍ਰੀ ਮੁਕਤਸਰ ਸਾਹਿਬ,44.0,241,Muktsar,,241.0,2024-10-07
28,Andhra Pradesh,ANDHRA PRADESH,28.0,520,Visakhapatnam,విశాఖపట్నం,544.0,6839,Mulagada,Mulagada,0.0,2024-10-07
29,Karnataka,ಕರ್ನಾಟಕ,29.0,542,Kolar,ಕೋಲಾರ,581.0,5594,Mulbagal,ಮುಳಬಾಗಿಲು,5594.0,2024-10-07
27,Maharashtra,महाराष्ट्र,27.0,475,Gadchiroli,गडचिरोली,508.0,4059,Mulchera,मुलचेरा,4059.0,2024-10-07
36,Telangana,తెలంగాణ,0.0,690,Bhadradri Kothagudem,భద్రాద్రి కొత్తగూడెం,0.0,4748,Mulkalapally,ములకలపల్లి,4748.0,2024-10-07
36,Telangana,తెలంగాణ,0.0,696,Suryapet,సూర్యాపేట,0.0,4642,Munagala,మునగాల,4642.0,2024-10-07
29,Karnataka,ಕರ್ನಾಟಕ,29.0,550,Uttara Kannada,ಉತ್ತರ ಕನ್ನಡ,563.0,5482,Mundgod,ಮುಂಡಗೋಡ,5482.0,2024-10-07
36,Telangana,తెలంగాణ,0.0,691,Sangareddy,సంగారెడ్డి,0.0,4477,Munipally,మునిపల్లి,4477.0,2024-10-07
5,Uttarakhand,UTTARAKHAND,5.0,53,Pithoragarh,PITHORAGARH,62.0,315,Munsiari,,315.0,2024-10-07
36,Telangana,తెలంగాణ,0.0,514,Nalgonda,నల్గొండ,539.0,4647,Munugode,మునుగోడు,4647.0,2024-10-07
27,Maharashtra,महाराष्ट्र,27.0,497,Thane,ठाणे,517.0,4171,Murbad,मुरबाड,4171.0,2024-10-07
36,Telangana,తెలంగాణ,0.0,683,Rajanna Sircilla,రాజన్న సిరిసిల్ల,0.0,4434,Mustabad,ముస్తాబాద్,4434.0,2024-10-07
33,Tamil Nadu,TAMIL NADU,33.0,590,Thiruvarur,THIRUVARUR,619.0,7408,Muthupettai,முத்துப்பேட்டை,0.0,2024-10-07
19,West Bengal,WEST BENGAL,19.0,320,Nadia,NADIA,336.0,2307,Nabadwip,,2307.0,2024-10-07
12,Arunachal Pradesh,ARUNACHAL PRADESH,12.0,241,Upper Subansiri,UPPER SUBANSIRI,249.0,1609,Nacho Sdo,Nacho SDO,1609.0,2024-10-07
2,Himachal Pradesh,HIMACHAL PRADESH,2.0,17,Hamirpur,HAMIRPUR,28.0,141,Nadaun,,141.0,2024-10-07
18,Assam,ASSAM,18.0,301,Sonitpur,SONITPUR,306.0,7416,Naduar,ন-দুৱাৰ,0.0,2024-10-07
29,Karnataka,ಕರ್ನಾಟಕ,29.0,544,Mandya,ಮಂಡ್ಯ,573.0,5547,Nagamangala,ನಾಗಮಂಗಲ,5547.0,2024-10-07
33,Tamil Nadu,TAMIL NADU,33.0,579,Nagapattinam,NAGAPATTINAM,618.0,5799,Nagapattinam,,5799.0,2024-10-07
8,Rajasthan,RAJASTHAN,8.0,767,Deeg,डीग,,507,Nagar,,507.0,2024-10-07
36,Telangana,తెలంగాణ,0.0,694,Nagarkurnool,నాగర్ కర్నూల్,0.0,4583,Nagarkurnool,నాగర్ కర్నూల్,4583.0,2024-10-07
6,Haryana,HARYANA,6.0,604,Nuh,नूँह,87.0,6477,Nagina St,नगीना,0.0,2024-10-07
13,Nagaland,NAGALAND,13.0,247,Mon,MON,261.0,1744,Naginimora,,1744.0,2024-10-07
23,Madhya Pradesh,MADHYA PRADESH,23.0,426,Satna,सतना,429.0,3464,Nagod,नागौद,3464.0,2024-10-07
10,Bihar,BIHAR,10.0,218,Saran,सारण,219.0,1259,Nagra,नगरा,1259.0,2024-10-07
20,Jharkhand,झारखंड,20.0,339,Ranchi,रांची,364.0,2692,Nagri,,2692.0,2024-10-07
22,Chhattisgarh,छत्तीसगढ़,22.0,377,Dhamtari,धमतरी,412.0,3347,Nagri,,3347.0,2024-10-07
2,Himachal Pradesh,HIMACHAL PRADESH,2.0,18,Kangra,KANGRA,24.0,101,Nagrota Bagwan,,101.0,2024-10-07
2,Himachal Pradesh,HIMACHAL PRADESH,2.0,18,Kangra,KANGRA,24.0,6895,Nagrota Surian,,0.0,2024-10-07
28,Andhra Pradesh,ANDHRA PRADESH,28.0,517,Prakasam,PRAKASAM,549.0,5126,Naguluppala Padu,,5126.0,2024-10-07
18,Assam,ASSAM,18.0,286,Dibrugarh,DIBRUGARH,310.0,2069,Naharkatiya,,2069.0,2024-10-07
12,Arunachal Pradesh,ARUNACHAL PRADESH,12.0,237,Papum Pare,PAPUM PARE,248.0,1596,Naharlagun Eac,,1596.0,2024-10-07
6,Haryana,HARYANA,6.0,72,Rewari,REWARI,85.0,6465,Nahar St,नाहर,0.0,2024-10-07
21,Odisha,ODISHA,21.0,348,Bhadrak,BHADRAK,378.0,2916,Naikanidihi,,2916.0,2024-10-07
5,Uttarakhand,UTTARAKHAND,5.0,51,Nainital,NAINITAL,66.0,340,Nainital,,340.0,2024-10-07
19,West Bengal,WEST BENGAL,19.0,320,Nadia,NADIA,336.0,2304,Nakashipara,,2304.0,2024-10-07
20,Jharkhand,झारखंड,20.0,333,Jamtara,जामताड़ा,363.0,2679,Nala,नाला,2679.0,2024-10-07
19,West Bengal,WEST BENGAL,19.0,307,Birbhum,BIRBHUM,334.0,2252,Nalhati - II,,2252.0,2024-10-07
23,Madhya Pradesh,MADHYA PRADESH,23.0,667,Agar-Malwa,आगर-मालवा,0.0,3516,Nalkheda,नलखेडा,3516.0,2024-10-07
36,Telangana,తెలంగాణ,0.0,522,Warangal,వరంగల్,540.0,4692,Nallabelli,నల్లబెల్లి,4692.0,2024-10-07
28,Andhra Pradesh,ANDHRA PRADESH,28.0,754,Sri Sathya Sai,Sri Sathya Sai,0.0,5344,Nallamada,,5344.0,2024-10-07
14,Manipur,MANIPUR,14.0,252,Bishnupur,BISHNUPUR,275.0,1873,Nambol,,1873.0,2024-10-07
36,Telangana,తెలంగాణ,0.0,514,Nalgonda,నల్గొండ,539.0,4654,Nampally,నాంపల్లి,4654.0,2024-10-07
28,Andhra Pradesh,ANDHRA PRADESH,28.0,753,Annamayya,Annamayya,0.0,5243,Nandalur,,5243.0,2024-10-07
28,Andhra Pradesh,ANDHRA PRADESH,28.0,749,Ntr,NTR,0.0,4993,Nandigama,,4993.0,2024-10-07
28,Andhra Pradesh,ANDHRA PRADESH,28.0,755,Nandyal,Nandyal,0.0,5284,Nandyal,,5284.0,2024-10-07
33,Tamil Nadu,TAMIL NADU,33.0,592,Tirunelveli,TIRUNELVELI,628.0,5879,Nanguneri,,5879.0,2024-10-07
29,Karnataka,ಕರ್ನಾಟಕ,29.0,545,Mysuru,ಮೈಸೂರು,577.0,5574,Nanjangud,ನಂಜನಗೂಡು,5574.0,2024-10-07
19,West Bengal,WEST BENGAL,19.0,307,Birbhum,BIRBHUM,334.0,2263,Nanoor,,2263.0,2024-10-07
9,Uttar Pradesh,UTTAR PRADESH,9.0,125,Bahraich,BAHRAICH,180.0,919,Nanpara,,919.0,2024-10-07
21,Odisha,ODISHA,21.0,358,Kalahandi,KALAHANDI,395.0,3161,Narala,,3161.0,2024-10-07
28,Andhra Pradesh,ANDHRA PRADESH,28.0,751,Palnadu,Palnadu,0.0,5067,Narasaraopet,,5067.0,2024-10-07
21,Odisha,ODISHA,21.0,350,Cuttack,CUTTACK,381.0,2944,Narasinghpur,,2944.0,2024-10-07
36,Telangana,తెలంగాణ,0.0,692,Siddipet,సిద్దిపేట,0.0,6670,Narayanaraopet,నారాయణరావు పెట్,0.0,2024-10-07
21,Odisha,ODISHA,21.0,363,Koraput,KORAPUT,398.0,3204,Narayanpatana,,3204.0,2024-10-07
7,Delhi,DELHI,7.0,80,North,NORTH,91.0,430,Narela,,430.0,2024-10-07
12,Arunachal Pradesh,ARUNACHAL PRADESH,12.0,719,Lower Siang,LOWER SIANG,0.0,1651,Nari Adc,,1651.0,2024-10-07
36,Telangana,తెలంగాణ,0.0,514,Nalgonda,నల్గొండ,539.0,4634,Narketpally,నార్కటుపల్లి,4634.0,2024-10-07
36,Telangana,తెలంగాణ,0.0,680,Nirmal,నిర్మల్,0.0,6208,Narsapur G,నర్సాపూర్ (జి),0.0,2024-10-07
36,Telangana,తెలంగాణ,0.0,688,Mahabubabad,మహబుబాబాద్,0.0,4719,Narsimhulapet,నర్సింహులపేట,4719.0,2024-10-07
28,Andhra Pradesh,ANDHRA PRADESH,28.0,744,Anakapalli,Anakapalli,0.0,4852,Nathavaram,,4852.0,2024-10-07
10,Bihar,BIHAR,10.0,212,Patna,पटना,230.0,1404,Naubatpur,नौबतपुर,1404.0,2024-10-07
21,Odisha,ODISHA,21.0,355,Jagatsinghapur,JAGATSINGHAPUR,380.0,2942,Naugaon,,2942.0,2024-10-07
9,Uttar Pradesh,UTTAR PRADESH,9.0,182,Siddharthnagar,SIDDHARTHNAGAR,184.0,933,Naugarh,,933.0,2024-10-07
24,Gujarat,GUJARAT,24.0,453,Navsari,NAVSARI,490.0,3922,Navsari,,3922.0,2024-10-07
9,Uttar Pradesh,UTTAR PRADESH,9.0,130,Bareilly,BAREILLY,150.0,788,Nawabganj,,788.0,2024-10-07
3,Punjab,PUNJAB,3.0,40,Shahid Bhagat Singh Nagar,Shahid Bhagat Singh Nagar,39.0,218,Nawanshahr,,218.0,2024-10-07
19,West Bengal,WEST BENGAL,19.0,319,Murshidabad,MURSHIDABAD,333.0,2243,Nawda,,2243.0,2024-10-07
21,Odisha,ODISHA,21.0,367,Nayagarh,NAYAGARH,385.0,3030,Nayagarh Sadar,,3030.0,2024-10-07
19,West Bengal,WEST BENGAL,19.0,703,Jhargram,Jhargram,0.0,2458,Nayagram,,2458.0,2024-10-07
32,Kerala,KERALA,32.0,565,Thiruvananthapuram,തിരുവനന്തപുരം,601.0,5690,Nedumangad,നെടുമങ്ങാട്,5690.0,2024-10-07
23,Madhya Pradesh,MADHYA PRADESH,23.0,419,Neemuch,नीमच,432.0,3489,Neemuch,नीमच,3489.0,2024-10-07
28,Andhra Pradesh,ANDHRA PRADESH,28.0,751,Palnadu,Palnadu,0.0,5060,Nekarikallu,,5060.0,2024-10-07
36,Telangana,తెలంగాణ,0.0,522,Warangal,వరంగల్,540.0,4713,Nekkonda,నెక్కొండ,4713.0,2024-10-07
29,Karnataka,ಕರ್ನಾಟಕ,29.0,530,Vijayapura,ವಿಜಯಾಪುರ,557.0,7075,Nidagundi,,0.0,2024-10-07
20,Jharkhand,झारखंड,20.0,338,Palamu,पलामू,358.0,2632,Nilambar-Pitambarpur(Lesliganj),,2632.0,2024-10-07
12,Arunachal Pradesh,ARUNACHAL PRADESH,12.0,241,Upper Subansiri,UPPER SUBANSIRI,249.0,6552,Nilling Circle,Nilling Circle,0.0,2024-10-07
8,Rajasthan,RAJASTHAN,8.0,95,Chittorgarh,CHITTORGARH,126.0,663,Nimbahera,,663.0,2024-10-07
36,Telangana,తెలంగాణ,0.0,516,Nizamabad,నిజామాబాదు,533.0,6233,Nizamabad Rural,నిజామాబాదు రూరల్,0.0,2024-10-07
24,Gujarat,GUJARAT,24.0,641,Tapi,,493.0,3942,Nizar,,3942.0,2024-10-07
18,Assam,ASSAM,18.0,295,Lakhimpur,LAKHIMPUR,307.0,2052,North Lakhimpur,,2052.0,2024-10-07
15,Mizoram,MIZORAM,15.0,263,Kolasib,KOLASIB,282.0,1899,N Thingdawl,,1899.0,2024-10-07
21,Odisha,ODISHA,21.0,344,Anugul,ANUGUL,384.0,3004,N.T.P.C.,,3004.0,2024-10-07
14,Manipur,MANIPUR,14.0,714,Noney,NONEY,0.0,1867,Nungba,,1867.0,2024-10-07
2,Himachal Pradesh,HIMACHAL PRADESH,2.0,18,Kangra,KANGRA,24.0,93,Nurpur,,93.0,2024-10-07
12,Arunachal Pradesh,ARUNACHAL PRADESH,12.0,233,Kurung Kumey,KURUNG KUMEY,256.0,1706,Nyapin Adc,NYAPIN ADC,1706.0,2024-10-07
12,Arunachal Pradesh,ARUNACHAL PRADESH,12.0,233,Kurung Kumey,KURUNG KUMEY,256.0,6844,Nyobia Circle,NYOBIA CIRCLE,0.0,2024-10-07
37,Ladakh,Ladakh,0.0,9,Leh Ladakh,LEH LADAKH,3.0,7162,Nyoma,Nyoma,0.0,2024-10-07
22,Chhattisgarh,छत्तीसगढ़,22.0,648,Surajpur,सूरजपुर,0.0,3243,Odgi,ओड़गी,3243.0,2024-10-07
22,Chhattisgarh,छत्तीसगढ़,22.0,637,Narayanpur,नारायणपुर,415.0,3368,Orchha,,3368.0,2024-10-07
23,Madhya Pradesh,MADHYA PRADESH,23.0,722,Niwari,निवारी,0.0,3416,Orchha,ओरछा,3416.0,2024-10-07
21,Odisha,ODISHA,21.0,346,Baleshwar,BALESHWAR,377.0,2905,Oupada,,2905.0,2024-10-07
28,Andhra Pradesh,ANDHRA PRADESH,28.0,743,Parvathipuram Manyam,Parvathipuram Manyam,0.0,4818,Pachipenta,,4818.0,2024-10-07
10,Bihar,BIHAR,10.0,222,Siwan,सिवान,218.0,1237,Pachrukhi,पचरुखी,1237.0,2024-10-07
9,Uttar Pradesh,UTTAR PRADESH,9.0,160,Kushinagar,KUSHINAGAR,189.0,955,Padrauna,,955.0,2024-10-07
20,Jharkhand,झारखंड,20.0,342,Simdega,सिमडेगा,367.0,2719,Pakar Tanr,,2719.0,2024-10-07
12,Arunachal Pradesh,ARUNACHAL PRADESH,12.0,231,East Kameng,EAST KAMENG,247.0,6848,Pakoti Circle,PAKOTI CIRCLE,0.0,2024-10-07
10,Bihar,BIHAR,10.0,213,Purbi Champaran,पूर्वी चंपारण,204.0,1052,Pakri Dayal,पकरीदयाल,1052.0,2024-10-07
20,Jharkhand,झारखंड,20.0,337,Pakur,पाकुर,353.0,2578,Pakuria,,2578.0,2024-10-07
28,Andhra Pradesh,ANDHRA PRADESH,28.0,523,West Godavari,పశ్చిమగోదావరి,546.0,4977,Palacoderu,,4977.0,2024-10-07
36,Telangana,తెలంగాణ,0.0,696,Suryapet,సూర్యాపేట,0.0,6301,Palakeedu,పాలకీడు,0.0,2024-10-07
33,Tamil Nadu,TAMIL NADU,33.0,571,Dharmapuri,DHARMAPURI,630.0,5885,Palakkodu,,5885.0,2024-10-07
21,Odisha,ODISHA,21.0,344,Anugul,ANUGUL,384.0,3000,Palalahada,,3000.0,2024-10-07
24,Gujarat,GUJARAT,24.0,441,Banas Kantha,BANAS KANTHA,469.0,3739,Palanpur,,3739.0,2024-10-07
28,Andhra Pradesh,ANDHRA PRADESH,28.0,503,Chittoor,CHITTOOR,554.0,5432,Palasamudram,,5432.0,2024-10-07
10,Bihar,BIHAR,10.0,188,Araria,अररिया,209.0,1119,Palasi,पलासी,1119.0,2024-10-07
33,Tamil Nadu,TAMIL NADU,33.0,592,Tirunelveli,TIRUNELVELI,628.0,5877,Palayamkottai,,5877.0,2024-10-07
23,Madhya Pradesh,MADHYA PRADESH,23.0,434,Tikamgarh,टीकमगढ़,424.0,3420,Palera,पलेरा,3420.0,2024-10-07
6,Haryana,HARYANA,6.0,72,Rewari,REWARI,85.0,6418,Palhawas St,पाल्हावास,0.0,2024-10-07
9,Uttar Pradesh,UTTAR PRADESH,9.0,159,Kheri,KHERI,153.0,798,Palia,,798.0,2024-10-07
10,Bihar,BIHAR,10.0,212,Patna,पटना,230.0,1407,Paliganj,पालीगंज,1407.0,2024-10-07
36,Telangana,తెలంగాణ,0.0,687,Jayashankar Bhupalapally,జయశంకర్ భూపాలపల్లి,0.0,6250,Palimela,పల్మెల,0.0,2024-10-07
1,Jammu And Kashmir,JAMMU AND KASHMIR,1.0,14,Udhampur,UDHAMPUR,19.0,6735,Panchari,Panchari,0.0,2024-10-07
22,Chhattisgarh,छत्तीसगढ़,22.0,382,Kabeerdham,कबीरधाम,407.0,3301,Pandariya,,3301.0,2024-10-07
5,Uttarakhand,UTTARAKHAND,5.0,53,Pithoragarh,PITHORAGARH,62.0,6358,Pankhu,,0.0,2024-10-07
21,Odisha,ODISHA,21.0,364,Malkangiri,MALKANGIRI,399.0,3224,Paparmetla,,3224.0,2024-10-07
23,Madhya Pradesh,MADHYA PRADESH,23.0,399,Chhindwara,छिन्दवाड़ा,455.0,3652,Parasia,परासिया,3652.0,2024-10-07
36,Telangana,తెలంగాణ,0.0,698,Vikarabad,వికారాబాద్,0.0,4540,Pargi,పరిగి,4540.0,2024-10-07
10,Bihar,BIHAR,10.0,221,Sitamarhi,सीतामढी,206.0,1067,Parihar,परिहार,1067.0,2024-10-07
36,Telangana,తెలంగాణ,0.0,686,Hanumakonda,హనుమకొండ,0.0,4679,Parkal,పర్కాల,4679.0,2024-10-07
10,Bihar,BIHAR,10.0,208,Muzaffarpur,मुजफ्फरपुर,216.0,1201,Paroo,पारू,1201.0,2024-10-07
10,Bihar,BIHAR,10.0,218,Saran,सारण,219.0,1263,Parsa,परसा,1263.0,2024-10-07
28,Andhra Pradesh,ANDHRA PRADESH,28.0,743,Parvathipuram Manyam,Parvathipuram Manyam,0.0,4812,Parvathipuram,,4812.0,2024-10-07
2,Himachal Pradesh,HIMACHAL PRADESH,2.0,25,Solan,SOLAN,31.0,7126,Parwanoo,परवाणू,0.0,2024-10-07
12,Arunachal Pradesh,ARUNACHAL PRADESH,12.0,723,Pakke Kessang,PAKKE KESSANG,0.0,6846,Passa Valley Circle,PASSA VALLEY CIRCLE,0.0,2024-10-07
6,Haryana,HARYANA,6.0,62,Gurugram,GURUGRAM,86.0,416,Pataudi,,416.0,2024-10-07
10,Bihar,BIHAR,10.0,224,Vaishali,वैशाली,220.0,1274,Patepur,पातेपुर,1274.0,2024-10-07
22,Chhattisgarh,छत्तीसगढ़,22.0,380,Jashpur,जशपुर,402.0,3262,Pathalgaon,पत्थलगांव,3262.0,2024-10-07
32,Kerala,KERALA,32.0,559,Kollam,കൊല്ലം,600.0,5686,Pathanapuram,പത്തനാപുരം,5686.0,2024-10-07
23,Madhya Pradesh,MADHYA PRADESH,23.0,400,Damoh,दमोह,428.0,3457,Patharia,पथरिया,3457.0,2024-10-07
18,Assam,ASSAM,18.0,283,Darrang,DARRANG,325.0,2146,Pathorighat (Pt),,2146.0,2024-10-07
22,Chhattisgarh,छत्तीसगढ़,22.0,384,Korea,कोरिया,400.0,7309,Patna,पटना,0.0,2024-10-07
27,Maharashtra,महाराष्ट्र,27.0,470,Beed,बीड,523.0,4216,Patoda,पाटोदा,4216.0,2024-10-07
8,Rajasthan,RAJASTHAN,8.0,775,Balotra,बालोतरा,,7368,Patodi,पाटोदी,0.0,2024-10-07
19,West Bengal,WEST BENGAL,19.0,305,Bankura,BANKURA,339.0,2365,Patrasayer,,2365.0,2024-10-07
14,Manipur,MANIPUR,14.0,256,Imphal West,IMPHAL WEST,277.0,1880,Patsoi,,1880.0,2024-10-07
21,Odisha,ODISHA,21.0,360,Kendrapara,KENDRAPARA,379.0,2926,Pattamundai,,2926.0,2024-10-07
1,Jammu And Kashmir,JAMMU AND KASHMIR,1.0,3,Baramulla,BARAMULLA,8.0,34,Pattan,,34.0,2024-10-07
3,Punjab,PUNJAB,3.0,609,Tarn Taran,tarn taran,50.0,260,Patti,,260.0,2024-10-07
27,Maharashtra,महाराष्ट्र,27.0,467,Akola,अकोला,501.0,3993,Patur,पातूर,3993.0,2024-10-07
5,Uttarakhand,UTTARAKHAND,5.0,55,Tehri Garhwal,TEHRI GARHWAL,59.0,6363,Pawkidevi,,0.0,2024-10-07
28,Andhra Pradesh,ANDHRA PRADESH,28.0,755,Nandyal,Nandyal,0.0,5294,Peapully,పీపుల్లి,5294.0,2024-10-07
28,Andhra Pradesh,ANDHRA PRADESH,28.0,745,Alluri Sitharama Raju,Alluri Sitharama Raju,0.0,4842,Peda Bayalu,,4842.0,2024-10-07
28,Andhra Pradesh,ANDHRA PRADESH,28.0,748,Eluru,Eluru,0.0,4964,Pedavegi,,4964.0,2024-10-07
36,Telangana,తెలంగాణ,0.0,693,Wanaparthy,వనపర్తి,0.0,4594,Peddamandadi,పెద్ద మందడి,4594.0,2024-10-07
28,Andhra Pradesh,ANDHRA PRADESH,28.0,746,Kakinada,Kakinada,0.0,4903,Peddapuram,,4903.0,2024-10-07
36,Telangana,తెలంగాణ,0.0,688,Mahabubabad,మహబుబాబాద్,0.0,6256,Peddavangara,పెద్దవంగర,0.0,2024-10-07
36,Telangana,తెలంగాణ,0.0,680,Nirmal,నిర్మల్,0.0,6206,Pembi,పెంబి,0.0,2024-10-07
28,Andhra Pradesh,ANDHRA PRADESH,28.0,520,Visakhapatnam,విశాఖపట్నం,544.0,4862,Pendurthi,,4862.0,2024-10-07
36,Telangana,తెలంగాణ,0.0,509,Khammam,ఖమ్మం,541.0,4752,Penuballi,పెనుబల్లి,4752.0,2024-10-07
20,Jharkhand,झारखंड,20.0,336,Lohardaga,लोहरदगा,356.0,2598,Peshrar,,2598.0,2024-10-07
24,Gujarat,GUJARAT,24.0,440,Anand,ANAND,482.0,3865,Petlad,,3865.0,2024-10-07
3,Punjab,PUNJAB,3.0,35,Kapurthala,KAPURTHALA,36.0,208,Phagwara,,208.0,2024-10-07
8,Rajasthan,RAJASTHAN,8.0,117,Udaipur,UDAIPUR,130.0,7385,Phalasia,फलासिया,0.0,2024-10-07
9,Uttar Pradesh,UTTAR PRADESH,9.0,164,Mahrajganj,MAHRAJGANJ,187.0,946,Pharenda,,946.0,2024-10-07
10,Bihar,BIHAR,10.0,213,Purbi Champaran,पूर्वी चंपारण,204.0,1054,Phenhara,फेनहारा,1054.0,2024-10-07
13,Nagaland,NAGALAND,13.0,247,Mon,MON,261.0,1752,Phomching,,1752.0,2024-10-07
27,Maharashtra,महाराष्ट्र,27.0,469,Chhatrapati Sambhajinagar,छत्रपती संभाजीनगर,515.0,4136,Phulambri,फुलंब्री,4136.0,2024-10-07
28,Andhra Pradesh,ANDHRA PRADESH,28.0,752,Tirupati,Tirupati,0.0,5401,Pichatur,,5401.0,2024-10-07
9,Uttar Pradesh,UTTAR PRADESH,9.0,173,Pilibhit,PILIBHIT,151.0,790,Pilibhit,,790.0,2024-10-07
36,Telangana,తెలంగాణ,0.0,690,Bhadradri Kothagudem,భద్రాద్రి కొత్తగూడెం,0.0,4725,Pinapaka,పినపాక,4725.0,2024-10-07
20,Jharkhand,झारखंड,20.0,338,Palamu,पलामू,358.0,2619,Pipra,,2619.0,2024-10-07
23,Madhya Pradesh,MADHYA PRADESH,23.0,391,Ashoknagar,अशोकनगर,459.0,7036,Piprai,पिपरई,0.0,2024-10-07
36,Telangana,తెలంగాణ,0.0,685,Kamareddy,కామారెడ్డి,0.0,4384,Pitlam,పిట్లం,4384.0,2024-10-07
28,Andhra Pradesh,ANDHRA PRADESH,28.0,750,Bapatla,Bapatla,0.0,5091,Pittalavanipalem,,5091.0,2024-10-07
33,Tamil Nadu,TAMIL NADU,33.0,577,Krishnagiri,KRISHNAGIRI,631.0,5893,Pochampalli,போச்சம்பள்ளி,5893.0,2024-10-07
28,Andhra Pradesh,ANDHRA PRADESH,28.0,515,Sri Potti Sriramulu Nellore,శ్రీ పొట్టి శ్రీరాములు నెల్లూరు,550.0,5176,Podalakur,,5176.0,2024-10-07
28,Andhra Pradesh,ANDHRA PRADESH,28.0,523,West Godavari,పశ్చిమగోదావరి,546.0,4982,Poduru,,4982.0,2024-10-07
1,Jammu And Kashmir,JAMMU AND KASHMIR,1.0,621,Ramban,RAMBAN,17.0,6760,Pogal Paristan,Pogal Paristan,0.0,2024-10-07
28,Andhra Pradesh,ANDHRA PRADESH,28.0,519,Srikakulam,SRIKAKULAM,542.0,4800,Polaki,,4800.0,2024-10-07
19,West Bengal,WEST BENGAL,19.0,312,Hooghly,HOOGHLY,338.0,2347,Polba - Dadpur,,2347.0,2024-10-07
28,Andhra Pradesh,ANDHRA PRADESH,28.0,517,Prakasam,PRAKASAM,549.0,5143,Ponnaluru,,5143.0,2024-10-07
2,Himachal Pradesh,HIMACHAL PRADESH,2.0,19,Kinnaur,KINNAUR,34.0,195,Poo,,195.0,2024-10-07
20,Jharkhand,झारखंड,20.0,330,Godda,गोड्डा,351.0,2562,Poreyahat,,2562.0,2024-10-07
24,Gujarat,GUJARAT,24.0,458,Sabar Kantha,SABAR KANTHA,472.0,6088,Poshina,,0.0,2024-10-07
19,West Bengal,WEST BENGAL,19.0,317,Purba Medinipur,PURBA MEDINIPUR,345.0,2478,Potashpur - II,,2478.0,2024-10-07
2,Himachal Pradesh,HIMACHAL PRADESH,2.0,18,Kangra,KANGRA,24.0,6905,Pragpur,,0.0,2024-10-07
18,Assam,ASSAM,18.0,283,Darrang,DARRANG,325.0,7415,Pub Mangaldai,পুব মঙ্গলদৈ,0.0,2024-10-07
36,Telangana,తెలంగాణ,0.0,698,Vikarabad,వికారాబాద్,0.0,4541,Pudur,పూడూర్(M),4541.0,2024-10-07
10,Bihar,BIHAR,10.0,212,Patna,पटना,230.0,1410,Punpun,पुनपुन,1410.0,2024-10-07
10,Bihar,BIHAR,10.0,221,Sitamarhi,सीतामढी,206.0,1077,Pupri,पुपरी,1077.0,2024-10-07
33,Tamil Nadu,TAMIL NADU,33.0,568,Chennai,CHENNAI,603.0,7167,Purasawalkam,புரசைவாக்கம்,0.0,2024-10-07
19,West Bengal,WEST BENGAL,19.0,306,Purba Bardhaman,PURBA BARDHAMAN,335.0,2283,Purbasthali - I,,2283.0,2024-10-07
19,West Bengal,WEST BENGAL,19.0,306,Purba Bardhaman,PURBA BARDHAMAN,335.0,2284,Purbasthali - II,,2284.0,2024-10-07
10,Bihar,BIHAR,10.0,220,Sheohar,शिवहर,205.0,1058,Purnahiya,पुरनहिया,1058.0,2024-10-07
10,Bihar,BIHAR,10.0,214,Purnia,पूर्णिया,211.0,1134,Purnia East,पुरनिया पूर्व,1134.0,2024-10-07
23,Madhya Pradesh,MADHYA PRADESH,23.0,390,Anuppur,अनूपपुर,461.0,3696,Pushparajgarh,पुष्पराजगढ़,3696.0,2024-10-07
28,Andhra Pradesh,ANDHRA PRADESH,28.0,503,Chittoor,CHITTOOR,554.0,5410,Puthalapattu,,5410.0,2024-10-07
28,Andhra Pradesh,ANDHRA PRADESH,28.0,754,Sri Sathya Sai,Sri Sathya Sai,0.0,5357,Puttaparthy,పుట్టపర్తి,5357.0,2024-10-07
29,Karnataka,ಕರ್ನಾಟಕ,29.0,534,Dakshina Kannada,ದಕ್ಷಿಣ ಕನ್ನಡ,575.0,5564,Puttur,ಪುತ್ತೂರು,5564.0,2024-10-07
28,Andhra Pradesh,ANDHRA PRADESH,28.0,752,Tirupati,Tirupati,0.0,5407,Puttur,,5407.0,2024-10-07
1,Jammu And Kashmir,JAMMU AND KASHMIR,1.0,8,Kupwara,KUPWARA,1.0,6788,Qaziabad,Qaziabad,0.0,2024-10-07
1,Jammu And Kashmir,JAMMU AND KASHMIR,1.0,12,Rajouri,RAJOURI,6.0,6773,Qila Darhal,Qila Darhal,0.0,2024-10-07
21,Odisha,ODISHA,21.0,373,Sundargarh,SUNDARGARH,374.0,2821,Raghunathapali,,2821.0,2024-10-07
19,West Bengal,WEST BENGAL,19.0,311,Uttar Dinajpur,UTTAR DINAJPUR,330.0,2196,Raiganj,,2196.0,2024-10-07
19,West Bengal,WEST BENGAL,19.0,305,Bankura,BANKURA,339.0,2376,Raipur,,2376.0,2024-10-07
22,Chhattisgarh,छत्तीसगढ़,22.0,387,Raipur,रायपुर,410.0,3332,Raipur,,3332.0,2024-10-07
23,Madhya Pradesh,MADHYA PRADESH,23.0,420,Panna,पन्ना,426.0,3442,Raipura,रायपुरा,3442.0,2024-10-07
21,Odisha,ODISHA,21.0,365,Mayurbhanj,MAYURBHANJ,376.0,2865,Rairangpur,,2865.0,2024-10-07
6,Haryana,HARYANA,6.0,75,Sonipat,SONIPAT,76.0,6473,Rai St,राई,0.0,2024-10-07
28,Andhra Pradesh,ANDHRA PRADESH,28.0,521,Vizianagaram,VIZIANAGARAM,543.0,4796,Rajam,,4796.0,2024-10-07
8,Rajasthan,RAJASTHAN,8.0,87,Alwar,ALWAR,104.0,502,Rajgarh,,502.0,2024-10-07
1,Jammu And Kashmir,JAMMU AND KASHMIR,1.0,621,Ramban,RAMBAN,17.0,6762,Rajgarh,Rajgarh,0.0,2024-10-07
23,Madhya Pradesh,MADHYA PRADESH,23.0,422,Rajgarh,राजगढ़,442.0,3565,Rajgarh,राजगढ़,3565.0,2024-10-07
2,Himachal Pradesh,HIMACHAL PRADESH,2.0,24,Sirmaur,SIRMAUR,32.0,167,Rajgarh,,167.0,2024-10-07
10,Bihar,BIHAR,10.0,209,Nalanda,नालंदा,229.0,1394,Rajgir,राजगीर,1394.0,2024-10-07
22,Chhattisgarh,छत्तीसगढ़,22.0,645,Gariyaband,गरियाबंद,0.0,3333,Rajim,राजिम,3333.0,2024-10-07
24,Gujarat,GUJARAT,24.0,457,Rajkot,RAJKOT,476.0,6523,Rajkot West,,0.0,2024-10-07
36,Telangana,తెలంగాణ,0.0,695,Jogulamba Gadwal,జోగులాంబ గద్వాల,0.0,6296,Rajoli,రాజోలి,0.0,2024-10-07
23,Madhya Pradesh,MADHYA PRADESH,23.0,393,Barwani,बड़वानी,441.0,3558,Rajpur,राजपुर,3558.0,2024-10-07
1,Jammu And Kashmir,JAMMU AND KASHMIR,1.0,624,Samba,SAMBA,22.0,6719,Rajpura,Rajpura,0.0,2024-10-07
8,Rajasthan,RAJASTHAN,8.0,112,Rajsamand,RAJSAMAND,123.0,643,Rajsamand,,643.0,2024-10-07
27,Maharashtra,महाराष्ट्र,27.0,473,Chandrapur,चंद्रपूर,509.0,4077,Rajura,राजुरा,4077.0,2024-10-07
2,Himachal Pradesh,HIMACHAL PRADESH,2.0,18,Kangra,KANGRA,24.0,106,Rakkar,,106.0,2024-10-07
27,Maharashtra,महाराष्ट्र,27.0,500,Yavatmal,यवतमाळ,510.0,4091,Ralegaon,राळेगाव,4091.0,2024-10-07
23,Madhya Pradesh,MADHYA PRADESH,23.0,412,Jhabua,झाबुआ,464.0,7004,Rama,रामा,0.0,2024-10-07
36,Telangana,తెలంగాణ,0.0,508,Karimnagar,కరీంనగర్,534.0,4423,Ramadugu,రామడుగు,4423.0,2024-10-07
36,Telangana,తెలంగాణ,0.0,682,Peddapalli,పెద్దపల్లి,0.0,4399,Ramagundam,రామగుండం,4399.0,2024-10-07
22,Chhattisgarh,छत्तीसगढ़,22.0,649,Balrampur-Ramanujganj,बलरामपुर-रामानुजगंज,0.0,7238,Ramchandrapur,RAMCHANDRAPUR,0.0,2024-10-07
8,Rajasthan,RAJASTHAN,8.0,87,Alwar,ALWAR,104.0,498,Ramgarh,,498.0,2024-10-07
9,Uttar Pradesh,UTTAR PRADESH,9.0,129,Bara Banki,BARA BANKI,176.0,900,Ramsanehighat,,900.0,2024-10-07
1,Jammu And Kashmir,JAMMU AND KASHMIR,1.0,621,Ramban,RAMBAN,17.0,7201,Ramsoo,,0.0,2024-10-07
23,Madhya Pradesh,MADHYA PRADESH,23.0,412,Jhabua,झाबुआ,464.0,3710,Ranapur,राणापुर,3710.0,2024-10-07
18,Assam,ASSAM,18.0,287,Goalpara,GOALPARA,302.0,2017,Rangjuli,,2017.0,2024-10-07
10,Bihar,BIHAR,10.0,192,Bhagalpur,भागलपुर,224.0,1333,Rangra Chowk,रंगरा चौक,1333.0,2024-10-07
21,Odisha,ODISHA,21.0,365,Mayurbhanj,MAYURBHANJ,376.0,2879,Rasagobindapur,,2879.0,2024-10-07
33,Tamil Nadu,TAMIL NADU,33.0,580,Namakkal,NAMAKKAL,609.0,5746,Rasipuram,,5746.0,2024-10-07
8,Rajasthan,RAJASTHAN,8.0,96,Churu,CHURU,102.0,485,Ratangarh,,485.0,2024-10-07
6,Haryana,HARYANA,6.0,61,Fatehabad,FATEHABAD,78.0,386,Ratia,,386.0,2024-10-07
23,Madhya Pradesh,MADHYA PRADESH,23.0,423,Ratlam,रतलाम,434.0,3507,Ratlam,रतलाम,3507.0,2024-10-07
10,Bihar,BIHAR,10.0,199,Jehanabad,जहानाबाद,239.0,1535,Ratni Faridpur,रातनीफरीदपुर,1535.0,2024-10-07
20,Jharkhand,झारखंड,20.0,339,Ranchi,रांची,364.0,2691,Ratu,,2691.0,2024-10-07
23,Madhya Pradesh,MADHYA PRADESH,23.0,410,Indore,इन्दौर,439.0,7016,Rau,राऊ,0.0,2024-10-07
21,Odisha,ODISHA,21.0,373,Sundargarh,SUNDARGARH,374.0,2833,Raurkela (Its)P.S.,,2833.0,2024-10-07
11,Sikkim,SIKKIM,11.0,227,Namchi,Namchi,243.0,1552,Ravangla,,1552.0,2024-10-07
8,Rajasthan,RAJASTHAN,8.0,95,Chittorgarh,CHITTORGARH,126.0,658,Rawatbhata,,658.0,2024-10-07
8,Rajasthan,RAJASTHAN,8.0,101,Hanumangarh,HANUMANGARH,100.0,470,Rawatsar,,470.0,2024-10-07
10,Bihar,BIHAR,10.0,213,Purbi Champaran,पूर्वी चंपारण,204.0,1031,Raxaul,रक्सौल,1031.0,2024-10-07
21,Odisha,ODISHA,21.0,370,Rayagada,RAYAGADA,396.0,3181,Rayagada,,3181.0,2024-10-07
21,Odisha,ODISHA,21.0,351,Deogarh,DEOGARH,373.0,2803,Reamal,,2803.0,2024-10-07
1,Jammu And Kashmir,JAMMU AND KASHMIR,1.0,627,Reasi,REASI,20.0,77,Reasi,,77.0,2024-10-07
8,Rajasthan,RAJASTHAN,8.0,114,Sikar,SIKAR,111.0,7226,Reengus,रींगस,0.0,2024-10-07
23,Madhya Pradesh,MADHYA PRADESH,23.0,425,Sagar,सागर,427.0,3451,Rehli,रहली,3451.0,2024-10-07
23,Madhya Pradesh,MADHYA PRADESH,23.0,427,Sehore,सीहोर,445.0,3589,Rehti,रेहटी,3589.0,2024-10-07
21,Odisha,ODISHA,21.0,371,Sambalpur,SAMBALPUR,372.0,2785,Rengali,,2785.0,2024-10-07
36,Telangana,తెలంగాణ,0.0,516,Nizamabad,నిజామాబాదు,533.0,4357,Renjal,రేంజల్,4357.0,2024-10-07
2,Himachal Pradesh,HIMACHAL PRADESH,2.0,24,Sirmaur,SIRMAUR,32.0,170,Renuka,,170.0,2024-10-07
12,Arunachal Pradesh,ARUNACHAL PRADESH,12.0,229,Changlang,CHANGLANG,253.0,6577,Renuk Circle,Renuk Circle,0.0,2024-10-07
28,Andhra Pradesh,ANDHRA PRADESH,28.0,750,Bapatla,Bapatla,0.0,5096,Repalle,,5096.0,2024-10-07
2,Himachal Pradesh,HIMACHAL PRADESH,2.0,18,Kangra,KANGRA,24.0,7287,Rey,,0.0,2024-10-07
5,Uttarakhand,UTTARAKHAND,5.0,49,Dehradun,DEHRADUN,60.0,305,Rishikesh,,305.0,2024-10-07
8,Rajasthan,RAJASTHAN,8.0,111,Pali,PALI,118.0,600,Rohat,,600.0,2024-10-07
28,Andhra Pradesh,ANDHRA PRADESH,28.0,744,Anakapalli,Anakapalli,0.0,4855,Rolugunta,,4855.0,2024-10-07
28,Andhra Pradesh,ANDHRA PRADESH,28.0,751,Palnadu,Palnadu,0.0,5066,Rompicharla,రొంపిచర్ల,5066.0,2024-10-07
28,Andhra Pradesh,ANDHRA PRADESH,28.0,503,Chittoor,CHITTOOR,554.0,5373,Rompicherla,,5373.0,2024-10-07
8,Rajasthan,RAJASTHAN,8.0,86,Ajmer,AJMER,119.0,6657,Roopangarh,Roopangarh,0.0,2024-10-07
28,Andhra Pradesh,ANDHRA PRADESH,28.0,746,Kakinada,Kakinada,0.0,4891,Rowthulapudi,,4891.0,2024-10-07
9,Uttar Pradesh,UTTAR PRADESH,9.0,140,Ayodhya,AYODHYA,177.0,902,Rudauli,,902.0,2024-10-07
21,Odisha,ODISHA,21.0,346,Baleshwar,BALESHWAR,377.0,2896,Rupsa,,2896.0,2024-10-07
24,Gujarat,GUJARAT,24.0,438,Ahmedabad,AHMEDABAD,474.0,3781,Sabarmati,Sabarmati,3781.0,2024-10-07
10,Bihar,BIHAR,10.0,192,Bhagalpur,भागलपुर,224.0,1338,Sabour,सबौर,1338.0,2024-10-07
16,Tripura,ত্রিপুরা,16.0,272,West Tripura,পশ্চিম ত্রিপুরা,289.0,6696,Sadar,সদর,0.0,2024-10-07
21,Odisha,ODISHA,21.0,371,Sambalpur,SAMBALPUR,372.0,2791,Sadar,,2791.0,2024-10-07
8,Rajasthan,RAJASTHAN,8.0,100,Ganganagar,GANGANAGAR,99.0,459,Sadulshahar,,459.0,2024-10-07
6,Haryana,HARYANA,6.0,65,Jind,JIND,77.0,385,Safidon,,385.0,2024-10-07
12,Arunachal Pradesh,ARUNACHAL PRADESH,12.0,237,Papum Pare,PAPUM PARE,248.0,1601,Sagalee Adc,Sagalee ADC,1601.0,2024-10-07
23,Madhya Pradesh,MADHYA PRADESH,23.0,425,Sagar,सागर,427.0,7030,Sagar Nagar,सागर नगर,0.0,2024-10-07
22,Chhattisgarh,छत्तीसगढ़,22.0,382,Kabeerdham,कबीरधाम,407.0,3300,Sahaspur Lohara,,3300.0,2024-10-07
20,Jharkhand,झारखंड,20.0,340,Sahebganj,साहेबगंज,352.0,2564,Sahibganj,,2564.0,2024-10-07
36,Telangana,తెలంగాణ,0.0,507,Hyderabad,హైదరాబాద్,536.0,4511,Saidabad,సైదాబాద్,4511.0,2024-10-07
14,Manipur,MANIPUR,14.0,254,Churachandpur,CHURACHANDPUR,274.0,6501,Saikot,,0.0,2024-10-07
21,Odisha,ODISHA,21.0,361,Kendujhar,KENDUJHAR,375.0,2857,Sainkul,,2857.0,2024-10-07
8,Rajasthan,RAJASTHAN,8.0,97,Dausa,DAUSA,109.0,7136,Sainthal,सैंथल,0.0,2024-10-07
27,Maharashtra,महाराष्ट्र,27.0,476,Gondia,गोंदीया,507.0,4048,Salekasa,सालेकसा,4048.0,2024-10-07
8,Rajasthan,RAJASTHAN,8.0,777,Salumbar,सलूम्‍बर,,692,Salumbar,,692.0,2024-10-07
21,Odisha,ODISHA,21.0,344,Anugul,ANUGUL,384.0,3005,Samal Barrage,,3005.0,2024-10-07
24,Gujarat,GUJARAT,24.0,455,Patan,PATAN,470.0,3749,Sami,,3749.0,2024-10-07
10,Bihar,BIHAR,10.0,212,Patna,पटना,230.0,1401,Sampatchak,संपतचक,1401.0,2024-10-07
19,West Bengal,WEST BENGAL,19.0,319,Murshidabad,MURSHIDABAD,333.0,2224,Samserganj,,2224.0,2024-10-07
24,Gujarat,GUJARAT,24.0,438,Ahmedabad,AHMEDABAD,474.0,3780,Sanand,,3780.0,2024-10-07
10,Bihar,BIHAR,10.0,193,Bhojpur,भोजपुर,231.0,1425,Sandesh,सन्देश,1425.0,2024-10-07
14,Manipur,MANIPUR,14.0,254,Churachandpur,CHURACHANDPUR,274.0,6503,Sangaikot,,0.0,2024-10-07
36,Telangana,తెలంగాణ,0.0,691,Sangareddy,సంగారెడ్డి,0.0,4492,Sangareddy,సంగారెడ్డి,4492.0,2024-10-07
8,Rajasthan,RAJASTHAN,8.0,101,Hanumangarh,HANUMANGARH,100.0,466,Sangaria,,466.0,2024-10-07
10,Bihar,BIHAR,10.0,213,Purbi Champaran,पूर्वी चंपारण,204.0,1046,Sangrampur,संग्रामपुर,1046.0,2024-10-07
10,Bihar,BIHAR,10.0,207,Munger,मुंगेर,226.0,1364,Sangrampur,संग्रामपुर,1364.0,2024-10-07
24,Gujarat,GUJARAT,24.0,445,Dahod,DAHOD,485.0,6204,Sanjeli,,0.0,2024-10-07
28,Andhra Pradesh,ANDHRA PRADESH,28.0,746,Kakinada,Kakinada,0.0,4892,Sankhavaram,,4892.0,2024-10-07
19,West Bengal,WEST BENGAL,19.0,313,Howrah,HOWRAH,341.0,2404,Sankrail,,2404.0,2024-10-07
24,Gujarat,GUJARAT,24.0,455,Patan,PATAN,470.0,3744,Santalpur,,3744.0,2024-10-07
28,Andhra Pradesh,ANDHRA PRADESH,28.0,750,Bapatla,Bapatla,0.0,5104,Santhamaguluru,,5104.0,2024-10-07
28,Andhra Pradesh,ANDHRA PRADESH,28.0,503,Chittoor,CHITTOOR,554.0,5425,Santhipuram,,5425.0,2024-10-07
16,Tripura,ত্রিপুরা,16.0,271,South Tripura,দক্ষিন ত্রিপুরা,290.0,6683,Santirbazar,শান্তিরবাজার,0.0,2024-10-07
2,Himachal Pradesh,HIMACHAL PRADESH,2.0,23,Shimla,SHIMLA,33.0,6959,Sarahan,,0.0,2024-10-07
22,Chhattisgarh,छत्तीसगढ़,22.0,385,Mahasamund,महासमुंद,411.0,3340,Saraipali,,3340.0,2024-10-07
24,Gujarat,GUJARAT,24.0,455,Patan,PATAN,470.0,6196,Saraswati,,0.0,2024-10-07
6,Haryana,HARYANA,6.0,76,Yamunanagar,YAMUNANAGAR,71.0,6476,Saraswati Nagar St,सरस्वती नगर,0.0,2024-10-07
7,Delhi,DELHI,7.0,82,North West,NORTH WEST,90.0,431,Saraswati Vihar,,431.0,2024-10-07
20,Jharkhand,झारखंड,20.0,324,Deoghar,देवघर,350.0,2553,Sarath,सारठ,2553.0,2024-10-07
28,Andhra Pradesh,ANDHRA PRADESH,28.0,519,Srikakulam,SRIKAKULAM,542.0,4788,Saravakota,,4788.0,2024-10-07
9,Uttar Pradesh,UTTAR PRADESH,9.0,169,Meerut,MEERUT,138.0,732,Sardhana,,732.0,2024-10-07
3,Punjab,PUNJAB,3.0,37,Mansa,ਮਾਨਸਾ,47.0,247,Sardulgarh,ਸਰਦੂਲਗੜ,247.0,2024-10-07
9,Uttar Pradesh,UTTAR PRADESH,9.0,162,Lucknow,LUCKNOW,157.0,6094,Sarojani Nagar,Sarojani Nagar,0.0,2024-10-07
22,Chhattisgarh,छत्तीसगढ़,22.0,381,Uttar Bastar Kanker,उत्तर बस्तर कांकेर,413.0,7325,Sarona,सरोना,0.0,2024-10-07
36,Telangana,తెలంగాణ,0.0,518,Ranga Reddy,రంగా రెడ్డి,537.0,4526,Saroornagar,సరూర్ నగర్,4526.0,2024-10-07
20,Jharkhand,झारखंड,20.0,324,Deoghar,देवघर,350.0,2547,Sarwan,सारवां,2547.0,2024-10-07
8,Rajasthan,RAJASTHAN,8.0,781,Kekri,केकड़ी,,613,Sarwar,,613.0,2024-10-07
28,Andhra Pradesh,ANDHRA PRADESH,28.0,751,Palnadu,Palnadu,0.0,5058,Sattenapalli,సత్తెనపల్లి,5058.0,2024-10-07
23,Madhya Pradesh,MADHYA PRADESH,23.0,785,Pandhurna,पांढुर्णा,,3656,Sausar,सौसर,3656.0,2024-10-07
27,Maharashtra,महाराष्ट्र,27.0,484,Nagpur,नागपूर,505.0,4026,Savner,सावनेर,4026.0,2024-10-07
24,Gujarat,GUJARAT,24.0,460,Surendranagar,SURENDRANAGAR,475.0,3795,Sayla,,3795.0,2024-10-07
28,Andhra Pradesh,ANDHRA PRADESH,28.0,505,East Godavari,EAST GODAVARI,545.0,4896,Seethanagaram,,4896.0,2024-10-07
28,Andhra Pradesh,ANDHRA PRADESH,28.0,515,Sri Potti Sriramulu Nellore,శ్రీ పొట్టి శ్రీరాములు నెల్లూరు,550.0,5153,Seetharamapuram,,5153.0,2024-10-07
27,Maharashtra,महाराष्ट्र,27.0,498,Wardha,वर्धा,504.0,4018,Seloo,सेलू,4018.0,2024-10-07
21,Odisha,ODISHA,21.0,354,Ganjam,GANJAM,388.0,3092,Seragad,,3092.0,2024-10-07
19,West Bengal,WEST BENGAL,19.0,312,Hooghly,HOOGHLY,338.0,2350,Serampur Uttarpara,,2350.0,2024-10-07
21,Odisha,ODISHA,21.0,353,Gajapati,GAJAPATI,389.0,3103,Serango,,3103.0,2024-10-07
21,Odisha,ODISHA,21.0,370,Rayagada,RAYAGADA,396.0,3182,Seskhal,,3182.0,2024-10-07
9,Uttar Pradesh,UTTAR PRADESH,9.0,176,Rampur,RAMPUR,136.0,727,Shahabad,,727.0,2024-10-07
6,Haryana,HARYANA,6.0,68,Kurukshetra,KURUKSHETRA,72.0,364,Shahbad,,364.0,2024-10-07
2,Himachal Pradesh,HIMACHAL PRADESH,2.0,18,Kangra,KANGRA,24.0,98,Shahpur,,98.0,2024-10-07
23,Madhya Pradesh,MADHYA PRADESH,23.0,404,Dindori,डिंडोरी,453.0,3639,Shahpura,शाहपुरा,3639.0,2024-10-07
23,Madhya Pradesh,MADHYA PRADESH,23.0,411,Jabalpur,जबलपुर,451.0,3630,Shahpura,शाहपुरा,3630.0,2024-10-07
8,Rajasthan,RAJASTHAN,8.0,780,Shahpura,शाहपुरा,,629,Shahpura,,629.0,2024-10-07
8,Rajasthan,RAJASTHAN,8.0,783,Jaipur (Gramin),जयपुर (ग्रामीण),,540,Shahpura,,540.0,2024-10-07
23,Madhya Pradesh,MADHYA PRADESH,23.0,430,Shajapur,शाजापुर,436.0,3519,Shajapur,शाजापुर,3519.0,2024-10-07
36,Telangana,తెలంగాణ,0.0,514,Nalgonda,నల్గొండ,539.0,4624,Shaligouraram,శాలిగౌరారం,4624.0,2024-10-07
13,Nagaland,NAGALAND,13.0,765,Shamator,Shamator,0.0,1825,Shamator,,1825.0,2024-10-07
36,Telangana,తెలంగాణ,0.0,513,Medak,మెదక్,535.0,4454,Shankarampet (A),శంకరంపేట్ (ఎ),4454.0,2024-10-07
36,Telangana,తెలంగాణ,0.0,508,Karimnagar,కరీంనగర్,534.0,4441,Shankarapatnam,శంకరపట్నం,4441.0,2024-10-07
22,Chhattisgarh,छत्तीसगढ़,22.0,649,Balrampur-Ramanujganj,बलरामपुर-रामानुजगंज,0.0,3241,Shankargarh,शंकरगढ़,3241.0,2024-10-07
24,Gujarat,GUJARAT,24.0,455,Patan,PATAN,470.0,6197,Shankheshvar,,0.0,2024-10-07
21,Odisha,ODISHA,21.0,365,Mayurbhanj,MAYURBHANJ,376.0,2886,Sharata,,2886.0,2024-10-07
36,Telangana,తెలంగాణ,0.0,686,Hanumakonda,హనుమకొండ,0.0,4691,Shayampet,శాయంపేట్,4691.0,2024-10-07
17,Meghalaya,MEGHALAYA,17.0,274,East Khasi Hills,EAST KHASI HILLS,298.0,1994,Shella Bholaganj,,1994.0,2024-10-07
10,Bihar,BIHAR,10.0,220,Sheohar,शिवहर,205.0,1060,Sheohar,शिवहर,1060.0,2024-10-07
10,Bihar,BIHAR,10.0,215,Rohtas,रोहतास,234.0,1470,Sheosagar,शिवसागर,1470.0,2024-10-07
10,Bihar,BIHAR,10.0,196,Gaya,गया,236.0,1503,Sherghati,शेरघाटी,1503.0,2024-10-07
27,Maharashtra,महाराष्ट्र,27.0,466,Ahmednagar,अहमदनगर,522.0,4207,Shevgaon,शेगाव,4207.0,2024-10-07
29,Karnataka,ಕರ್ನಾಟಕ,29.0,540,Haveri,ಹಾವೇರಿ,564.0,5489,Shiggaon,ಶಿಗ್ಗಾವಿ,5489.0,2024-10-07
20,Jharkhand,झारखंड,20.0,326,Dumka,दुमका,362.0,2671,Shikaripara,,2671.0,2024-10-07
9,Uttar Pradesh,UTTAR PRADESH,9.0,143,Firozabad,FIROZABAD,147.0,774,Shikohabad,,774.0,2024-10-07
27,Maharashtra,महाराष्ट्र,27.0,490,Pune,पुणे,521.0,4189,Shirur,शिरूर,4189.0,2024-10-07
10,Bihar,BIHAR,10.0,217,Samastipur,समस्तीपुर,221.0,1286,Shivaji Nagar,शिवाजीनगर,1286.0,2024-10-07
36,Telangana,తెలంగాణ,0.0,513,Medak,మెదక్,535.0,4487,Shivampet,శివ్వంపేట్,4487.0,2024-10-07
1,Jammu And Kashmir,JAMMU AND KASHMIR,1.0,625,Shopian,SHOPIAN,13.0,52,Shopian,,52.0,2024-10-07
29,Karnataka,ಕರ್ನಾಟಕ,29.0,635,Yadgir,ಯಾದಗಿರಿ,580.0,5587,Shorapur,ಸುರಪುರ,5587.0,2024-10-07
27,Maharashtra,महाराष्ट्र,27.0,466,Ahmednagar,अहमदनगर,522.0,4212,Shrigonda,श्रीगोंदा,4212.0,2024-10-07
12,Arunachal Pradesh,ARUNACHAL PRADESH,12.0,719,Lower Siang,LOWER SIANG,0.0,6573,Sibe Circle,Sibe Circle,0.0,2024-10-07
24,Gujarat,GUJARAT,24.0,455,Patan,PATAN,470.0,3746,Sidhpur,,3746.0,2024-10-07
29,Karnataka,ಕರ್ನಾಟಕ,29.0,630,Chikkaballapura,ಚಿಕ್ಕಬಳ್ಳಾಪುರ,582.0,5599,Sidlaghatta,ಶಿಡ್ಲಘಟ್ಟ,5599.0,2024-10-07
23,Madhya Pradesh,MADHYA PRADESH,23.0,433,Sidhi,सीधी,462.0,3700,Sihawal,सिहावल,3700.0,2024-10-07
20,Jharkhand,झारखंड,20.0,339,Ranchi,रांची,364.0,2688,Silli,,2688.0,2024-10-07
20,Jharkhand,झारखंड,20.0,342,Simdega,सिमडेगा,367.0,2718,Simdega,,2718.0,2024-10-07
27,Maharashtra,महाराष्ट्र,27.0,473,Chandrapur,चंद्रपूर,509.0,4069,Sindewahi,सिंदेवाही,4069.0,2024-10-07
21,Odisha,ODISHA,21.0,345,Balangir,BALANGIR,393.0,3151,Sindhekela,,3151.0,2024-10-07
29,Karnataka,ಕರ್ನಾಟಕ,29.0,546,Raichur,ರಾಯಚೂರು,559.0,5463,Sindhnur,ಸಿಂದನೂರು,5463.0,2024-10-07
12,Arunachal Pradesh,ARUNACHAL PRADESH,12.0,240,Upper Siang,UPPER SIANG,252.0,1662,Singa Circle,Singa Circle,1662.0,2024-10-07
12,Arunachal Pradesh,ARUNACHAL PRADESH,12.0,242,West Kameng,WEST KAMENG,246.0,1573,Singchung Adc,Singchung ADC,1573.0,2024-10-07
10,Bihar,BIHAR,10.0,205,Madhepura,मधेपुरा,213.0,1159,Singheshwar,सिंघेश्वर,1159.0,2024-10-07
10,Bihar,BIHAR,10.0,195,Darbhanga,दरभंगा,215.0,1182,Singhwara,सिंघवारा,1182.0,2024-10-07
23,Madhya Pradesh,MADHYA PRADESH,23.0,638,Singrauli,सिंगरौली,463.0,3705,Singrauli,सिंगरौली,3705.0,2024-10-07
1,Jammu And Kashmir,JAMMU AND KASHMIR,1.0,12,Rajouri,RAJOURI,6.0,6777,Siot,Siot,0.0,2024-10-07
18,Assam,ASSAM,18.0,283,Darrang,DARRANG,325.0,2147,Sipajhar,,2147.0,2024-10-07
23,Madhya Pradesh,MADHYA PRADESH,23.0,408,Harda,हरदा,448.0,3607,Sirali,सिराली,3607.0,2024-10-07
8,Rajasthan,RAJASTHAN,8.0,115,Sirohi,SIROHI,117.0,593,Sirohi,,593.0,2024-10-07
36,Telangana,తెలంగాణ,0.0,699,Kumuram Bheem Asifabad,కుమురం భీమ్ ఆసిఫాబాద్,0.0,4315,Sirpur (T),సిర్పూర్ (టి),4315.0,2024-10-07
6,Haryana,HARYANA,6.0,74,Sirsa,SIRSA,79.0,390,Sirsa,,390.0,2024-10-07
29,Karnataka,ಕರ್ನಾಟಕ,29.0,550,Uttara Kannada,ಉತ್ತರ ಕನ್ನಡ,563.0,5483,Sirsi,ಶಿರಸಿ,5483.0,2024-10-07
8,Rajasthan,RAJASTHAN,8.0,775,Balotra,बालोतरा,,580,Siwana,,580.0,2024-10-07
6,Haryana,HARYANA,6.0,66,Kaithal,KAITHAL,73.0,6449,Siwan St,सिवान,0.0,2024-10-07
36,Telangana,తెలంగాణ,0.0,680,Nirmal,నిర్మల్,0.0,6209,Soan,సోన్,0.0,2024-10-07
9,Uttar Pradesh,UTTAR PRADESH,9.0,140,Ayodhya,AYODHYA,177.0,904,Sohawal,,904.0,2024-10-07
5,Uttarakhand,UTTARAKHAND,5.0,45,Almora,ALMORA,64.0,331,Someshwar,,331.0,2024-10-07
18,Assam,ASSAM,18.0,282,Cachar,CACHAR,316.0,2099,Sonai,,2099.0,2024-10-07
1,Jammu And Kashmir,JAMMU AND KASHMIR,1.0,623,Bandipora,BANDIPORA,9.0,42,Sonawari,,42.0,2024-10-07
23,Madhya Pradesh,MADHYA PRADESH,23.0,639,Alirajpur,अलीराजपुर,465.0,6981,Sondawa,सोडवा,0.0,2024-10-07
10,Bihar,BIHAR,10.0,218,Saran,सारण,219.0,1267,Sonepur,सोनपुर,1267.0,2024-10-07
22,Chhattisgarh,छत्तीसगढ़,22.0,384,Korea,कोरिया,400.0,3233,Sonhat,,3233.0,2024-10-07
10,Bihar,BIHAR,10.0,192,Bhagalpur,भागलपुर,224.0,1344,Sonhaula,सन्‍हौला,1344.0,2024-10-07
23,Madhya Pradesh,MADHYA PRADESH,23.0,402,Dewas,देवास,437.0,3525,Sonkatch,सोनकच्छ,3525.0,2024-10-07
10,Bihar,BIHAR,10.0,198,Jamui,जमुई,238.0,1533,Sono,सोनो,1533.0,2024-10-07
13,Nagaland,NAGALAND,13.0,765,Shamator,Shamator,0.0,1820,Sotokur,,1820.0,2024-10-07
18,Assam,ASSAM,18.0,707,South Salmara Mancachar,,0.0,2011,South Salmara,,2011.0,2024-10-07
28,Andhra Pradesh,ANDHRA PRADESH,28.0,744,Anakapalli,Anakapalli,0.0,4882,S.Rayavaram,,4882.0,2024-10-07
28,Andhra Pradesh,ANDHRA PRADESH,28.0,519,Srikakulam,SRIKAKULAM,542.0,4802,Srikakulam,,4802.0,2024-10-07
28,Andhra Pradesh,ANDHRA PRADESH,28.0,752,Tirupati,Tirupati,0.0,5378,Srikalahasti,,5378.0,2024-10-07
1,Jammu And Kashmir,JAMMU AND KASHMIR,1.0,13,Srinagar,SRINAGAR,10.0,6805,Srinagar Central,Srinagar Central,0.0,2024-10-07
29,Karnataka,ಕರ್ನಾಟಕ,29.0,532,Chikkamagaluru,ಚಿಕ್ಕಮಗಳೂರು,570.0,5525,Sringeri,ಶೃಂಗೇರಿ,5525.0,2024-10-07
29,Karnataka,ಕರ್ನಾಟಕ,29.0,542,Kolar,ಕೋಲಾರ,581.0,5590,Srinivaspur,ಶ್ರೀನಿವಾಸಪುರ,5590.0,2024-10-07
33,Tamil Nadu,TAMIL NADU,33.0,574,Kancheepuram,KANCHIPURAM,604.0,5702,Sriperumbudur,,5702.0,2024-10-07
28,Andhra Pradesh,ANDHRA PRADESH,28.0,503,Chittoor,CHITTOOR,554.0,5419,Srirangarajapuram,,5419.0,2024-10-07
28,Andhra Pradesh,ANDHRA PRADESH,28.0,755,Nandyal,Nandyal,0.0,6538,Srisailam,శ్రీశైలం,0.0,2024-10-07
18,Assam,ASSAM,18.0,295,Lakhimpur,LAKHIMPUR,307.0,2054,Subansiri (Pt-I),,2054.0,2024-10-07
21,Odisha,ODISHA,21.0,356,Jajapur,JAJAPUR,382.0,2969,Sukinda,,2969.0,2024-10-07
3,Punjab,PUNJAB,3.0,35,Kapurthala,KAPURTHALA,36.0,207,Sultanpur Lodhi,,207.0,2024-10-07
32,Kerala,KERALA,32.0,567,Wayanad,വയനാട്,590.0,5636,Sulthanbathery,സുല്‍ത്താന്‍ ബത്തേരി,5636.0,2024-10-07
1,Jammu And Kashmir,JAMMU AND KASHMIR,1.0,12,Rajouri,RAJOURI,6.0,26,Sundarbani,,26.0,2024-10-07
12,Arunachal Pradesh,ARUNACHAL PRADESH,12.0,234,Lohit,LOHIT,259.0,1728,Sunpura Circle,Sunpura Circle,1728.0,2024-10-07
10,Bihar,BIHAR,10.0,221,Sitamarhi,सीतामढी,206.0,1064,Suppi,सुप्पी,1064.0,2024-10-07
1,Jammu And Kashmir,JAMMU AND KASHMIR,1.0,10,Poonch,POONCH,5.0,19,Surankote,,19.0,2024-10-07
19,West Bengal,WEST BENGAL,19.0,307,Birbhum,BIRBHUM,334.0,2259,Suri - I,,2259.0,2024-10-07
20,Jharkhand,झारखंड,20.0,329,Giridih,गिरिडीह,349.0,2542,Suriya,सरिया,2542.0,2024-10-07
19,West Bengal,WEST BENGAL,19.0,319,Murshidabad,MURSHIDABAD,333.0,2225,Suti - I,,2225.0,2024-10-07
23,Madhya Pradesh,MADHYA PRADESH,23.0,416,Mandsaur,मन्दसौर,433.0,3499,Suwasara,सुवासरा,3499.0,2024-10-07
19,West Bengal,WEST BENGAL,19.0,303,North 24 Parganas,NORTH TWENTY FOUR PARGANAS,337.0,2319,Swarupnagar,,2319.0,2024-10-07
28,Andhra Pradesh,ANDHRA PRADESH,28.0,515,Sri Potti Sriramulu Nellore,శ్రీ పొట్టి శ్రీరాములు నెల్లూరు,550.0,5185,Sydapuram,,5185.0,2024-10-07
28,Andhra Pradesh,ANDHRA PRADESH,28.0,752,Tirupati,Tirupati,0.0,5198,Tada,,5198.0,2024-10-07
28,Andhra Pradesh,ANDHRA PRADESH,28.0,754,Sri Sathya Sai,Sri Sathya Sai,0.0,5338,Tadimarri,,5338.0,2024-10-07
36,Telangana,తెలంగాణ,0.0,685,Kamareddy,కామారెడ్డి,0.0,4389,Tadwai,తాడ్వాయి,4389.0,2024-10-07
9,Uttar Pradesh,UTTAR PRADESH,9.0,153,Jhansi,JHANSI,166.0,858,Tahrauli,,858.0,2024-10-07
12,Arunachal Pradesh,ARUNACHAL PRADESH,12.0,241,Upper Subansiri,UPPER SUBANSIRI,249.0,6549,Taksing Circle,Taksing Circle,0.0,2024-10-07
21,Odisha,ODISHA,21.0,373,Sundargarh,SUNDARGARH,374.0,2811,Talasara,,2811.0,2024-10-07
12,Arunachal Pradesh,ARUNACHAL PRADESH,12.0,241,Upper Subansiri,UPPER SUBANSIRI,249.0,1611,Taliha Adc,Taliha ADC,1611.0,2024-10-07
20,Jharkhand,झारखंड,20.0,339,Ranchi,रांची,364.0,2699,Tamar I,,2699.0,2024-10-07
14,Manipur,MANIPUR,14.0,258,Tamenglong,TAMENGLONG,273.0,1865,Tamenglong North,,1865.0,2024-10-07
22,Chhattisgarh,छत्तीसगढ़,22.0,386,Raigarh,रायगढ़,403.0,3266,Tamnar,तमनार,3266.0,2024-10-07
36,Telangana,తెలంగాణ,0.0,684,Mancherial,మంచిర్యాల్,0.0,4332,Tandur,తాండూర్,4332.0,2024-10-07
1,Jammu And Kashmir,JAMMU AND KASHMIR,1.0,3,Baramulla,BARAMULLA,8.0,39,Tangmarg,,39.0,2024-10-07
3,Punjab,PUNJAB,3.0,605,Barnala,,54.0,276,Tapa,,276.0,2024-10-07
9,Uttar Pradesh,UTTAR PRADESH,9.0,147,Gonda,GONDA,183.0,930,Tarabganj,,930.0,2024-10-07
10,Bihar,BIHAR,10.0,207,Munger,मुंगेर,226.0,1362,Tarapur,तारापुर,1362.0,2024-10-07
10,Bihar,BIHAR,10.0,195,Darbhanga,दरभंगा,215.0,1186,Tardih,तारडीह,1186.0,2024-10-07
28,Andhra Pradesh,ANDHRA PRADESH,28.0,517,Prakasam,PRAKASAM,549.0,5118,Tarlupadu,,5118.0,2024-10-07
20,Jharkhand,झारखंड,20.0,332,Hazaribagh,हज़ारीबाग,360.0,2648,Tati Jhariya,,2648.0,2024-10-07
5,Uttarakhand,UTTARAKHAND,5.0,53,Pithoragarh,PITHORAGARH,62.0,6357,Tejam,,0.0,2024-10-07
36,Telangana,తెలంగాణ,0.0,690,Bhadradri Kothagudem,భద్రాద్రి కొత్తగూడెం,0.0,4739,Tekulapalli,టేకులపల్లి,4739.0,2024-10-07
36,Telangana,తెలంగాణ,0.0,687,Jayashankar Bhupalapally,జయశంకర్ భూపాలపల్లి,0.0,6248,Tekumatla,టేకుమట్ల,0.0,2024-10-07
16,Tripura,ত্রিপুরা,16.0,652,Khowai,খোয়াই,0.0,6698,Teliamura,তেলিয়ামুড়া,0.0,2024-10-07
21,Odisha,ODISHA,21.0,361,Kendujhar,KENDUJHAR,375.0,2848,Telkoi,,2848.0,2024-10-07
23,Madhya Pradesh,MADHYA PRADESH,23.0,418,Narsimhapur,नरसिंहपुर,452.0,3638,Tendukheda,तेंदूखेड़ा,3638.0,2024-10-07
14,Manipur,MANIPUR,14.0,716,Tengnoupal,TENGNOUPAL,0.0,1893,Tengnoupal,,1893.0,2024-10-07
21,Odisha,ODISHA,21.0,366,Nabarangpur,NABARANGPUR,397.0,3197,Tentulikhunti,,3197.0,2024-10-07
29,Karnataka,ಕರ್ನಾಟಕ,29.0,524,Bagalkote,ಬಾಗಲಕೋಟೆ,556.0,7398,Terdal,ತೇರದಾಳ,0.0,2024-10-07
20,Jharkhand,झारखंड,20.0,330,Godda,गोड्डा,351.0,2556,Thakurgangti,,2556.0,2024-10-07
36,Telangana,తెలంగాణ,0.0,518,Ranga Reddy,రంగా రెడ్డి,537.0,4562,Thalakondapally,తలకోండపల్లి,4562.0,2024-10-07
28,Andhra Pradesh,ANDHRA PRADESH,28.0,517,Prakasam,PRAKASAM,549.0,5121,Thallur,తాళ్ళూరు,5121.0,2024-10-07
28,Andhra Pradesh,ANDHRA PRADESH,28.0,753,Annamayya,Annamayya,0.0,5368,Thamballapalle,,5368.0,2024-10-07
27,Maharashtra,महाराष्ट्र,27.0,497,Thane,ठाणे,517.0,4165,Thane,ठाणे,4165.0,2024-10-07
33,Tamil Nadu,TAMIL NADU,33.0,735,Mayiladuthurai,,0.0,5798,Tharangambadi,,5798.0,2024-10-07
21,Odisha,ODISHA,21.0,371,Sambalpur,SAMBALPUR,372.0,2784,Thelkoloi,,2784.0,2024-10-07
36,Telangana,తెలంగాణ,0.0,514,Nalgonda,నల్గొండ,539.0,4645,Thipparthy,తిప్పర్తి,4645.0,2024-10-07
33,Tamil Nadu,TAMIL NADU,33.0,590,Thiruvarur,THIRUVARUR,619.0,5809,Thiruthuraipoondi,,5809.0,2024-10-07
33,Tamil Nadu,TAMIL NADU,33.0,590,Thiruvarur,THIRUVARUR,619.0,5806,Thiruvarur,,5806.0,2024-10-07
33,Tamil Nadu,TAMIL NADU,33.0,575,Kanniyakumari,KANNIYAKUMARI,629.0,6672,Thiruvattar,திருவட்டார்,0.0,2024-10-07
13,Nagaland,NAGALAND,13.0,736,Noklak,Noklak,0.0,1829,Thonoknyu,,1829.0,2024-10-07
33,Tamil Nadu,TAMIL NADU,33.0,591,Tiruchirappalli,TIRUCHIRAPPALLI,614.0,5773,Thottiyam,,5773.0,2024-10-07
33,Tamil Nadu,TAMIL NADU,33.0,575,Kanniyakumari,KANNIYAKUMARI,629.0,5883,Thovala,,5883.0,2024-10-07
2,Himachal Pradesh,HIMACHAL PRADESH,2.0,22,Mandi,MANDI,27.0,136,Thunag,,136.0,2024-10-07
8,Rajasthan,RAJASTHAN,8.0,101,Hanumangarh,HANUMANGARH,100.0,467,Tibi,,467.0,2024-10-07
6,Haryana,HARYANA,6.0,60,Faridabad,FARIDABAD,88.0,6434,Tigaon St,तिगांव,0.0,2024-10-07
8,Rajasthan,RAJASTHAN,8.0,770,Khairthal-Tijara,खैरथल-तिजारा,,496,Tijara,,496.0,2024-10-07
21,Odisha,ODISHA,21.0,373,Sundargarh,SUNDARGARH,374.0,2829,Tikaetpali,,2829.0,2024-10-07
23,Madhya Pradesh,MADHYA PRADESH,23.0,434,Tikamgarh,टीकमगढ़,424.0,3423,Tikamgarh,टीकमगढ़,3423.0,2024-10-07
21,Odisha,ODISHA,21.0,370,Rayagada,RAYAGADA,396.0,3179,Tikiri,,3179.0,2024-10-07
2,Himachal Pradesh,HIMACHAL PRADESH,2.0,22,Mandi,MANDI,27.0,6948,Tikken,,0.0,2024-10-07
24,Gujarat,GUJARAT,24.0,452,Narmada,NARMADA,487.0,3909,Tilakwada,,3909.0,2024-10-07
9,Uttar Pradesh,UTTAR PRADESH,9.0,180,Shahjahanpur,SHAHJAHANPUR,152.0,794,Tilhar,,794.0,2024-10-07
9,Uttar Pradesh,UTTAR PRADESH,9.0,640,Amethi,Amethi,0.0,824,Tiloi,,824.0,2024-10-07
33,Tamil Nadu,TAMIL NADU,33.0,596,Viluppuram,VILLUPURAM,607.0,5729,Tindivanam,,5729.0,2024-10-07
21,Odisha,ODISHA,21.0,365,Mayurbhanj,MAYURBHANJ,376.0,2858,Tiring,,2858.0,2024-10-07
23,Madhya Pradesh,MADHYA PRADESH,23.0,392,Balaghat,बालाघाट,457.0,3668,Tirodi,तिरोडी,3668.0,2024-10-07
21,Odisha,ODISHA,21.0,355,Jagatsinghapur,JAGATSINGHAPUR,380.0,2939,Tirtol,,2939.0,2024-10-07
33,Tamil Nadu,TAMIL NADU,33.0,729,Kallakurichi,கள்ளக்குறிச்சி,0.0,5732,Tirukkoyilur,,5732.0,2024-10-07
36,Telangana,తెలంగాణ,0.0,514,Nalgonda,నల్గొండ,539.0,6306,Tirumalagiri Sagar,తిరుమలగిరి సాగర్,0.0,2024-10-07
33,Tamil Nadu,TAMIL NADU,33.0,634,Tiruppur,TIRUPPUR,633.0,5968,Tiruppursouth,,0.0,2024-10-07
18,Assam,ASSAM,18.0,290,Jorhat,JORHAT,312.0,2080,Titabor,,2080.0,2024-10-07
33,Tamil Nadu,TAMIL NADU,33.0,570,Cuddalore,CUDDALORE,617.0,5794,Tittakudi,,5794.0,2024-10-07
15,Mizoram,MIZORAM,15.0,265,Lunglei,LUNGLEI,286.0,7358,Tlabung,Tlabung,0.0,2024-10-07
13,Nagaland,NAGALAND,13.0,757,Tseminyu,Tseminyu,0.0,1843,Tseminyu,,1843.0,2024-10-07
13,Nagaland,NAGALAND,13.0,765,Shamator,Shamator,0.0,1826,Tsurungto,,1826.0,2024-10-07
14,Manipur,MANIPUR,14.0,254,Churachandpur,CHURACHANDPUR,274.0,1870,Tuibong,,1870.0,2024-10-07
20,Jharkhand,झारखंड,20.0,325,Dhanbad,धनबाद,354.0,2579,Tundi,टुंडी,2579.0,2024-10-07
28,Andhra Pradesh,ANDHRA PRADESH,28.0,746,Kakinada,Kakinada,0.0,4890,Tuni,,4890.0,2024-10-07
10,Bihar,BIHAR,10.0,213,Purbi Champaran,पूर्वी चंपारण,204.0,1042,Turkaulia,तुरकौलिया,1042.0,2024-10-07
8,Rajasthan,RAJASTHAN,8.0,91,Bharatpur,BHARATPUR,105.0,6923,Uchhain,उच्चैन,0.0,2024-10-07
8,Rajasthan,RAJASTHAN,8.0,773,Neem Ka Thana,नीम का थाना,,492,Udaipurwati,,492.0,2024-10-07
21,Odisha,ODISHA,21.0,365,Mayurbhanj,MAYURBHANJ,376.0,2884,Udala,,2884.0,2024-10-07
18,Assam,ASSAM,18.0,282,Cachar,CACHAR,316.0,2098,Udarbond,,2098.0,2024-10-07
24,Gujarat,GUJARAT,24.0,459,Surat,SURAT,492.0,6522,Udhna,Udhna,0.0,2024-10-07
29,Karnataka,ಕರ್ನಾಟಕ,29.0,549,Udupi,ಉಡುಪಿ,569.0,5523,Udupi,ಉಡುಪಿ,5523.0,2024-10-07
10,Bihar,BIHAR,10.0,193,Bhojpur,भोजपुर,231.0,1426,Udwant Nagar,उदवंतनगर,1426.0,2024-10-07
23,Madhya Pradesh,MADHYA PRADESH,23.0,435,Ujjain,उज्जैन,435.0,3513,Ujjain,उज्जैन,3513.0,2024-10-07
17,Meghalaya,MEGHALAYA,17.0,276,Ri Bhoi,RI BHOI,297.0,1985,Umling,,1985.0,2024-10-07
9,Uttar Pradesh,UTTAR PRADESH,9.0,660,Shamli,SHAMLI,0.0,6159,Un,UN,0.0,2024-10-07
8,Rajasthan,RAJASTHAN,8.0,116,Tonk,TONK,120.0,621,Uniara,,621.0,2024-10-07
33,Tamil Nadu,TAMIL NADU,33.0,578,Madurai,MADURAI,623.0,5838,Usilampatti,,5838.0,2024-10-07
33,Tamil Nadu,TAMIL NADU,33.0,577,Krishnagiri,KRISHNAGIRI,631.0,5894,Uthangarai,ஊத்தங்கரை,5894.0,2024-10-07
33,Tamil Nadu,TAMIL NADU,33.0,589,Thiruvallur,THIRUVALLUR,602.0,5695,Uthukkottai,,5695.0,2024-10-07
9,Uttar Pradesh,UTTAR PRADESH,9.0,127,Balrampur,BALRAMPUR,182.0,927,Utraula,,927.0,2024-10-07
24,Gujarat,GUJARAT,24.0,441,Banas Kantha,BANAS KANTHA,469.0,3738,Vadgam,,3738.0,2024-10-07
33,Tamil Nadu,TAMIL NADU,33.0,578,Madurai,MADURAI,623.0,5837,Vadipatti,,5837.0,2024-10-07
24,Gujarat,GUJARAT,24.0,451,Mahesana,MAHESANA,471.0,3755,Vadnagar,,3755.0,2024-10-07
27,Maharashtra,महाराष्ट्र,27.0,495,Sindhudurg,सिंधुदुर्ग,529.0,4276,Vaibhavvadi,वैभववाडी,4276.0,2024-10-07
32,Kerala,KERALA,32.0,560,Kottayam,കോട്ടയം,597.0,5669,Vaikom,വൈക്കം,5669.0,2024-10-07
10,Bihar,BIHAR,10.0,224,Vaishali,वैशाली,220.0,1268,Vaishali,वैशाली,1268.0,2024-10-07
24,Gujarat,GUJARAT,24.0,443,Bhavnagar,BHAVNAGAR,481.0,3851,Vallabhipur,,3851.0,2024-10-07
8,Rajasthan,RAJASTHAN,8.0,117,Udaipur,UDAIPUR,130.0,690,Vallabhnagar,,690.0,2024-10-07
24,Gujarat,GUJARAT,24.0,462,Valsad,VALSAD,491.0,3927,Valsad,,3927.0,2024-10-07
33,Tamil Nadu,TAMIL NADU,33.0,730,Chengalpattu,செங்கல்பட்டு,0.0,7058,Vandalur,வண்டலூர்,0.0,2024-10-07
28,Andhra Pradesh,ANDHRA PRADESH,28.0,745,Alluri Sitharama Raju,Alluri Sitharama Raju,0.0,4733,Vararamachandrapuram,,4733.0,2024-10-07
28,Andhra Pradesh,ANDHRA PRADESH,28.0,515,Sri Potti Sriramulu Nellore,శ్రీ పొట్టి శ్రీరాములు నెల్లూరు,550.0,5155,Varikuntapadu,,5155.0,2024-10-07
32,Kerala,KERALA,32.0,565,Thiruvananthapuram,തിരുവനന്തപുരം,601.0,5946,Varkala,വര്‍ക്കല,0.0,2024-10-07
24,Gujarat,GUJARAT,24.0,441,Banas Kantha,BANAS KANTHA,469.0,3732,Vav,,3732.0,2024-10-07
28,Andhra Pradesh,ANDHRA PRADESH,28.0,743,Parvathipuram Manyam,Parvathipuram Manyam,0.0,4769,Veeraghattam,,4769.0,2024-10-07
28,Andhra Pradesh,ANDHRA PRADESH,28.0,523,West Godavari,పశ్చిమగోదావరి,546.0,4983,Veeravasaram,,4983.0,2024-10-07
36,Telangana,తెలంగాణ,0.0,683,Rajanna Sircilla,రాజన్న సిరిసిల్ల,0.0,6220,Veernapalli,వీర్న పల్లి,0.0,2024-10-07
33,Tamil Nadu,TAMIL NADU,33.0,568,Chennai,CHENNAI,603.0,7171,Velachery,வேளச்சேரி,0.0,2024-10-07
33,Tamil Nadu,TAMIL NADU,33.0,595,Vellore,VELLORE,605.0,5717,Vellore,,5717.0,2024-10-07
33,Tamil Nadu,TAMIL NADU,33.0,593,Tiruvannamalai,TIRUVANNAMALAI,606.0,6624,Vembakkam,வெம்பாக்கம்,0.0,2024-10-07
36,Telangana,తెలంగాణ,0.0,509,Khammam,ఖమ్మం,541.0,4768,Vemsoor,వేంసూరు,4768.0,2024-10-07
36,Telangana,తెలంగాణ,0.0,514,Nalgonda,నల్గొండ,539.0,4644,Vemulapally,వేములపల్లి,4644.0,2024-10-07
28,Andhra Pradesh,ANDHRA PRADESH,28.0,515,Sri Potti Sriramulu Nellore,శ్రీ పొట్టి శ్రీరాములు నెల్లూరు,550.0,5182,Venkatachalam,,5182.0,2024-10-07
33,Tamil Nadu,TAMIL NADU,33.0,581,Perambalur,PERAMBALUR,615.0,5974,Veppanthattai,,0.0,2024-10-07
28,Andhra Pradesh,ANDHRA PRADESH,28.0,750,Bapatla,Bapatla,0.0,5124,Vetapalem,,5124.0,2024-10-07
28,Andhra Pradesh,ANDHRA PRADESH,28.0,502,Ananthapuramu,అనంతపురము,553.0,5308,Vidapanakal,,5308.0,2024-10-07
8,Rajasthan,RAJASTHAN,8.0,776,Anupgarh,अनूपगढ़,,464,Vijainagar,,464.0,2024-10-07
1,Jammu And Kashmir,JAMMU AND KASHMIR,1.0,624,Samba,SAMBA,22.0,6722,Vijaypur,Vijaypur,0.0,2024-10-07
33,Tamil Nadu,TAMIL NADU,33.0,594,Thoothukkudi,Thoothukkudi,627.0,5864,Vilathikulam,,5864.0,2024-10-07
24,Gujarat,GUJARAT,24.0,438,Ahmedabad,AHMEDABAD,474.0,3779,Viramgam,,3779.0,2024-10-07
33,Tamil Nadu,TAMIL NADU,33.0,570,Cuddalore,CUDDALORE,617.0,5793,Virudhachalam,,5793.0,2024-10-07
28,Andhra Pradesh,ANDHRA PRADESH,28.0,520,Visakhapatnam,విశాఖపట్నం,544.0,4866,Visakhapatnam (Rural),,4866.0,2024-10-07
24,Gujarat,GUJARAT,24.0,448,Junagadh,JUNAGADH,479.0,3829,Visavadar,,3829.0,2024-10-07
28,Andhra Pradesh,ANDHRA PRADESH,28.0,504,Y.S.R.,,551.0,5228,Vontimitta,,5228.0,2024-10-07
36,Telangana,తెలంగాణ,0.0,508,Karimnagar,కరీంనగర్,534.0,4445,V.Saidapur,సైదాపూర్,4445.0,2024-10-07
27,Maharashtra,महाराष्ट्र,27.0,665,Palghar,पालघर,0.0,4162,Wada,वाडा,4162.0,2024-10-07
13,Nagaland,NAGALAND,13.0,247,Mon,MON,261.0,1749,Wakching,,1749.0,2024-10-07
33,Tamil Nadu,TAMIL NADU,33.0,574,Kancheepuram,KANCHIPURAM,604.0,6626,Walajabad,வாலாஜாபாத்,0.0,2024-10-07
36,Telangana,తెలంగాణ,0.0,693,Wanaparthy,వనపర్తి,0.0,4595,Wanaparthy,వనపర్తి,4595.0,2024-10-07
14,Manipur,MANIPUR,14.0,256,Imphal West,IMPHAL WEST,277.0,1882,Wangoi,,1882.0,2024-10-07
36,Telangana,తెలంగాణ,0.0,699,Kumuram Bheem Asifabad,కుమురం భీమ్ ఆసిఫాబాద్,0.0,4314,Wankidi,వాంకిడి,4314.0,2024-10-07
17,Meghalaya,MEGHALAYA,17.0,657,East Jaintia Hills,EAST JAINTIA HILLS,0.0,1999,Wapung,WAPUNG,1999.0,2024-10-07
36,Telangana,తెలంగాణ,0.0,522,Warangal,వరంగల్,540.0,4706,Warangal,వరంగల్,4706.0,2024-10-07
27,Maharashtra,महाराष्ट्र,27.0,488,Dharashiv,धाराशिव,525.0,4238,Washi,वाशी,4238.0,2024-10-07
1,Jammu And Kashmir,JAMMU AND KASHMIR,1.0,3,Baramulla,BARAMULLA,8.0,6825,Watergam,Watergam,0.0,2024-10-07
8,Rajasthan,RAJASTHAN,8.0,91,Bharatpur,BHARATPUR,105.0,512,Weir,,512.0,2024-10-07
15,Mizoram,MIZORAM,15.0,266,Mamit,MAMIT,281.0,1897,West Phaileng,,1897.0,2024-10-07
13,Nagaland,NAGALAND,13.0,248,Phek,PHEK,266.0,5992,Weziho,,0.0,2024-10-07
13,Nagaland,NAGALAND,13.0,250,Wokha,WOKHA,264.0,1789,Wokha Sadar,,1789.0,2024-10-07
12,Arunachal Pradesh,ARUNACHAL PRADESH,12.0,236,Lower Subansiri,LOWER SUBANSIRI,255.0,1697,Yachuli Adc,Yachuli ADC,1697.0,2024-10-07
36,Telangana,తెలంగాణ,0.0,697,Yadadri Bhuvanagiri,యదాద్రి భువనగిరి,0.0,4616,Yadagirigutta,యాదగిరి గుట్ట,4616.0,2024-10-07
28,Andhra Pradesh,ANDHRA PRADESH,28.0,503,Chittoor,CHITTOOR,554.0,5430,Yadamarri,,5430.0,2024-10-07
36,Telangana,తెలంగాణ,0.0,516,Nizamabad,నిజామాబాదు,533.0,4369,Yedapally,ఎడపల్లి,4369.0,2024-10-07
29,Karnataka,ಕರ್ನಾಟಕ,29.0,525,Bengaluru Urban,ಬೆಂಗಳೂರು,572.0,7103,Yelahanka,ಯಲಹಂಕ,0.0,2024-10-07
28,Andhra Pradesh,ANDHRA PRADESH,28.0,523,West Godavari,పశ్చిమగోదావరి,546.0,4989,Yelamanchili,,4989.0,2024-10-07
29,Karnataka,ಕರ್ನಾಟಕ,29.0,543,Koppal,ಕೊಪ್ಪಳ,560.0,5464,Yelbarga,ಯಲ್ಬುರ್ಗ,5464.0,2024-10-07
36,Telangana,తెలంగాణ,0.0,690,Bhadradri Kothagudem,భద్రాద్రి కొత్తగూడెం,0.0,4740,Yellandu,ఎల్లందు,4740.0,2024-10-07
36,Telangana,తెలంగాణ,0.0,683,Rajanna Sircilla,రాజన్న సిరిసిల్ల,0.0,4432,Yellareddipet,యెల్లరెడ్డి పేట్,4432.0,2024-10-07
36,Telangana,తెలంగాణ,0.0,516,Nizamabad,నిజామాబాదు,533.0,6239,Yergatla,ఎర్ గట్ల,0.0,2024-10-07
28,Andhra Pradesh,ANDHRA PRADESH,28.0,752,Tirupati,Tirupati,0.0,5374,Yerravaripalem,,5374.0,2024-10-07
1,Jammu And Kashmir,JAMMU AND KASHMIR,1.0,625,Shopian,SHOPIAN,13.0,6797,Zainapora,Zainapora,0.0,2024-10-07
1,Jammu And Kashmir,JAMMU AND KASHMIR,1.0,3,Baramulla,BARAMULLA,8.0,6826,Zaingeer,Zaingeer,0.0,2024-10-07
13,Nagaland,NAGALAND,13.0,251,Zunheboto,ZUNHEBOTO,263.0,1772,Zunheboto Sadar,,1772.0,2024-10-07
12,Arunachal Pradesh,ARUNACHAL PRADESH,12.0,243,West Siang,WEST SIANG,250.0,6087,Aalo Hq,Aalo,0.0,2024-10-07
22,Chhattisgarh,छत्तीसगढ़,22.0,381,Uttar Bastar Kanker,उत्तर बस्तर कांकेर,413.0,7346,Aamabeda,आमाबेड़ा,0.0,2024-10-07
13,Nagaland,NAGALAND,13.0,247,Mon,MON,261.0,1750,Aboi,,1750.0,2024-10-07
36,Telangana,తెలంగాణ,0.0,694,Nagarkurnool,నాగర్ కర్నూల్,0.0,4579,Achampet,అచ్చం పేట,4579.0,2024-10-07
22,Chhattisgarh,छत्तीसगढ़,22.0,762,Sakti,सक्ती,0.0,7255,Adbhar,अड़भार,0.0,2024-10-07
28,Andhra Pradesh,ANDHRA PRADESH,28.0,750,Bapatla,Bapatla,0.0,5112,Addanki,,5112.0,2024-10-07
17,Meghalaya,MEGHALAYA,17.0,656,North Garo Hills,NORTH GARO HILLS,0.0,7334,Adokgre,,0.0,2024-10-07
32,Kerala,KERALA,32.0,564,Pathanamthitta,പത്തനംതിട്ട,599.0,5683,Adoor,അടൂര്‍,5683.0,2024-10-07
29,Karnataka,ಕರ್ನಾಟಕ,29.0,538,Kalaburagi,ಕಲಬುರಗಿ,579.0,5581,Afzalpur,ಅಫ್ಜಲ್‌ ಪುರ,5581.0,2024-10-07
23,Madhya Pradesh,MADHYA PRADESH,23.0,667,Agar-Malwa,आगर-मालवा,0.0,3518,Agar,आगर,3518.0,2024-10-07
31,Lakshadweep,LAKSHADWEEP,31.0,553,Lakshadweep District,LAKSHADWEEP DISTRICT,587.0,5626,Agatti,,5626.0,2024-10-07
28,Andhra Pradesh,ANDHRA PRADESH,28.0,748,Eluru,Eluru,0.0,5005,Agiripalli,Agiripalli,5005.0,2024-10-07
9,Uttar Pradesh,UTTAR PRADESH,9.0,118,Agra,AGRA,146.0,766,Agra,,766.0,2024-10-07
22,Chhattisgarh,छत्तीसगढ़,22.0,378,Durg,दुर्ग,409.0,7331,Ahiwara,अहिवारा,0.0,2024-10-07
21,Odisha,ODISHA,21.0,362,Khordha,KHORDHA,386.0,3045,Airfield (Kapila Prasad),,3045.0,2024-10-07
29,Karnataka,ಕರ್ನಾಟಕ,29.0,532,Chikkamagaluru,ಚಿಕ್ಕಮಗಳೂರು,570.0,7078,Ajjampura,,0.0,2024-10-07
27,Maharashtra,महाराष्ट्र,27.0,496,Solapur,सोलापूर,526.0,4254,Akkalkot,अक्कलकोट,4254.0,2024-10-07
27,Maharashtra,महाराष्ट्र,27.0,466,Ahmednagar,अहमदनगर,522.0,4201,Akole,अकोले,4201.0,2024-10-07
27,Maharashtra,महाराष्ट्र,27.0,467,Akola,अकोला,501.0,3989,Akot,अकोट,3989.0,2024-10-07
36,Telangana,తెలంగాణ,0.0,697,Yadadri Bhuvanagiri,యదాద్రి భువనగిరి,0.0,4617,Alair,ఆలేరు,4617.0,2024-10-07
2,Himachal Pradesh,HIMACHAL PRADESH,2.0,18,Kangra,KANGRA,24.0,6900,Alampur,,0.0,2024-10-07
20,Jharkhand,झारखंड,20.0,331,Gumla,गुमला,366.0,2715,Albert Ekka(Jari),,2715.0,2024-10-07
27,Maharashtra,महाराष्ट्र,27.0,491,Raigad,रायगड,520.0,4177,Alibag,अलिबाग,4177.0,2024-10-07
7,Delhi,DELHI,7.0,80,North,NORTH,91.0,6076,Alipur,,0.0,2024-10-07
23,Madhya Pradesh,MADHYA PRADESH,23.0,639,Alirajpur,अलीराजपुर,465.0,3713,Alirajpur,अलीराजपुर,3713.0,2024-10-07
36,Telangana,తెలంగాణ,0.0,513,Medak,మెదక్,535.0,4470,Alladurg,అల్లాదుర్గ్,4470.0,2024-10-07
5,Uttarakhand,UTTARAKHAND,5.0,45,Almora,ALMORA,64.0,330,Almora,,330.0,2024-10-07
13,Nagaland,NAGALAND,13.0,246,Mokokchung,MOKOKCHUNG,262.0,1759,Alongkima,,1759.0,2024-10-07
1,Jammu And Kashmir,JAMMU AND KASHMIR,1.0,623,Bandipora,BANDIPORA,9.0,6809,Aloosa,Aloosa,0.0,2024-10-07
23,Madhya Pradesh,MADHYA PRADESH,23.0,423,Ratlam,रतलाम,434.0,3502,Alot,आलोट,3502.0,2024-10-07
29,Karnataka,ಕರ್ನಾಟಕ,29.0,539,Hassan,ಹಾಸನ,574.0,5557,Alur,ಆಲೂರು,5557.0,2024-10-07
13,Nagaland,NAGALAND,13.0,614,Kiphire,,269.0,1836,Amahator,,1836.0,2024-10-07
3,Punjab,PUNJAB,3.0,737,Malerkotla,,0.0,7122,Amargarh,,0.0,2024-10-07
2,Himachal Pradesh,HIMACHAL PRADESH,2.0,26,Una,UNA,29.0,148,Amb,,148.0,2024-10-07
23,Madhya Pradesh,MADHYA PRADESH,23.0,417,Morena,मुरैना,419.0,3385,Ambah,अंबाह,3385.0,2024-10-07
33,Tamil Nadu,TAMIL NADU,33.0,592,Tirunelveli,TIRUNELVELI,628.0,5878,Ambasamudram,,5878.0,2024-10-07
8,Rajasthan,RAJASTHAN,8.0,102,Jaipur,JAIPUR,110.0,547,Amber,,547.0,2024-10-07
22,Chhattisgarh,छत्तीसगढ़,22.0,389,Surguja,सरगुजा,401.0,3247,Ambikapur,,3247.0,2024-10-07
19,West Bengal,WEST BENGAL,19.0,303,North 24 Parganas,NORTH TWENTY FOUR PARGANAS,337.0,2322,Amdanga,,2322.0,2024-10-07
36,Telangana,తెలంగాణ,0.0,691,Sangareddy,సంగారెడ్డి,0.0,6276,Ameenpur,అమిన్ పూర్,0.0,2024-10-07
18,Assam,ASSAM,18.0,300,Sivasagar,SIVASAGAR,311.0,2072,Amguri,,2072.0,2024-10-07
24,Gujarat,GUJARAT,24.0,442,Bharuch,BHARUCH,488.0,3914,Amod,,3914.0,2024-10-07
33,Tamil Nadu,TAMIL NADU,33.0,595,Vellore,VELLORE,605.0,5964,Anaicut,,0.0,2024-10-07
13,Nagaland,NAGALAND,13.0,247,Mon,MON,261.0,1754,Angjangyang,,1754.0,2024-10-07
2,Himachal Pradesh,HIMACHAL PRADESH,2.0,20,Kullu,KULLU,26.0,121,Ani,,121.0,2024-10-07
12,Arunachal Pradesh,ARUNACHAL PRADESH,12.0,230,Dibang Valley,DIBANG VALLEY,257.0,1718,Anini,,1718.0,2024-10-07
22,Chhattisgarh,छत्तीसगढ़,22.0,381,Uttar Bastar Kanker,उत्तर बस्तर कांकेर,413.0,3353,Antagarh,,3353.0,2024-10-07
28,Andhra Pradesh,ANDHRA PRADESH,28.0,515,Sri Potti Sriramulu Nellore,శ్రీ పొట్టి శ్రీరాములు నెల్లూరు,550.0,5165,Anumasamudrampeta,,5165.0,2024-10-07
9,Uttar Pradesh,UTTAR PRADESH,9.0,130,Bareilly,BAREILLY,150.0,786,Aonla,,786.0,2024-10-07
28,Andhra Pradesh,ANDHRA PRADESH,28.0,745,Alluri Sitharama Raju,Alluri Sitharama Raju,0.0,4844,Araku Valley,,4844.0,2024-10-07
22,Chhattisgarh,छत्तीसगढ़,22.0,387,Raipur,रायपुर,410.0,3330,Arang,,3330.0,2024-10-07
33,Tamil Nadu,TAMIL NADU,33.0,593,Tiruvannamalai,TIRUVANNAMALAI,606.0,5721,Arani,,5721.0,2024-10-07
33,Tamil Nadu,TAMIL NADU,33.0,731,Ranipet,ராணிப்பேட்டை,0.0,5716,Arcot,,5716.0,2024-10-07
2,Himachal Pradesh,HIMACHAL PRADESH,2.0,25,Solan,SOLAN,31.0,158,Arki,,158.0,2024-10-07
36,Telangana,తెలంగాణ,0.0,516,Nizamabad,నిజామాబాదు,533.0,4360,Armoor,ఆర్మూర్,4360.0,2024-10-07
1,Jammu And Kashmir,JAMMU AND KASHMIR,1.0,5,Jammu,JAMMU,21.0,6717,Arnia,Arnia,0.0,2024-10-07
19,West Bengal,WEST BENGAL,19.0,321,Purulia,PURULIA,340.0,2389,Arsha,,2389.0,2024-10-07
23,Madhya Pradesh,MADHYA PRADESH,23.0,391,Ashoknagar,अशोकनगर,459.0,3686,Ashoknagar,अशोकनगर,3686.0,2024-10-07
36,Telangana,తెలంగాణ,0.0,699,Kumuram Bheem Asifabad,కుమురం భీమ్ ఆసిఫాబాద్,0.0,4319,Asifabad,ఆసిఫాబాద్,4319.0,2024-10-07
21,Odisha,ODISHA,21.0,369,Puri,PURI,387.0,3060,Astaranga,,3060.0,2024-10-07
13,Nagaland,NAGALAND,13.0,251,Zunheboto,ZUNHEBOTO,263.0,1770,Asuto,,1770.0,2024-10-07
6,Haryana,HARYANA,6.0,69,Mahendragarh,MAHENDRAGARH,84.0,6457,Ateli,अटेली,0.0,2024-10-07
23,Madhya Pradesh,MADHYA PRADESH,23.0,395,Bhind,भिण्ड,420.0,3391,Ater,अटेर,3391.0,2024-10-07
13,Nagaland,NAGALAND,13.0,613,Peren,,271.0,1853,Athibung,,1853.0,2024-10-07
28,Andhra Pradesh,ANDHRA PRADESH,28.0,755,Nandyal,Nandyal,0.0,5265,Atmakur,,5265.0,2024-10-07
36,Telangana,తెలంగాణ,0.0,697,Yadadri Bhuvanagiri,యదాద్రి భువనగిరి,0.0,4626,Atmakur (M),ఆత్మకూరు (మో),4626.0,2024-10-07
13,Nagaland,NAGALAND,13.0,251,Zunheboto,ZUNHEBOTO,263.0,1773,Atoizu,,1773.0,2024-10-07
9,Uttar Pradesh,UTTAR PRADESH,9.0,119,Aligarh,ALIGARH,143.0,754,Atrauli,,754.0,2024-10-07
10,Bihar,BIHAR,10.0,196,Gaya,गया,236.0,1493,Atri,अतरी,1493.0,2024-10-07
33,Tamil Nadu,TAMIL NADU,33.0,584,Salem,SALEM,608.0,5743,Attur,,5743.0,2024-10-07
27,Maharashtra,महाराष्ट्र,27.0,477,Hingoli,हिंगोली,512.0,4113,Aundha (Nagnath),औंढा (नागनाथ),4113.0,2024-10-07
22,Chhattisgarh,छत्तीसगढ़,22.0,761,Mohla-Manpur-Ambagarh Chouki,मोहला-मानपुर-अम्बागढ़ चौकी,0.0,7278,Aundhi,औंधी,0.0,2024-10-07
9,Uttar Pradesh,UTTAR PRADESH,9.0,122,Auraiya,AURAIYA,162.0,842,Auraiya,,842.0,2024-10-07
10,Bihar,BIHAR,10.0,189,Aurangabad,औरंगाबाद,235.0,1481,Aurangabad,औरंगाबाद,1481.0,2024-10-07
33,Tamil Nadu,TAMIL NADU,33.0,582,Pudukkottai,PUDUKKOTTAI,621.0,5828,Avudayarkoil,,5828.0,2024-10-07
18,Assam,ASSAM,18.0,293,Karimganj,KARIMGANJ,317.0,2102,Badarpur,,2102.0,2024-10-07
23,Madhya Pradesh,MADHYA PRADESH,23.0,403,Dhar,धार,438.0,3532,Badnawar,बदनावर,3532.0,2024-10-07
23,Madhya Pradesh,MADHYA PRADESH,23.0,667,Agar-Malwa,आगर-मालवा,0.0,3517,Badod,बड़ौद,3517.0,2024-10-07
23,Madhya Pradesh,MADHYA PRADESH,23.0,413,Katni,कटनी,450.0,3623,Badwara,बडवारा,3623.0,2024-10-07
18,Assam,ASSAM,18.0,616,Baksa,,324.0,2139,Baganpara (Pt),,2139.0,2024-10-07
24,Gujarat,GUJARAT,24.0,439,Amreli,AMRELI,480.0,3844,Bagasara,,3844.0,2024-10-07
3,Punjab,PUNJAB,3.0,38,Moga,MOGA,42.0,232,Bagha Purana,,232.0,2024-10-07
22,Chhattisgarh,छत्तीसगढ़,22.0,380,Jashpur,जशपुर,402.0,3255,Bagicha,बगीचा,3255.0,2024-10-07
8,Rajasthan,RAJASTHAN,8.0,88,Banswara,BANSWARA,125.0,653,Bagidora,,653.0,2024-10-07
19,West Bengal,WEST BENGAL,19.0,321,Purulia,PURULIA,340.0,2392,Bagmundi,,2392.0,2024-10-07
2,Himachal Pradesh,HIMACHAL PRADESH,2.0,22,Mandi,MANDI,27.0,7174,Bagshad,Bagshad,0.0,2024-10-07
10,Bihar,BIHAR,10.0,195,Darbhanga,दरभंगा,215.0,1192,Baheri,बहेरी,1192.0,2024-10-07
10,Bihar,BIHAR,10.0,197,Gopalganj,गोपालगंज,217.0,1228,Baikunthpur,बैकुण्ठपुर,1228.0,2024-10-07
10,Bihar,BIHAR,10.0,214,Purnia,पूर्णिया,211.0,1140,Baisi,बायसी,1140.0,2024-10-07
21,Odisha,ODISHA,21.0,365,Mayurbhanj,MAYURBHANJ,376.0,2880,Baisinga,,2880.0,2024-10-07
17,Meghalaya,MEGHALAYA,17.0,656,North Garo Hills,NORTH GARO HILLS,0.0,6544,Bajengdoba,Bajengdoba,0.0,2024-10-07
10,Bihar,BIHAR,10.0,212,Patna,पटना,230.0,1414,Bakhtiarpur,बख्तियारपुर,1414.0,2024-10-07
19,West Bengal,WEST BENGAL,19.0,321,Purulia,PURULIA,340.0,2393,Balarampur,,2393.0,2024-10-07
23,Madhya Pradesh,MADHYA PRADESH,23.0,434,Tikamgarh,टीकमगढ़,424.0,3421,Baldeogarh,बलदेवगढ़,3421.0,2024-10-07
9,Uttar Pradesh,UTTAR PRADESH,9.0,185,Sultanpur,SULTANPUR,179.0,6868,Baldirai,,0.0,2024-10-07
8,Rajasthan,RAJASTHAN,8.0,778,Jodhpur (Gramin),जोधपुर (ग्रामीण),,6049,Balesar,Balesar,0.0,2024-10-07
21,Odisha,ODISHA,21.0,346,Baleshwar,BALESHWAR,377.0,2909,Baleshwar (M),,2909.0,2024-10-07
5,Uttarakhand,UTTARAKHAND,5.0,55,Tehri Garhwal,TEHRI GARHWAL,59.0,6374,Balganga,,0.0,2024-10-07
8,Rajasthan,RAJASTHAN,8.0,111,Pali,PALI,118.0,605,Bali,,605.0,2024-10-07
21,Odisha,ODISHA,21.0,362,Khordha,KHORDHA,386.0,3042,Balianta,,3042.0,2024-10-07
21,Odisha,ODISHA,21.0,362,Khordha,KHORDHA,386.0,3043,Balipatna,,3043.0,2024-10-07
36,Telangana,తెలంగాణ,0.0,516,Nizamabad,నిజామాబాదు,533.0,4361,Balkonda,బాల్కోండ,4361.0,2024-10-07
29,Karnataka,ಕರ್ನಾಟಕ,29.0,528,Ballari,ಬಳ್ಳಾರಿ,565.0,5500,Ballari,ಬಳ್ಳಾರಿ,5500.0,2024-10-07
28,Andhra Pradesh,ANDHRA PRADESH,28.0,750,Bapatla,Bapatla,0.0,5105,Ballikurava,,5105.0,2024-10-07
19,West Bengal,WEST BENGAL,19.0,313,Howrah,HOWRAH,341.0,2403,Bally Jagachha,,2403.0,2024-10-07
36,Telangana,తెలంగాణ,0.0,694,Nagarkurnool,నాగర్ కర్నూల్,0.0,4597,Balmoor,బల్మూర్,4597.0,2024-10-07
22,Chhattisgarh,छत्तीसगढ़,22.0,379,Janjgir-Champa,जांजगीर - चाम्पा,405.0,3279,Baloda,,3279.0,2024-10-07
22,Chhattisgarh,छत्तीसगढ़,22.0,649,Balrampur-Ramanujganj,बलरामपुर-रामानुजगंज,0.0,3237,Balrampur,बलरामपुर,3237.0,2024-10-07
21,Odisha,ODISHA,21.0,362,Khordha,KHORDHA,386.0,3053,Balugaon,,3053.0,2024-10-07
19,West Bengal,WEST BENGAL,19.0,316,Malda,MALDA,332.0,2215,Bamangola,,2215.0,2024-10-07
12,Arunachal Pradesh,ARUNACHAL PRADESH,12.0,231,East Kameng,EAST KAMENG,247.0,1586,Bameng Adc,,1586.0,2024-10-07
23,Madhya Pradesh,MADHYA PRADESH,23.0,406,Guna,गुना,458.0,3678,Bamori,बमोरी,3678.0,2024-10-07
12,Arunachal Pradesh,ARUNACHAL PRADESH,12.0,231,East Kameng,EAST KAMENG,247.0,6102,Bana Eac,,0.0,2024-10-07
21,Odisha,ODISHA,21.0,344,Anugul,ANUGUL,384.0,3010,Banarpal,,3010.0,2024-10-07
23,Madhya Pradesh,MADHYA PRADESH,23.0,425,Sagar,सागर,427.0,3446,Banda,बन्‍डा,3446.0,2024-10-07
23,Madhya Pradesh,MADHYA PRADESH,23.0,425,Sagar,सागर,427.0,7420,Bandari,बांदरी,0.0,2024-10-07
22,Chhattisgarh,छत्तीसगढ़,22.0,381,Uttar Bastar Kanker,उत्तर बस्तर कांकेर,413.0,7353,Bande,बांदे,0.0,2024-10-07
10,Bihar,BIHAR,10.0,208,Muzaffarpur,मुजफ्फरपुर,216.0,1210,Bandra,बन्दरा,1210.0,2024-10-07
18,Assam,ASSAM,18.0,298,Nalbari,NALBARI,323.0,2137,Banekuchi,,2137.0,2024-10-07
28,Andhra Pradesh,ANDHRA PRADESH,28.0,503,Chittoor,CHITTOOR,554.0,5429,Bangarupalem,,5429.0,2024-10-07
21,Odisha,ODISHA,21.0,365,Mayurbhanj,MAYURBHANJ,376.0,2875,Bangiriposi,,2875.0,2024-10-07
21,Odisha,ODISHA,21.0,367,Nayagarh,NAYAGARH,385.0,3024,Banigochha,,3024.0,2024-10-07
21,Odisha,ODISHA,21.0,350,Cuttack,CUTTACK,381.0,2948,Banki,,2948.0,2024-10-07
9,Uttar Pradesh,UTTAR PRADESH,9.0,182,Siddharthnagar,SIDDHARTHNAGAR,184.0,934,Bansi,,934.0,2024-10-07
19,West Bengal,WEST BENGAL,19.0,310,Dakshin Dinajpur,DAKSHIN DINAJPUR,331.0,2206,Bansihari,,2206.0,2024-10-07
21,Odisha,ODISHA,21.0,348,Bhadrak,BHADRAK,378.0,2911,Bant,,2911.0,2024-10-07
21,Odisha,ODISHA,21.0,344,Anugul,ANUGUL,384.0,3021,Bantala,,3021.0,2024-10-07
19,West Bengal,WEST BENGAL,19.0,704,Paschim Bardhaman,PASCHIM BARDHAMAN,0.0,2269,Barabani,,2269.0,2024-10-07
10,Bihar,BIHAR,10.0,196,Gaya,गया,236.0,1510,Barachatti,बाराचट्टी,1510.0,2024-10-07
21,Odisha,ODISHA,21.0,350,Cuttack,CUTTACK,381.0,2951,Barang,,2951.0,2024-10-07
9,Uttar Pradesh,UTTAR PRADESH,9.0,124,Baghpat,BAGHPAT,139.0,735,Baraut,,735.0,2024-10-07
20,Jharkhand,झारखंड,20.0,332,Hazaribagh,हज़ारीबाग,360.0,2645,Barhi,,2645.0,2024-10-07
23,Madhya Pradesh,MADHYA PRADESH,23.0,413,Katni,कटनी,450.0,3622,Barhi,बरही,3622.0,2024-10-07
21,Odisha,ODISHA,21.0,365,Mayurbhanj,MAYURBHANJ,376.0,2873,Baripada Town,,2873.0,2024-10-07
12,Arunachal Pradesh,ARUNACHAL PRADESH,12.0,241,Upper Subansiri,UPPER SUBANSIRI,249.0,1620,Baririjo Circle,Baririjo Circle,1620.0,2024-10-07
18,Assam,ASSAM,18.0,298,Nalbari,NALBARI,323.0,2134,Barkhetri,,2134.0,2024-10-07
18,Assam,ASSAM,18.0,280,Barpeta,BARPETA,303.0,2018,Barnagar (Pt),,2018.0,2024-10-07
23,Madhya Pradesh,MADHYA PRADESH,23.0,401,Datia,दतिया,422.0,7001,Baroni,बड़ौनी,0.0,2024-10-07
19,West Bengal,WEST BENGAL,19.0,303,North 24 Parganas,NORTH TWENTY FOUR PARGANAS,337.0,2324,Barrackpur - II,,2324.0,2024-10-07
22,Chhattisgarh,छत्तीसगढ़,22.0,376,Dakshin Bastar Dantewada,दक्षिण बस्तर दंतेवाड़ा,416.0,7232,Barsur,बारसूर,0.0,2024-10-07
19,West Bengal,WEST BENGAL,19.0,304,South 24 Parganas,SOUTH 24 Parganas,343.0,2422,Baruipur,,2422.0,2024-10-07
10,Bihar,BIHAR,10.0,208,Muzaffarpur,मुजफ्फरपुर,216.0,1200,Baruraj (Motipur),बरुराज (मोतीपुर),1200.0,2024-10-07
20,Jharkhand,झारखंड,20.0,335,Latehar,लातेहार,359.0,2636,Barwadih,बरवाडीह,2636.0,2024-10-07
1,Jammu And Kashmir,JAMMU AND KASHMIR,1.0,14,Udhampur,UDHAMPUR,19.0,6736,Basantgarh,Basantgarh,0.0,2024-10-07
20,Jharkhand,झारखंड,20.0,331,Gumla,गुमला,366.0,2711,Basia,,2711.0,2024-10-07
28,Andhra Pradesh,ANDHRA PRADESH,28.0,754,Sri Sathya Sai,Sri Sathya Sai,0.0,5337,Bathalapalli,బత్తలపల్లి,5337.0,2024-10-07
10,Bihar,BIHAR,10.0,221,Sitamarhi,सीतामढी,206.0,1069,Bathnaha,बथनाहा,1069.0,2024-10-07
23,Madhya Pradesh,MADHYA PRADESH,23.0,400,Damoh,दमोह,428.0,3456,Batiyagarh,बटियागढ़,3456.0,2024-10-07
8,Rajasthan,RAJASTHAN,8.0,775,Balotra,बालोतरा,,578,Baytoo,,578.0,2024-10-07
8,Rajasthan,RAJASTHAN,8.0,774,Beawar,ब्‍यावर,,609,Beawar,,609.0,2024-10-07
10,Bihar,BIHAR,10.0,191,Begusarai,बेगूसराय,222.0,1314,Begusarai,बेगूसराय,1314.0,2024-10-07
36,Telangana,తెలంగాణ,0.0,501,Adilabad,ఆదిలాబాద్,532.0,4308,Bela,బేల,4308.0,2024-10-07
29,Karnataka,ಕರ್ನಾಟಕ,29.0,527,Belagavi,ಬೆಳಗಾವಿ,555.0,5438,Belagavi,ಬೆಳಗಾವಿ,5438.0,2024-10-07
19,West Bengal,WEST BENGAL,19.0,319,Murshidabad,MURSHIDABAD,333.0,2245,Beldanga - II,,2245.0,2024-10-07
22,Chhattisgarh,छत्तीसगढ़,22.0,375,Bilaspur,बिलासपुर,406.0,7243,Belgahna,बेलगहना,0.0,2024-10-07
28,Andhra Pradesh,ANDHRA PRADESH,28.0,751,Palnadu,Palnadu,0.0,5049,Bellamkonda,,5049.0,2024-10-07
10,Bihar,BIHAR,10.0,221,Sitamarhi,सीतामढी,206.0,1072,Belsand,बेलसंड,1072.0,2024-10-07
29,Karnataka,ಕರ್ನಾಟಕ,29.0,534,Dakshina Kannada,ದಕ್ಷಿಣ ಕನ್ನಡ,575.0,5563,Beltangadi,ಬೆಳ್ತಂಗಡಿ,5563.0,2024-10-07
29,Karnataka,ಕರ್ನಾಟಕ,29.0,525,Bengaluru Urban,ಬೆಂಗಳೂರು,572.0,5544,Bengaluru East,ಬೆಂಗಳೂರು ಪೂರ್ವ,5544.0,2024-10-07
23,Madhya Pradesh,MADHYA PRADESH,23.0,396,Bhopal,भोपाल,444.0,3580,Berasia,बैरसिया,3580.0,2024-10-07
5,Uttarakhand,UTTARAKHAND,5.0,53,Pithoragarh,PITHORAGARH,62.0,318,Berinag,,318.0,2024-10-07
17,Meghalaya,MEGHALAYA,17.0,663,South West Garo Hills,SOUTH WEST GARO HILLS,0.0,1966,Betasing,,1966.0,2024-10-07
28,Andhra Pradesh,ANDHRA PRADESH,28.0,755,Nandyal,Nandyal,0.0,5279,Bethamcherla,,5279.0,2024-10-07
23,Madhya Pradesh,MADHYA PRADESH,23.0,394,Betul,बैतूल,447.0,6989,Betul Nagar,बैतूल नगर,0.0,2024-10-07
24,Gujarat,GUJARAT,24.0,441,Banas Kantha,BANAS KANTHA,469.0,3742,Bhabhar,,3742.0,2024-10-07
1,Jammu And Kashmir,JAMMU AND KASHMIR,1.0,4,Doda,DODA,16.0,65,Bhaderwah,,65.0,2024-10-07
10,Bihar,BIHAR,10.0,191,Begusarai,बेगूसराय,222.0,1308,Bhagwanpur,भगवानपुर,1308.0,2024-10-07
10,Bihar,BIHAR,10.0,224,Vaishali,वैशाली,220.0,1271,Bhagwanpur,भगवानपुर,1271.0,2024-10-07
23,Madhya Pradesh,MADHYA PRADESH,23.0,427,Sehore,सीहोर,445.0,3587,Bhairunda,भैरुन्दा,3587.0,2024-10-07
22,Chhattisgarh,छत्तीसगढ़,22.0,383,Korba,कोरबा,404.0,7328,Bhaisma,भैसमा,0.0,2024-10-07
2,Himachal Pradesh,HIMACHAL PRADESH,2.0,16,Chamba,CHAMBA,23.0,86,Bhalai,,86.0,2024-10-07
1,Jammu And Kashmir,JAMMU AND KASHMIR,1.0,4,Doda,DODA,16.0,6753,Bhalessa,Bhalessa,0.0,2024-10-07
1,Jammu And Kashmir,JAMMU AND KASHMIR,1.0,5,Jammu,JAMMU,21.0,6709,Bhalwal,Bhalwal,0.0,2024-10-07
21,Odisha,ODISHA,21.0,354,Ganjam,GANJAM,388.0,3074,Bhanjanagar,,3074.0,2024-10-07
22,Chhattisgarh,छत्तीसगढ़,22.0,381,Uttar Bastar Kanker,उत्तर बस्तर कांकेर,413.0,3349,Bhanupratappur,,3349.0,2024-10-07
10,Bihar,BIHAR,10.0,188,Araria,अररिया,209.0,1114,Bhargama,भरगामा,1114.0,2024-10-07
20,Jharkhand,झारखंड,20.0,331,Gumla,गुमला,366.0,2709,Bharno,BHARNO,2709.0,2024-10-07
2,Himachal Pradesh,HIMACHAL PRADESH,2.0,18,Kangra,KANGRA,24.0,7414,Bharoli,Bharoli,0.0,2024-10-07
24,Gujarat,GUJARAT,24.0,442,Bharuch,BHARUCH,488.0,3916,Bharuch,,3916.0,2024-10-07
19,West Bengal,WEST BENGAL,19.0,306,Purba Bardhaman,PURBA BARDHAMAN,335.0,2286,Bhatar,,2286.0,2024-10-07
27,Maharashtra,महाराष्ट्र,27.0,468,Amravati,अमरावती,503.0,4010,Bhatkuli,भातकुली,4010.0,2024-10-07
21,Odisha,ODISHA,21.0,347,Bargarh,BARGARH,370.0,2767,Bhatli,,2767.0,2024-10-07
9,Uttar Pradesh,UTTAR PRADESH,9.0,137,Deoria,DEORIA,190.0,963,Bhatpar Rani,,963.0,2024-10-07
2,Himachal Pradesh,HIMACHAL PRADESH,2.0,16,Chamba,CHAMBA,23.0,88,Bhattiyat,,88.0,2024-10-07
24,Gujarat,GUJARAT,24.0,443,Bhavnagar,BHAVNAGAR,481.0,3854,Bhavnagar,,3854.0,2024-10-07
3,Punjab,PUNJAB,3.0,43,Sangrur,SANGRUR,53.0,6855,Bhawanigarh,BHAWANIGARH,0.0,2024-10-07
36,Telangana,తెలంగాణ,0.0,686,Hanumakonda,హనుమకొండ,0.0,4448,Bheemadevarpalli,భీందేవరపల్లి,4448.0,2024-10-07
28,Andhra Pradesh,ANDHRA PRADESH,28.0,748,Eluru,Eluru,0.0,4963,Bheemadole,Bheemadole,4963.0,2024-10-07
36,Telangana,తెలంగాణ,0.0,685,Kamareddy,కామారెడ్డి,0.0,4391,Bhiknoor,బిక్ నూర్,4391.0,2024-10-07
23,Madhya Pradesh,MADHYA PRADESH,23.0,394,Betul,बैतूल,447.0,7027,Bhimpur,भीमपुर,0.0,2024-10-07
8,Rajasthan,RAJASTHAN,8.0,117,Udaipur,UDAIPUR,130.0,6917,Bhindar,भिण्डर,0.0,2024-10-07
10,Bihar,BIHAR,10.0,211,Pashchim Champaran,पश्चिम चम्पारण,203.0,1022,Bhitaha,भितहा,1022.0,2024-10-07
28,Andhra Pradesh,ANDHRA PRADESH,28.0,521,Vizianagaram,VIZIANAGARAM,543.0,4840,Bhogapuram,,4840.0,2024-10-07
9,Uttar Pradesh,UTTAR PRADESH,9.0,156,Kanpur Dehat,KANPUR DEHAT,163.0,846,Bhognipur,,846.0,2024-10-07
27,Maharashtra,महाराष्ट्र,27.0,485,Nanded,नांदेड,511.0,4102,Bhokar,भोकर,4102.0,2024-10-07
27,Maharashtra,महाराष्ट्र,27.0,490,Pune,पुणे,521.0,4198,Bhor,भोर,4198.0,2024-10-07
27,Maharashtra,महाराष्ट्र,27.0,480,Kolhapur,कोल्हापूर,530.0,4291,Bhudargad,भूदरगड,4291.0,2024-10-07
3,Punjab,PUNJAB,3.0,35,Kapurthala,KAPURTHALA,36.0,205,Bhulath,,205.0,2024-10-07
36,Telangana,తెలంగాణ,0.0,687,Jayashankar Bhupalapally,జయశంకర్ భూపాలపల్లి,0.0,4682,Bhupalpally,భూపాల్ పల్లి,4682.0,2024-10-07
8,Rajasthan,RAJASTHAN,8.0,91,Bharatpur,BHARATPUR,105.0,6665,Bhusawar,Bhusawar,0.0,2024-10-07
36,Telangana,తెలంగాణ,0.0,697,Yadadri Bhuvanagiri,యదాద్రి భువనగిరి,0.0,4629,Bibinagar,బీబినగర్,4629.0,2024-10-07
10,Bihar,BIHAR,10.0,205,Madhepura,मधेपुरा,213.0,1166,Bihariganj,बिहारीगंज,1166.0,2024-10-07
22,Chhattisgarh,छत्तीसगढ़,22.0,648,Surajpur,सूरजपुर,0.0,7245,Biharpur,बिहारपुर,0.0,2024-10-07
10,Bihar,BIHAR,10.0,192,Bhagalpur,भागलपुर,224.0,1330,Bihpur,बिहपुर,1330.0,2024-10-07
10,Bihar,BIHAR,10.0,212,Patna,पटना,230.0,1403,Bihta,बिहटा,1403.0,2024-10-07
10,Bihar,BIHAR,10.0,215,Rohtas,रोहतास,234.0,1461,Bikramganj,बिक्रमगंज,1461.0,2024-10-07
9,Uttar Pradesh,UTTAR PRADESH,9.0,176,Rampur,RAMPUR,136.0,725,Bilaspur,,725.0,2024-10-07
9,Uttar Pradesh,UTTAR PRADESH,9.0,150,Hardoi,HARDOI,155.0,812,Bilgram,,812.0,2024-10-07
9,Uttar Pradesh,UTTAR PRADESH,9.0,157,Kanpur Nagar,KANPUR NAGAR,164.0,848,Bilhaur,,848.0,2024-10-07
21,Odisha,ODISHA,21.0,372,Sonepur,SONEPUR,392.0,3135,Binika,,3135.0,2024-10-07
10,Bihar,BIHAR,10.0,195,Darbhanga,दरभंगा,215.0,1193,Biraul,बिरौल,1193.0,2024-10-07
2,Himachal Pradesh,HIMACHAL PRADESH,2.0,26,Una,UNA,29.0,6892,Birhu Kalan,,0.0,2024-10-07
36,Telangana,తెలంగాణ,0.0,685,Kamareddy,కామారెడ్డి,0.0,4375,Birkur,బీర్కూర్,4375.0,2024-10-07
23,Madhya Pradesh,MADHYA PRADESH,23.0,426,Satna,सतना,429.0,3463,Birsinghpur,बिरसिंहपुर,3463.0,2024-10-07
14,Manipur,MANIPUR,14.0,252,Bishnupur,BISHNUPUR,275.0,1874,Bishnupur,,1874.0,2024-10-07
19,West Bengal,WEST BENGAL,19.0,304,South 24 Parganas,SOUTH 24 Parganas,343.0,2415,Bishnupur - I,,2415.0,2024-10-07
19,West Bengal,WEST BENGAL,19.0,304,South 24 Parganas,SOUTH 24 Parganas,343.0,2416,Bishnupur - II,,2416.0,2024-10-07
20,Jharkhand,झारखंड,20.0,332,Hazaribagh,हज़ारीबाग,360.0,2652,Bishungarh,,2652.0,2024-10-07
18,Assam,ASSAM,18.0,705,Biswanath,,0.0,2045,Biswanath,,2045.0,2024-10-07
28,Andhra Pradesh,ANDHRA PRADESH,28.0,521,Vizianagaram,VIZIANAGARAM,543.0,4816,Bobbili,,4816.0,2024-10-07
10,Bihar,BIHAR,10.0,208,Muzaffarpur,मुजफ्फरपुर,216.0,1206,Bochaha,बोचहा,1206.0,2024-10-07
24,Gujarat,GUJARAT,24.0,668,Chhotaudepur,CHHOTAUDEPUR,0.0,6020,Bodeli,BODELI,0.0,2024-10-07
21,Odisha,ODISHA,21.0,368,Nuapada,NUAPADA,394.0,3157,Boden,,3157.0,2024-10-07
18,Assam,ASSAM,18.0,281,Bongaigaon,BONGAIGAON,319.0,2111,Boitamari,,2111.0,2024-10-07
10,Bihar,BIHAR,10.0,221,Sitamarhi,सीतामढी,206.0,1079,Bokhara,बोखरा,1079.0,2024-10-07
21,Odisha,ODISHA,21.0,361,Kendujhar,KENDUJHAR,375.0,2835,Bolani,,2835.0,2024-10-07
36,Telangana,తెలంగాణ,0.0,698,Vikarabad,వికారాబాద్,0.0,4550,Bomaraspeta,బోంరాస్ పేట,4550.0,2024-10-07
36,Telangana,తెలంగాణ,0.0,697,Yadadri Bhuvanagiri,యదాద్రి భువనగిరి,0.0,4613,Bommalaramaram,బొమ్మలరామారం,4613.0,2024-10-07
28,Andhra Pradesh,ANDHRA PRADESH,28.0,521,Vizianagaram,VIZIANAGARAM,543.0,4829,Bondapalli,బొండపల్లి,4829.0,2024-10-07
19,West Bengal,WEST BENGAL,19.0,303,North 24 Parganas,NORTH TWENTY FOUR PARGANAS,337.0,2317,Bongaon,,2317.0,2024-10-07
1,Jammu And Kashmir,JAMMU AND KASHMIR,1.0,3,Baramulla,BARAMULLA,8.0,38,Boniyar,,38.0,2024-10-07
20,Jharkhand,झारखंड,20.0,327,East Singhbum,पूर्वी सिंघभूम,357.0,2605,Boram,,2605.0,2024-10-07
20,Jharkhand,झारखंड,20.0,340,Sahebganj,साहेबगंज,352.0,2566,Borio,,2566.0,2024-10-07
27,Maharashtra,महाराष्ट्र,27.0,483,Mumbai Suburban,मुंबई उपनगर,518.0,7181,Borivali,बोरीवली,0.0,2024-10-07
24,Gujarat,GUJARAT,24.0,440,Anand,ANAND,482.0,3867,Borsad,,3867.0,2024-10-07
12,Arunachal Pradesh,ARUNACHAL PRADESH,12.0,237,Papum Pare,PAPUM PARE,248.0,6013,Borum,,0.0,2024-10-07
28,Andhra Pradesh,ANDHRA PRADESH,28.0,504,Y.S.R.,,551.0,5205,Brahmamgarimattam,,5205.0,2024-10-07
28,Andhra Pradesh,ANDHRA PRADESH,28.0,502,Ananthapuramu,అనంతపురము,553.0,5320,Brahmasamudram,,5320.0,2024-10-07
28,Andhra Pradesh,ANDHRA PRADESH,28.0,515,Sri Potti Sriramulu Nellore,శ్రీ పొట్టి శ్రీరాములు నెల్లూరు,550.0,5170,Buchireddipalem,,5170.0,2024-10-07
33,Tamil Nadu,TAMIL NADU,33.0,586,Thanjavur,THANJAVUR,620.0,5966,Budalur,,0.0,2024-10-07
3,Punjab,PUNJAB,3.0,37,Mansa,ਮਾਨਸਾ,47.0,248,Budhlada,ਬੁਢਲਾਡਾ,248.0,2024-10-07
20,Jharkhand,झारखंड,20.0,339,Ranchi,रांची,364.0,2698,Bundu,बुंडू,2698.0,2024-10-07
14,Manipur,MANIPUR,14.0,712,Kangpokpi,,0.0,6488,Bungte Chiru,,0.0,2024-10-07
9,Uttar Pradesh,UTTAR PRADESH,9.0,123,Azamgarh,AZAMGARH,191.0,964,Burhanpur,,964.0,2024-10-07
21,Odisha,ODISHA,21.0,371,Sambalpur,SAMBALPUR,372.0,2788,Burla,,2788.0,2024-10-07
20,Jharkhand,झारखंड,20.0,339,Ranchi,रांची,364.0,2682,Burmu,,2682.0,2024-10-07
28,Andhra Pradesh,ANDHRA PRADESH,28.0,744,Anakapalli,Anakapalli,0.0,4873,Butchayyapeta,,4873.0,2024-10-07
28,Andhra Pradesh,ANDHRA PRADESH,28.0,748,Eluru,Eluru,0.0,4948,Buttayagudem,,4948.0,2024-10-07
9,Uttar Pradesh,UTTAR PRADESH,9.0,148,Gorakhpur,GORAKHPUR,188.0,948,Campierganj,,948.0,2024-10-07
20,Jharkhand,झारखंड,20.0,343,West Singhbhum,पश्चिमी सिंघभूम,368.0,2739,Chaibasa,चाईबासा,2739.0,2024-10-07
10,Bihar,BIHAR,10.0,198,Jamui,जमुई,238.0,1534,Chakai,चकाई,1534.0,2024-10-07
14,Manipur,MANIPUR,14.0,253,Chandel,CHANDEL,280.0,1895,Chakpikarong,,1895.0,2024-10-07
5,Uttarakhand,UTTARAKHAND,5.0,49,Dehradun,DEHRADUN,60.0,300,Chakrata,,300.0,2024-10-07
28,Andhra Pradesh,ANDHRA PRADESH,28.0,504,Y.S.R.,,551.0,5234,Chakrayapet,,5234.0,2024-10-07
20,Jharkhand,झारखंड,20.0,332,Hazaribagh,हज़ारीबाग,360.0,2651,Chalkusa,,2651.0,2024-10-07
29,Karnataka,ಕರ್ನಾಟಕ,29.0,533,Chitradurga,ಚಿತ್ರದುರ್ಗ,566.0,5504,Challakere,ಚೆಳ್ಳಕೆರೆ,5504.0,2024-10-07
29,Karnataka,ಕರ್ನಾಟಕ,29.0,531,Chamarajanagara,ಚಾಮರಾಜನಗರ,578.0,5577,Chamarajanagar,ಚಾಮರಾಜನಗರ,5577.0,2024-10-07
27,Maharashtra,महाराष्ट्र,27.0,475,Gadchiroli,गडचिरोली,508.0,4058,Chamorshi,चामोर्शी,4058.0,2024-10-07
5,Uttarakhand,UTTARAKHAND,5.0,48,Champawat,CHAMPAWAT,65.0,334,Champawat,,334.0,2024-10-07
15,Mizoram,MIZORAM,15.0,262,Champhai,CHAMPHAI,284.0,1908,Champhai,,1908.0,2024-10-07
28,Andhra Pradesh,ANDHRA PRADESH,28.0,749,Ntr,NTR,0.0,5008,Chandarlapadu,,5008.0,2024-10-07
23,Madhya Pradesh,MADHYA PRADESH,23.0,436,Umaria,उमरिया,431.0,3483,Chandia,चंदिया,3483.0,2024-10-07
4,Chandigarh,CHANDIGARH,4.0,44,Chandigarh,CHANDIGARH,55.0,277,Chandigarh,,277.0,2024-10-07
21,Odisha,ODISHA,21.0,346,Baleshwar,BALESHWAR,377.0,2899,Chandipur,,2899.0,2024-10-07
19,West Bengal,WEST BENGAL,19.0,317,Purba Medinipur,PURBA MEDINIPUR,345.0,2481,Chandipur,,2481.0,2024-10-07
22,Chhattisgarh,छत्तीसगढ़,22.0,762,Sakti,सक्ती,0.0,7354,Chandrapur,चन्द्रपुर,0.0,2024-10-07
23,Madhya Pradesh,MADHYA PRADESH,23.0,639,Alirajpur,अलीराजपुर,465.0,3711,Chandra Shekhar Azad Nagar,चंद्र शेखर आजाद,3711.0,2024-10-07
21,Odisha,ODISHA,21.0,365,Mayurbhanj,MAYURBHANJ,376.0,2876,Chandua,,2876.0,2024-10-07
13,Nagaland,NAGALAND,13.0,246,Mokokchung,MOKOKCHUNG,262.0,1761,Changtongya,,1761.0,2024-10-07
22,Chhattisgarh,छत्तीसगढ़,22.0,381,Uttar Bastar Kanker,उत्तर बस्तर कांकेर,413.0,3348,Charama,,3348.0,2024-10-07
1,Jammu And Kashmir,JAMMU AND KASHMIR,1.0,2,Budgam,,2.0,9,Charar- E- Shrief,,9.0,2024-10-07
10,Bihar,BIHAR,10.0,221,Sitamarhi,सीतामढी,206.0,1076,Charaut,चरौत,1076.0,2024-10-07
9,Uttar Pradesh,UTTAR PRADESH,9.0,165,Mahoba,MAHOBA,169.0,869,Charkhari,,869.0,2024-10-07
36,Telangana,తెలంగాణ,0.0,507,Hyderabad,హైదరాబాద్,536.0,4510,Charminar,చార్మినార్,4510.0,2024-10-07
28,Andhra Pradesh,ANDHRA PRADESH,28.0,748,Eluru,Eluru,0.0,5001,Chatrai,,5001.0,2024-10-07
5,Uttarakhand,UTTARAKHAND,5.0,52,Pauri Garhwal,PAURI GARHWAL,61.0,312,Chaubatta Khal,,312.0,2024-10-07
9,Uttar Pradesh,UTTAR PRADESH,9.0,148,Gorakhpur,GORAKHPUR,188.0,951,Chauri Chaura,,951.0,2024-10-07
10,Bihar,BIHAR,10.0,205,Madhepura,मधेपुरा,213.0,1170,Chausa,चौसा,1170.0,2024-10-07
10,Bihar,BIHAR,10.0,202,Khagaria,खगड़िया,223.0,1325,Chautham,चौथम,1325.0,2024-10-07
8,Rajasthan,RAJASTHAN,8.0,113,Sawai Madhopur,SAWAI MADHOPUR,108.0,530,Chauth Ka Barwara,,530.0,2024-10-07
12,Arunachal Pradesh,ARUNACHAL PRADESH,12.0,231,East Kameng,EAST KAMENG,247.0,1590,Chayangtajo Adc,,1590.0,2024-10-07
28,Andhra Pradesh,ANDHRA PRADESH,28.0,744,Anakapalli,Anakapalli,0.0,4858,Cheedikada,,4858.0,2024-10-07
36,Telangana,తెలంగాణ,0.0,684,Mancherial,మంచిర్యాల్,0.0,4356,Chennur,చెన్నూర్,4356.0,2024-10-07
33,Tamil Nadu,TAMIL NADU,33.0,592,Tirunelveli,TIRUNELVELI,628.0,6648,Cheranmahadevi,சேரன்மகாதேவி,0.0,2024-10-07
36,Telangana,తెలంగాణ,0.0,690,Bhadradri Kothagudem,భద్రాద్రి కొత్తగూడెం,0.0,4726,Cherla,చర్ల,4726.0,2024-10-07
6,Haryana,HARYANA,6.0,76,Yamunanagar,YAMUNANAGAR,71.0,363,Chhachhrauli,,363.0,2024-10-07
27,Maharashtra,महाराष्ट्र,27.0,469,Chhatrapati Sambhajinagar,छत्रपती संभाजीनगर,515.0,4137,Chhatrapati Sambhajinagar,छत्रपती संभाजीनगर,4137.0,2024-10-07
1,Jammu And Kashmir,JAMMU AND KASHMIR,1.0,620,Kishtwar,,18.0,70,Chhatroo,,70.0,2024-10-07
9,Uttar Pradesh,UTTAR PRADESH,9.0,155,Kannauj,KANNAUJ,160.0,833,Chhibramau,,833.0,2024-10-07
8,Rajasthan,RAJASTHAN,8.0,88,Banswara,BANSWARA,125.0,6042,Chhoti Sarwan,CHHOTI SARWAN,0.0,2024-10-07
22,Chhattisgarh,छत्तीसगढ़,22.0,759,Khairagarh-Chhuikhadan-Gandai,खैरागढ़-छुईखदान-गंडई,0.0,3302,Chhuikhadan,,3302.0,2024-10-07
22,Chhattisgarh,छत्तीसगढ़,22.0,645,Gariyaband,गरियाबंद,0.0,3336,Chhura,छुरा,3336.0,2024-10-07
23,Madhya Pradesh,MADHYA PRADESH,23.0,394,Betul,बैतूल,447.0,3601,Chicholi,चिचोली,3601.0,2024-10-07
13,Nagaland,NAGALAND,13.0,245,Kohima,KOHIMA,270.0,1845,Chiephobozou,,1845.0,2024-10-07
27,Maharashtra,महाराष्ट्र,27.0,468,Amravati,अमरावती,503.0,4002,Chikhaldara,चिखलदरा,4002.0,2024-10-07
29,Karnataka,ಕರ್ನಾಟಕ,29.0,630,Chikkaballapura,ಚಿಕ್ಕಬಳ್ಳಾಪುರ,582.0,5596,Chikkaballapura,ಚಿಕ್ಕಬಳ್ಳಾಪುರ,5596.0,2024-10-07
29,Karnataka,ಕರ್ನಾಟಕ,29.0,532,Chikkamagaluru,ಚಿಕ್ಕಮಗಳೂರು,570.0,5530,Chikkamagaluru,ಚಿಕ್ಕಮಗಳೂರು,5530.0,2024-10-07
29,Karnataka,ಕರ್ನಾಟಕ,29.0,548,Tumakuru,ತುಮಕೂರು,571.0,5532,Chiknayakanhalli,ಚಿಕ್ಕನಾಯಕನಹಳ್ಳಿ,5532.0,2024-10-07
29,Karnataka,ಕರ್ನಾಟಕ,29.0,527,Belagavi,ಬೆಳಗಾವಿ,555.0,5433,Chikodi,ಚಿಕ್ಕೋಡಿ,5433.0,2024-10-07
28,Andhra Pradesh,ANDHRA PRADESH,28.0,751,Palnadu,Palnadu,0.0,5070,Chilakaluripet H/O.Purushotha Patnam,,5070.0,2024-10-07
36,Telangana,తెలంగాణ,0.0,696,Suryapet,సూర్యాపేట,0.0,4667,Chilkur,చిలుకూరు,4667.0,2024-10-07
27,Maharashtra,महाराष्ट्र,27.0,473,Chandrapur,चंद्रपूर,509.0,4065,Chimur,चिमूर,4065.0,2024-10-07
29,Karnataka,ಕರ್ನಾಟಕ,29.0,538,Kalaburagi,ಕಲಬುರಗಿ,579.0,5583,Chincholi,ಚಿಂಚೋಳಿ,5583.0,2024-10-07
36,Telangana,తెలంగాణ,0.0,688,Mahabubabad,మహబుబాబాద్,0.0,6254,Chinnagudur,చిన్నగూడూర్,0.0,2024-10-07
28,Andhra Pradesh,ANDHRA PRADESH,28.0,753,Annamayya,Annamayya,0.0,5236,Chinnamandem,,5236.0,2024-10-07
23,Madhya Pradesh,MADHYA PRADESH,23.0,407,Gwalior,ग्वालियर,421.0,3402,Chinour,चीनोर,3402.0,2024-10-07
28,Andhra Pradesh,ANDHRA PRADESH,28.0,745,Alluri Sitharama Raju,Alluri Sitharama Raju,0.0,4732,Chinturu,Chinturu,4732.0,2024-10-07
27,Maharashtra,महाराष्ट्र,27.0,492,Ratnagiri,रत्नागिरी,528.0,4269,Chiplun,चिपळूण,4269.0,2024-10-07
28,Andhra Pradesh,ANDHRA PRADESH,28.0,511,Kurnool,KURNOOL,552.0,5291,Chippagiri,,5291.0,2024-10-07
10,Bihar,BIHAR,10.0,213,Purbi Champaran,पूर्वी चंपारण,204.0,1040,Chiraia,चिरैया,1040.0,2024-10-07
28,Andhra Pradesh,ANDHRA PRADESH,28.0,750,Bapatla,Bapatla,0.0,5123,Chirala,,5123.0,2024-10-07
29,Karnataka,ಕರ್ನಾಟಕ,29.0,529,Bidar,ಬೀದರ್‌,558.0,7084,Chitaguppa,,0.0,2024-10-07
8,Rajasthan,RAJASTHAN,8.0,95,Chittorgarh,CHITTORGARH,126.0,659,Chittaurgarh,,659.0,2024-10-07
28,Andhra Pradesh,ANDHRA PRADESH,28.0,753,Annamayya,Annamayya,0.0,5245,Chitvel,,5245.0,2024-10-07
24,Gujarat,GUJARAT,24.0,460,Surendranagar,SURENDRANAGAR,475.0,3796,Chuda,,3796.0,2024-10-07
2,Himachal Pradesh,HIMACHAL PRADESH,2.0,16,Chamba,CHAMBA,23.0,84,Churah,,84.0,2024-10-07
23,Madhya Pradesh,MADHYA PRADESH,23.0,407,Gwalior,ग्वालियर,421.0,7039,City Center,सिटीसेंटर,0.0,2024-10-07
9,Uttar Pradesh,UTTAR PRADESH,9.0,147,Gonda,GONDA,183.0,929,Colonelganj,,929.0,2024-10-07
19,West Bengal,WEST BENGAL,19.0,317,Purba Medinipur,PURBA MEDINIPUR,345.0,2490,Contai - III,,2490.0,2024-10-07
33,Tamil Nadu,TAMIL NADU,33.0,587,The Nilgiris,THE NILGIRIS,611.0,5758,Coonoor,,5758.0,2024-10-07
28,Andhra Pradesh,ANDHRA PRADESH,28.0,517,Prakasam,PRAKASAM,549.0,5117,Cumbum,,5117.0,2024-10-07
2,Himachal Pradesh,HIMACHAL PRADESH,2.0,24,Sirmaur,SIRMAUR,32.0,171,Dadahu,,171.0,2024-10-07
20,Jharkhand,झारखंड,20.0,332,Hazaribagh,हज़ारीबाग,360.0,2659,Dadi,,2659.0,2024-10-07
9,Uttar Pradesh,UTTAR PRADESH,9.0,144,Gautam Buddha Nagar,GAUTAM BUDDHA NAGAR,141.0,742,Dadri,,742.0,2024-10-07
27,Maharashtra,महाराष्ट्र,27.0,665,Palghar,पालघर,0.0,4158,Dahanu,डहाणू,4158.0,2024-10-07
28,Andhra Pradesh,ANDHRA PRADESH,28.0,752,Tirupati,Tirupati,0.0,5186,Dakkili,,5186.0,2024-10-07
23,Madhya Pradesh,MADHYA PRADESH,23.0,416,Mandsaur,मन्दसौर,433.0,3497,Daloda,दलौदा,3497.0,2024-10-07
20,Jharkhand,झारखंड,20.0,328,Garhwa,गढ़वा,346.0,2510,Danda,डंडा,2510.0,2024-10-07
24,Gujarat,GUJARAT,24.0,441,Banas Kantha,BANAS KANTHA,469.0,3737,Danta,,3737.0,2024-10-07
19,West Bengal,WEST BENGAL,19.0,318,Paschim Medinipur,PASCHIM MEDINIPUR,344.0,2468,Dantan - II,,2468.0,2024-10-07
8,Rajasthan,RAJASTHAN,8.0,114,Sikar,SIKAR,111.0,554,Danta Ramgarh,,554.0,2024-10-07
10,Bihar,BIHAR,10.0,222,Siwan,सिवान,218.0,1242,Darauli,दरौली,1242.0,2024-10-07
22,Chhattisgarh,छत्तीसगढ़,22.0,650,Bemetara,बेमेतरा,0.0,7357,Darhi,दाढ़ी,0.0,2024-10-07
19,West Bengal,WEST BENGAL,19.0,309,Darjeeling,DARJEELING,327.0,2154,Darjeeling Pulbazar,,2154.0,2024-10-07
21,Odisha,ODISHA,21.0,363,Koraput,KORAPUT,398.0,3202,Dasamantapur,,3202.0,2024-10-07
24,Gujarat,GUJARAT,24.0,438,Ahmedabad,AHMEDABAD,474.0,3782,Daskroi,,3782.0,2024-10-07
19,West Bengal,WEST BENGAL,19.0,318,Paschim Medinipur,PASCHIM MEDINIPUR,344.0,2449,Daspur - I,,2449.0,2024-10-07
3,Punjab,PUNJAB,3.0,33,Hoshiarpur,HOSHIARPUR,38.0,214,Dasua,,214.0,2024-10-07
23,Madhya Pradesh,MADHYA PRADESH,23.0,401,Datia,दतिया,422.0,6991,Datia Nagar,दतिया नगर,0.0,2024-10-07
29,Karnataka,ಕರ್ನಾಟಕ,29.0,535,Davangere,ದಾವಣಗೆರೆ,567.0,5512,Davanagere,ದಾವಣಗೆರೆ,5512.0,2024-10-07
8,Rajasthan,RAJASTHAN,8.0,772,Phalodi,फलाैदी,,6937,Dechu,देचू,0.0,2024-10-07
8,Rajasthan,RAJASTHAN,8.0,110,Nagaur,NAGAUR,112.0,7223,Deh,डेह,0.0,2024-10-07
5,Uttarakhand,UTTARAKHAND,5.0,49,Dehradun,DEHRADUN,60.0,304,Dehradun,,304.0,2024-10-07
28,Andhra Pradesh,ANDHRA PRADESH,28.0,521,Vizianagaram,VIZIANAGARAM,543.0,4839,Denkada,,4839.0,2024-10-07
33,Tamil Nadu,TAMIL NADU,33.0,577,Krishnagiri,KRISHNAGIRI,631.0,5892,Denkanikottai,தேன்கனிக்கோட்டை,5892.0,2024-10-07
11,Sikkim,SIKKIM,11.0,228,Gyalshing,Gyalshing,242.0,6398,Dentam,Dentam,0.0,2024-10-07
24,Gujarat,GUJARAT,24.0,441,Banas Kantha,BANAS KANTHA,469.0,3741,Deodar,,3741.0,2024-10-07
27,Maharashtra,महाराष्ट्र,27.0,487,Nashik,नाशिक,516.0,4144,Deola,देवळा,4144.0,2024-10-07
23,Madhya Pradesh,MADHYA PRADESH,23.0,421,Raisen,रायसेन,446.0,7010,Deori,देवरी,0.0,2024-10-07
23,Madhya Pradesh,MADHYA PRADESH,23.0,425,Sagar,सागर,427.0,3453,Deori,देवरी,3453.0,2024-10-07
23,Madhya Pradesh,MADHYA PRADESH,23.0,638,Singrauli,सिंगरौली,463.0,3704,Deosar,देवसर,3704.0,2024-10-07
23,Madhya Pradesh,MADHYA PRADESH,23.0,410,Indore,इन्दौर,439.0,3540,Depalpur,देपालपूर,3540.0,2024-10-07
3,Punjab,PUNJAB,3.0,32,Gurdaspur,GURDASPUR,35.0,204,Dera Baba Nanak,,204.0,2024-10-07
3,Punjab,PUNJAB,3.0,608,S.A.S Nagar,,52.0,268,Dera Bassi,,268.0,2024-10-07
2,Himachal Pradesh,HIMACHAL PRADESH,2.0,18,Kangra,KANGRA,24.0,103,Dera Gopipur,,103.0,2024-10-07
36,Telangana,తెలంగాణ,0.0,689,Jangoan,జనగాం,0.0,4701,Devaruppula,దేవరుప్పుల,4701.0,2024-10-07
22,Chhattisgarh,छत्तीसगढ़,22.0,645,Gariyaband,गरियाबंद,0.0,3338,Devbhog,देवभोग,3338.0,2024-10-07
27,Maharashtra,महाराष्ट्र,27.0,495,Sindhudurg,सिंधुदुर्ग,529.0,4275,Devgad,देवगड,4275.0,2024-10-07
32,Kerala,KERALA,32.0,556,Idukki,ഇടുക്കി,596.0,5664,Devikulam,ദേവികുളം,5664.0,2024-10-07
22,Chhattisgarh,छत्तीसगढ़,22.0,650,Bemetara,बेमेतरा,0.0,7298,Devkar,देवकर,0.0,2024-10-07
2,Himachal Pradesh,HIMACHAL PRADESH,2.0,22,Mandi,MANDI,27.0,7175,Dhalwan,Dhalwan,0.0,2024-10-07
21,Odisha,ODISHA,21.0,348,Bhadrak,BHADRAK,378.0,2913,Dhamanagar,,2913.0,2024-10-07
27,Maharashtra,महाराष्ट्र,27.0,468,Amravati,अमरावती,503.0,4014,Dhamangaon Railway,धामनगाव रेल्वे,4014.0,2024-10-07
8,Rajasthan,RAJASTHAN,8.0,90,Barmer,BARMER,115.0,6912,Dhanaau,धनाउ,0.0,2024-10-07
10,Bihar,BIHAR,10.0,212,Patna,पटना,230.0,1409,Dhanarua,धनरूआ,1409.0,2024-10-07
5,Uttarakhand,UTTARAKHAND,5.0,55,Tehri Garhwal,TEHRI GARHWAL,59.0,298,Dhanaulti,,298.0,2024-10-07
21,Odisha,ODISHA,21.0,371,Sambalpur,SAMBALPUR,372.0,2789,Dhanupali,,2789.0,2024-10-07
36,Telangana,తెలంగాణ,0.0,721,Narayanpet,నారాయణ్ పేట్,0.0,4572,Dhanwada,దన్వాడ,4572.0,2024-10-07
22,Chhattisgarh,छत्तीसगढ़,22.0,386,Raigarh,रायगढ़,403.0,3263,Dharamjaigarh,धरमजयगढ़,3263.0,2024-10-07
30,Goa,GOA,30.0,552,South Goa,SOUTH GOA,586.0,5931,Dharbandora,Dharbandoda,0.0,2024-10-07
16,Tripura,ত্রিপুরা,16.0,270,North Tripura,উত্তর ত্রিপুরা,292.0,6691,Dharmanagar,ধর্ম্মনগর,0.0,2024-10-07
36,Telangana,తెలంగాణ,0.0,695,Jogulamba Gadwal,జోగులాంబ గద్వాల,0.0,4591,Dharoor,ధరూర్,4591.0,2024-10-07
36,Telangana,తెలంగాణ,0.0,516,Nizamabad,నిజామాబాదు,533.0,4378,Dharpally,ధర్ పల్లి,4378.0,2024-10-07
22,Chhattisgarh,छत्तीसगढ़,22.0,387,Raipur,रायपुर,410.0,7292,Dharsiwa,धरसींवा,0.0,2024-10-07
6,Haryana,HARYANA,6.0,60,Faridabad,FARIDABAD,88.0,6414,Dhauj St,धौज,0.0,2024-10-07
9,Uttar Pradesh,UTTAR PRADESH,9.0,661,Hapur,HAPUR,0.0,6032,Dhaulana,DHAULANA,0.0,2024-10-07
8,Rajasthan,RAJASTHAN,8.0,98,Dholpur,DHOLPUR,106.0,518,Dhaulpur,,518.0,2024-10-07
24,Gujarat,GUJARAT,24.0,438,Ahmedabad,AHMEDABAD,474.0,3783,Dholka,,3783.0,2024-10-07
28,Andhra Pradesh,ANDHRA PRADESH,28.0,755,Nandyal,Nandyal,0.0,5289,Dhone,,5289.0,2024-10-07
3,Punjab,PUNJAB,3.0,43,Sangrur,SANGRUR,53.0,270,Dhuri,,270.0,2024-10-07
19,West Bengal,WEST BENGAL,19.0,304,South 24 Parganas,SOUTH 24 Parganas,343.0,2426,Diamond Harbour - I,,2426.0,2024-10-07
10,Bihar,BIHAR,10.0,218,Saran,सारण,219.0,1266,Dighwara,दिघवारा,1266.0,2024-10-07
36,Telangana,తెలంగాణ,0.0,680,Nirmal,నిర్మల్,0.0,4343,Dilawarpur,దిలావర్ పూర్,4343.0,2024-10-07
18,Assam,ASSAM,18.0,300,Sivasagar,SIVASAGAR,311.0,2070,Dimow,,2070.0,2024-10-07
3,Punjab,PUNJAB,3.0,32,Gurdaspur,GURDASPUR,35.0,6860,Dinanagar,Dinanagar,0.0,2024-10-07
10,Bihar,BIHAR,10.0,212,Patna,पटना,230.0,1399,Dinapur-Cum-Khagaul,दानापुर,1399.0,2024-10-07
23,Madhya Pradesh,MADHYA PRADESH,23.0,404,Dindori,डिंडोरी,453.0,3640,Dindori,डिंडोरी,3640.0,2024-10-07
19,West Bengal,WEST BENGAL,19.0,308,Cooch Behar,COOCH BEHAR,329.0,2188,Dinhata - II,,2188.0,2024-10-07
18,Assam,ASSAM,18.0,292,Karbi Anglong,KARBI ANGLONG,314.0,2089,Diphu,,2089.0,2024-10-07
12,Arunachal Pradesh,ARUNACHAL PRADESH,12.0,242,West Kameng,WEST KAMENG,246.0,1566,Dirang Adc,Dirang ADC,1566.0,2024-10-07
3,Punjab,PUNJAB,3.0,43,Sangrur,SANGRUR,53.0,6852,Dirba,,0.0,2024-10-07
24,Gujarat,GUJARAT,24.0,445,Dahod,DAHOD,485.0,3893,Dohad,,3893.0,2024-10-07
28,Andhra Pradesh,ANDHRA PRADESH,28.0,752,Tirupati,Tirupati,0.0,5196,Doravarisatram,,5196.0,2024-10-07
22,Chhattisgarh,छत्तीसगढ़,22.0,642,Sukma,सुकमा,0.0,7355,Dornapal,दोरनापाल,0.0,2024-10-07
18,Assam,ASSAM,18.0,294,Kokrajhar,KOKRAJHAR,300.0,2003,Dotoma,,2003.0,2024-10-07
36,Telangana,తెలంగాణ,0.0,698,Vikarabad,వికారాబాద్,0.0,4552,Doulathabad,దౌలతాబాద్,4552.0,2024-10-07
8,Rajasthan,RAJASTHAN,8.0,99,Dungarpur,DUNGARPUR,124.0,7137,Dowda,दोवड़ा,0.0,2024-10-07
36,Telangana,తెలంగాణ,0.0,692,Siddipet,సిద్దిపేట,0.0,4458,Dubbak,దుబ్బాక,4458.0,2024-10-07
3,Punjab,PUNJAB,3.0,41,Patiala,PATIALA,48.0,6849,Dudhan Sadhan,,0.0,2024-10-07
8,Rajasthan,RAJASTHAN,8.0,105,Jhalawar,JHALAWAR,129.0,6926,Dug,डग,0.0,2024-10-07
20,Jharkhand,झारखंड,20.0,326,Dumka,दुमका,362.0,2673,Dumka,,2673.0,2024-10-07
5,Uttarakhand,UTTARAKHAND,5.0,57,Uttar Kashi,UTTAR KASHI,56.0,281,Dunda,,281.0,2024-10-07
8,Rajasthan,RAJASTHAN,8.0,99,Dungarpur,DUNGARPUR,124.0,646,Dungarpur,,646.0,2024-10-07
21,Odisha,ODISHA,21.0,372,Sonepur,SONEPUR,392.0,3133,Dunguripali,,3133.0,2024-10-07
22,Chhattisgarh,छत्तीसगढ़,22.0,378,Durg,दुर्ग,409.0,3317,Durg,,3317.0,2024-10-07
28,Andhra Pradesh,ANDHRA PRADESH,28.0,504,Y.S.R.,,551.0,5203,Duvvur,,5203.0,2024-10-07
15,Mizoram,MIZORAM,15.0,268,Serchhip,SERCHHIP,285.0,1911,East Lungdar,,1911.0,2024-10-07
19,West Bengal,WEST BENGAL,19.0,317,Purba Medinipur,PURBA MEDINIPUR,345.0,2492,Egra - II,,2492.0,2024-10-07
36,Telangana,తెలంగాణ,0.0,682,Peddapalli,పెద్దపల్లి,0.0,4410,Eligaid,ఎలిగేడు,4410.0,2024-10-07
9,Uttar Pradesh,UTTAR PRADESH,9.0,138,Etah,ETAH,201.0,1008,Etah,,1008.0,2024-10-07
27,Maharashtra,महाराष्ट्र,27.0,475,Gadchiroli,गडचिरोली,508.0,4060,Etapalli,एटापल्ली,4060.0,2024-10-07
9,Uttar Pradesh,UTTAR PRADESH,9.0,118,Agra,AGRA,146.0,765,Etmadpur,,765.0,2024-10-07
3,Punjab,PUNJAB,3.0,29,Faridkot,FARIDKOT,45.0,242,Faridkot,,242.0,2024-10-07
9,Uttar Pradesh,UTTAR PRADESH,9.0,130,Bareilly,BAREILLY,150.0,789,Faridpur,,789.0,2024-10-07
21,Odisha,ODISHA,21.0,367,Nayagarh,NAYAGARH,385.0,3027,Fategarh,,3027.0,2024-10-07
3,Punjab,PUNJAB,3.0,32,Gurdaspur,GURDASPUR,35.0,7191,Fatehgarh Churian,,0.0,2024-10-07
6,Haryana,HARYANA,6.0,604,Nuh,नूँह,87.0,423,Ferozepur Jhirka,,423.0,2024-10-07
29,Karnataka,ಕರ್ನಾಟಕ,29.0,537,Gadag,ಗದಗ,561.0,5470,Gadag,ಗದಗ,5470.0,2024-10-07
5,Uttarakhand,UTTARAKHAND,5.0,47,Chamoli,CHAMOLI,57.0,289,Gairsain,,289.0,2024-10-07
17,Meghalaya,MEGHALAYA,17.0,278,West Garo Hills,WEST GARO HILLS,293.0,1968,Gambegre,,1968.0,2024-10-07
33,Tamil Nadu,TAMIL NADU,33.0,582,Pudukkottai,PUDUKKOTTAI,621.0,5820,Gandarvakkottai,,5820.0,2024-10-07
36,Telangana,తెలంగాణ,0.0,512,Mahabubnagar,మహబూబ్ నగర్,538.0,4538,Gandeed,గండీడ్(M),4538.0,2024-10-07
1,Jammu And Kashmir,JAMMU AND KASHMIR,1.0,626,Ganderbal,GANDERBAL,11.0,47,Ganderbal,,47.0,2024-10-07
24,Gujarat,GUJARAT,24.0,453,Navsari,NAVSARI,490.0,3924,Gandevi,,3924.0,2024-10-07
24,Gujarat,GUJARAT,24.0,449,Kachchh,KACHCHH,468.0,3731,Gandhidham,,3731.0,2024-10-07
27,Maharashtra,महाराष्ट्र,27.0,489,Parbhani,परभणी,513.0,4122,Gangakhed,गंगाखेड,4122.0,2024-10-07
27,Maharashtra,महाराष्ट्र,27.0,469,Chhatrapati Sambhajinagar,छत्रपती संभाजीनगर,515.0,4140,Gangapur,गंगापूर,4140.0,2024-10-07
2,Himachal Pradesh,HIMACHAL PRADESH,2.0,18,Kangra,KANGRA,24.0,6921,Gangath,,0.0,2024-10-07
29,Karnataka,ಕರ್ನಾಟಕ,29.0,543,Koppal,ಕೊಪ್ಪಳ,560.0,5466,Gangawati,ಗಂಗಾವತಿ,5466.0,2024-10-07
21,Odisha,ODISHA,21.0,367,Nayagarh,NAYAGARH,385.0,3022,Gania,,3022.0,2024-10-07
28,Andhra Pradesh,ANDHRA PRADESH,28.0,519,Srikakulam,SRIKAKULAM,542.0,4801,Gara,,4801.0,2024-10-07
24,Gujarat,GUJARAT,24.0,445,Dahod,DAHOD,485.0,3894,Garbada,,3894.0,2024-10-07
8,Rajasthan,RAJASTHAN,8.0,88,Banswara,BANSWARA,125.0,651,Garhi,,651.0,2024-10-07
24,Gujarat,GUJARAT,24.0,443,Bhavnagar,BHAVNAGAR,481.0,3857,Gariadhar,,3857.0,2024-10-07
36,Telangana,తెలంగాణ,0.0,696,Suryapet,సూర్యాపేట,0.0,4666,Garidepally,గరిడేపల్లి,4666.0,2024-10-07
10,Bihar,BIHAR,10.0,218,Saran,सारण,219.0,1265,Garkha,गरखा,1265.0,2024-10-07
28,Andhra Pradesh,ANDHRA PRADESH,28.0,502,Ananthapuramu,అనంతపురము,553.0,5324,Garladinne,,5324.0,2024-10-07
36,Telangana,తెలంగాణ,0.0,522,Warangal,వరంగల్,540.0,4707,Geesugonda,గీసుగొండ,4707.0,2024-10-07
12,Arunachal Pradesh,ARUNACHAL PRADESH,12.0,240,Upper Siang,UPPER SIANG,252.0,1665,Geku Eac,Geku EAC,1665.0,2024-10-07
12,Arunachal Pradesh,ARUNACHAL PRADESH,12.0,240,Upper Siang,UPPER SIANG,252.0,1661,Gelling Circle,Gelling Circle,1661.0,2024-10-07
5,Uttarakhand,UTTARAKHAND,5.0,55,Tehri Garhwal,TEHRI GARHWAL,59.0,293,Ghansali,,293.0,2024-10-07
27,Maharashtra,महाराष्ट्र,27.0,479,Jalna,जालना,514.0,4130,Ghansawangi,घनसावंगी,4130.0,2024-10-07
36,Telangana,తెలంగాణ,0.0,700,Medchal Malkajgiri,మేడ్చల్ మల్కాజిగిరి,0.0,4523,Ghatkesar,ఘట్కేసర్,4523.0,2024-10-07
24,Gujarat,GUJARAT,24.0,438,Ahmedabad,AHMEDABAD,474.0,6513,Ghatlodiya,Ghatlodiya,0.0,2024-10-07
36,Telangana,తెలంగాణ,0.0,695,Jogulamba Gadwal,జోగులాంబ గద్వాల,0.0,4605,Ghattu,గట్టు,4605.0,2024-10-07
10,Bihar,BIHAR,10.0,206,Madhubani,मधुबनी,207.0,1098,Ghoghardiha,घोघरडीह,1098.0,2024-10-07
18,Assam,ASSAM,18.0,298,Nalbari,NALBARI,323.0,2138,Ghograpar (Pt),,2138.0,2024-10-07
23,Madhya Pradesh,MADHYA PRADESH,23.0,407,Gwalior,ग्वालियर,421.0,3399,Gird,गिर्द,3399.0,2024-10-07
24,Gujarat,GUJARAT,24.0,675,Gir Somnath,GIR SOMNATH,0.0,6199,Gir Gadhda,,0.0,2024-10-07
10,Bihar,BIHAR,10.0,209,Nalanda,नालंदा,229.0,1396,Giriak,गिरियक,1396.0,2024-10-07
20,Jharkhand,झारखंड,20.0,341,Saraikela Kharsawan,सरायकेला खरसावां,369.0,2754,Gobindpur(Rajnagar),,2754.0,2024-10-07
21,Odisha,ODISHA,21.0,359,Kandhamal,KANDHAMAL,390.0,3110,Gochhapada,,3110.0,2024-10-07
20,Jharkhand,झारखंड,20.0,343,West Singhbhum,पश्चिमी सिंघभूम,368.0,2733,Goilkera,गोईलकेरा,2733.0,2024-10-07
28,Andhra Pradesh,ANDHRA PRADESH,28.0,505,East Godavari,EAST GODAVARI,545.0,4897,Gokavaram,,4897.0,2024-10-07
9,Uttar Pradesh,UTTAR PRADESH,9.0,148,Gorakhpur,GORAKHPUR,188.0,954,Gola,,954.0,2024-10-07
9,Uttar Pradesh,UTTAR PRADESH,9.0,159,Kheri,KHERI,153.0,799,Gola Gokaran Nath,,799.0,2024-10-07
21,Odisha,ODISHA,21.0,358,Kalahandi,KALAHANDI,395.0,3167,Golamunda,,3167.0,2024-10-07
36,Telangana,తెలంగాణ,0.0,507,Hyderabad,హైదరాబాద్,536.0,4507,Golconda,గోల్కొండ,4507.0,2024-10-07
36,Telangana,తెలంగాణ,0.0,681,Jagitial,జగిత్యాల,0.0,4412,Gollapalli,గొల్లపల్లి,4412.0,2024-10-07
24,Gujarat,GUJARAT,24.0,457,Rajkot,RAJKOT,476.0,3807,Gondal,,3807.0,2024-10-07
16,Tripura,ত্রিপুরা,16.0,269,Dhalai,ধলাই,291.0,6686,Gonda Twisa,গন্ডা টুইসা,0.0,2024-10-07
27,Maharashtra,महाराष्ट्र,27.0,473,Chandrapur,चंद्रपूर,509.0,4078,Gondpipri,गोंडपिपरी,4078.0,2024-10-07
23,Madhya Pradesh,MADHYA PRADESH,23.0,433,Sidhi,सीधी,462.0,3699,Gopadbanas,गोपदबनास,3699.0,2024-10-07
10,Bihar,BIHAR,10.0,192,Bhagalpur,भागलपुर,224.0,1342,Goradih,गोराडीह,1342.0,2024-10-07
28,Andhra Pradesh,ANDHRA PRADESH,28.0,754,Sri Sathya Sai,Sri Sathya Sai,0.0,5362,Gorantla,,5362.0,2024-10-07
23,Madhya Pradesh,MADHYA PRADESH,23.0,395,Bhind,भिण्ड,420.0,3394,Gormi,गोर्मी,3394.0,2024-10-07
9,Uttar Pradesh,UTTAR PRADESH,9.0,167,Mathura,MATHURA,145.0,6832,Govardhan,,0.0,2024-10-07
35,Andaman And Nicobar Islands,ANDAMAN AND NICOBAR ISLANDS,35.0,603,Nicobars,NICOBARS,638.0,5918,Great Nicobar,,5918.0,2024-10-07
29,Karnataka,ಕರ್ನಾಟಕ,29.0,548,Tumakuru,ತುಮಕೂರು,571.0,5538,Gubbi,ಗುಬ್ಬಿ,5538.0,2024-10-07
28,Andhra Pradesh,ANDHRA PRADESH,28.0,745,Alluri Sitharama Raju,Alluri Sitharama Raju,0.0,4850,Gudem Kotha Veedhi,,4850.0,2024-10-07
28,Andhra Pradesh,ANDHRA PRADESH,28.0,510,Krishna,KRISHNA,547.0,5031,Guduru,,5031.0,2024-10-07
6,Haryana,HARYANA,6.0,66,Kaithal,KAITHAL,73.0,367,Guhla,,367.0,2024-10-07
33,Tamil Nadu,TAMIL NADU,33.0,572,Dindigul,DINDIGUL,612.0,6700,Gujiliamparai,குஜிலியம்பாறை,0.0,2024-10-07
36,Telangana,తెలంగాణ,0.0,697,Yadadri Bhuvanagiri,యదాద్రి భువనగిరి,0.0,4618,Gundala,గుండాల,4618.0,2024-10-07
36,Telangana,తెలంగాణ,0.0,690,Bhadradri Kothagudem,భద్రాద్రి కొత్తగూడెం,0.0,4741,Gundala,గుండాల,4741.0,2024-10-07
1,Jammu And Kashmir,JAMMU AND KASHMIR,1.0,623,Bandipora,BANDIPORA,9.0,40,Gurez,,40.0,2024-10-07
36,Telangana,తెలంగాణ,0.0,514,Nalgonda,నల్గొండ,539.0,4657,Gurrampode,గుర్రంపూడ్,4657.0,2024-10-07
10,Bihar,BIHAR,10.0,196,Gaya,गया,236.0,1498,Gurua,गुरुआ,1498.0,2024-10-07
3,Punjab,PUNJAB,3.0,31,Ferozepur,FEROZEPUR,43.0,6011,Guruharsahai,,0.0,2024-10-07
9,Uttar Pradesh,UTTAR PRADESH,9.0,129,Bara Banki,BARA BANKI,176.0,901,Haidergarh,,901.0,2024-10-07
10,Bihar,BIHAR,10.0,224,Vaishali,वैशाली,220.0,1278,Hajipur,हाजीपुर,1278.0,2024-10-07
19,West Bengal,WEST BENGAL,19.0,317,Purba Medinipur,PURBA MEDINIPUR,345.0,2483,Haldia,,2483.0,2024-10-07
19,West Bengal,WEST BENGAL,19.0,308,Cooch Behar,COOCH BEHAR,329.0,2179,Haldibari,,2179.0,2024-10-07
8,Rajasthan,RAJASTHAN,8.0,92,Bhilwara,BHILWARA,122.0,6068,Hameergarh,Hameergarh,0.0,2024-10-07
9,Uttar Pradesh,UTTAR PRADESH,9.0,149,Hamirpur,HAMIRPUR,168.0,864,Hamirpur,,864.0,2024-10-07
36,Telangana,తెలంగాణ,0.0,686,Hanumakonda,హనుమకొండ,0.0,4695,Hanamkonda,హన్మకొండ,4695.0,2024-10-07
21,Odisha,ODISHA,21.0,344,Anugul,ANUGUL,384.0,3015,Handapa,,3015.0,2024-10-07
28,Andhra Pradesh,ANDHRA PRADESH,28.0,517,Prakasam,PRAKASAM,549.0,5130,Hanumanthuni Padu,,5130.0,2024-10-07
9,Uttar Pradesh,UTTAR PRADESH,9.0,150,Hardoi,HARDOI,155.0,811,Hardoi,,811.0,2024-10-07
24,Gujarat,GUJARAT,24.0,455,Patan,PATAN,470.0,3748,Harij,,3748.0,2024-10-07
19,West Bengal,WEST BENGAL,19.0,312,Hooghly,HOOGHLY,338.0,2348,Haripal,,2348.0,2024-10-07
6,Haryana,HARYANA,6.0,62,Gurugram,GURUGRAM,86.0,6423,Harsaru St,हरसरू,0.0,2024-10-07
22,Chhattisgarh,छत्तीसगढ़,22.0,762,Sakti,सक्ती,0.0,7327,Hasoud,हसौद,0.0,2024-10-07
10,Bihar,BIHAR,10.0,197,Gopalganj,गोपालगंज,217.0,1221,Hathua,हथुआ,1221.0,2024-10-07
23,Madhya Pradesh,MADHYA PRADESH,23.0,400,Damoh,दमोह,428.0,3454,Hatta,हटा,3454.0,2024-10-07
36,Telangana,తెలంగాణ,0.0,513,Medak,మెదక్,535.0,6270,Havelighanapur,హవెలి ఘనాపూర్,0.0,2024-10-07
12,Arunachal Pradesh,ARUNACHAL PRADESH,12.0,628,Anjaw,,260.0,1743,Hawai Hq,,1743.0,2024-10-07
10,Bihar,BIHAR,10.0,195,Darbhanga,दरभंगा,215.0,1191,Hayaghat,हायाघाट,1191.0,2024-10-07
20,Jharkhand,झारखंड,20.0,332,Hazaribagh,हज़ारीबाग,360.0,2653,Hazaribag,,2653.0,2024-10-07
29,Karnataka,ಕರ್ನಾಟಕ,29.0,549,Udupi,ಉಡುಪಿ,569.0,7065,Hebri,,0.0,2024-10-07
18,Assam,ASSAM,18.0,705,Biswanath,,0.0,2046,Helem,,2046.0,2024-10-07
21,Odisha,ODISHA,21.0,373,Sundargarh,SUNDARGARH,374.0,2804,Hemgir,,2804.0,2024-10-07
1,Jammu And Kashmir,JAMMU AND KASHMIR,1.0,625,Shopian,SHOPIAN,13.0,6800,Hermain,Hermain,0.0,2024-10-07
8,Rajasthan,RAJASTHAN,8.0,108,Karauli,KARAULI,107.0,522,Hindaun,,522.0,2024-10-07
19,West Bengal,WEST BENGAL,19.0,303,North 24 Parganas,NORTH TWENTY FOUR PARGANAS,337.0,2337,Hingalganj,,2337.0,2024-10-07
27,Maharashtra,महाराष्ट्र,27.0,484,Nagpur,नागपूर,505.0,4033,Hingna,हिंगणा,4033.0,2024-10-07
1,Jammu And Kashmir,JAMMU AND KASHMIR,1.0,7,Kathua,KATHUA,7.0,31,Hiranagar,,31.0,2024-10-07
20,Jharkhand,झारखंड,20.0,337,Pakur,पाकुर,353.0,2575,Hiranpur,,2575.0,2024-10-07
29,Karnataka,ಕರ್ನಾಟಕ,29.0,540,Haveri,ಹಾವೇರಿ,564.0,5494,Hirekerur,ಹಿರೇಕೆರೂರು,5494.0,2024-10-07
6,Haryana,HARYANA,6.0,63,Hisar,HISAR,80.0,394,Hisar,,394.0,2024-10-07
10,Bihar,BIHAR,10.0,210,Nawada,नवादा,237.0,1520,Hisua,हिसुआ,1520.0,2024-10-07
6,Haryana,HARYANA,6.0,619,Palwal,,89.0,429,Hodal,,429.0,2024-10-07
29,Karnataka,ಕರ್ನಾಟಕ,29.0,539,Hassan,ಹಾಸನ,574.0,5559,Hole Narsipur,ಹೊಳೆನರಸೀಪುರ,5559.0,2024-10-07
2,Himachal Pradesh,HIMACHAL PRADESH,2.0,16,Chamba,CHAMBA,23.0,91,Holi,,91.0,2024-10-07
29,Karnataka,ಕರ್ನಾಟಕ,29.0,535,Davangere,ದಾವಣಗೆರೆ,567.0,5513,Honnali,ಹೊನ್ನಳ್ಳಿ,5513.0,2024-10-07
29,Karnataka,ಕರ್ನಾಟಕ,29.0,547,Shivamogga,ಶಿವಮೊಗ್ಗ,568.0,5518,Hosanagara,ಹೊಸನಗರ,5518.0,2024-10-07
12,Arunachal Pradesh,ARUNACHAL PRADESH,12.0,235,Lower Dibang Valley,LOWER DIBANG VALLEY,258.0,6075,Hunli Sdo,Hunli,0.0,2024-10-07
10,Bihar,BIHAR,10.0,222,Siwan,सिवान,218.0,1238,Hussainganj,हुस्सैनगंज,1238.0,2024-10-07
36,Telangana,తెలంగాణ,0.0,696,Suryapet,సూర్యాపేట,0.0,4669,Huzurnagar,హుజుర్ నగర్,4669.0,2024-10-07
20,Jharkhand,झारखंड,20.0,341,Saraikela Kharsawan,सरायकेला खरसावां,369.0,2749,Ichagarh,,2749.0,2024-10-07
20,Jharkhand,झारखंड,20.0,332,Hazaribagh,हज़ारीबाग,360.0,2647,Ichak,,2647.0,2024-10-07
28,Andhra Pradesh,ANDHRA PRADESH,28.0,519,Srikakulam,SRIKAKULAM,542.0,4778,Ichchapuram,,4778.0,2024-10-07
9,Uttar Pradesh,UTTAR PRADESH,9.0,181,Shrawasti,SHRAWASTI,181.0,924,Ikauna,,924.0,2024-10-07
29,Karnataka,ಕರ್ನಾಟಕ,29.0,524,Bagalkote,ಬಾಗಲಕೋಟೆ,556.0,7062,Ilkal,,0.0,2024-10-07
36,Telangana,తెలంగాణ,0.0,686,Hanumakonda,హనుమకొండ,0.0,6249,Inavole,ఐనవోలు,0.0,2024-10-07
19,West Bengal,WEST BENGAL,19.0,305,Bankura,BANKURA,339.0,2366,Indus,,2366.0,2024-10-07
28,Andhra Pradesh,ANDHRA PRADESH,28.0,747,Dr. B.R. Ambedkar Konaseema,డా బి ఆర్  అంబేడ్కర్ కోనసీమ,0.0,4931,I. Polavaram,,4931.0,2024-10-07
28,Andhra Pradesh,ANDHRA PRADESH,28.0,503,Chittoor,CHITTOOR,554.0,5411,Irala,,5411.0,2024-10-07
10,Bihar,BIHAR,10.0,218,Saran,सारण,219.0,1251,Ishupur,इसुआपुर,1251.0,2024-10-07
6,Haryana,HARYANA,6.0,71,Panipat,PANIPAT,75.0,376,Israna,,376.0,2024-10-07
23,Madhya Pradesh,MADHYA PRADESH,23.0,409,Narmadapuram,नर्मदापुरम,449.0,3613,Itarsi,इटारसी,3613.0,2024-10-07
20,Jharkhand,झारखंड,20.0,339,Ranchi,रांची,364.0,2696,Itki,,2696.0,2024-10-07
23,Madhya Pradesh,MADHYA PRADESH,23.0,411,Jabalpur,जबलपुर,451.0,3631,Jabalpur,जबलपुर,3631.0,2024-10-07
23,Madhya Pradesh,MADHYA PRADESH,23.0,400,Damoh,दमोह,428.0,3459,Jabera,जबेरा,3459.0,2024-10-07
19,West Bengal,WEST BENGAL,19.0,313,Howrah,HOWRAH,341.0,2401,Jagatballavpur,,2401.0,2024-10-07
21,Odisha,ODISHA,21.0,355,Jagatsinghapur,JAGATSINGHAPUR,380.0,2940,Jagatsinghapur,,2940.0,2024-10-07
10,Bihar,BIHAR,10.0,192,Bhagalpur,भागलपुर,224.0,1343,Jagdishpur,जगदीशपुर,1343.0,2024-10-07
36,Telangana,తెలంగాణ,0.0,501,Adilabad,ఆదిలాబాద్,532.0,4307,Jainath,జైనధ్,4307.0,2024-10-07
5,Uttarakhand,UTTARAKHAND,5.0,45,Almora,ALMORA,64.0,332,Jainti,,332.0,2024-10-07
12,Arunachal Pradesh,ARUNACHAL PRADESH,12.0,229,Changlang,CHANGLANG,253.0,6582,Jairampur Adc,Jairampur ADC,0.0,2024-10-07
23,Madhya Pradesh,MADHYA PRADESH,23.0,425,Sagar,सागर,427.0,6984,Jaisinagar,जैसीनगर,0.0,2024-10-07
9,Uttar Pradesh,UTTAR PRADESH,9.0,185,Sultanpur,SULTANPUR,179.0,916,Jaisinghpur,,916.0,2024-10-07
23,Madhya Pradesh,MADHYA PRADESH,23.0,390,Anuppur,अनूपपुर,461.0,3695,Jaithari,जैतहरी,3695.0,2024-10-07
23,Madhya Pradesh,MADHYA PRADESH,23.0,429,Shahdol,शहडोल,460.0,3692,Jaitpur,जैतपुर,3692.0,2024-10-07
3,Punjab,PUNJAB,3.0,29,Faridkot,FARIDKOT,45.0,243,Jaitu,,243.0,2024-10-07
21,Odisha,ODISHA,21.0,356,Jajapur,JAJAPUR,382.0,2974,Jajapur Road,,2974.0,2024-10-07
9,Uttar Pradesh,UTTAR PRADESH,9.0,146,Ghazipur,GHAZIPUR,195.0,987,Jakhania,,987.0,2024-10-07
5,Uttarakhand,UTTARAKHAND,5.0,55,Tehri Garhwal,TEHRI GARHWAL,59.0,296,Jakhani Dhar,,296.0,2024-10-07
9,Uttar Pradesh,UTTAR PRADESH,9.0,180,Shahjahanpur,SHAHJAHANPUR,152.0,796,Jalalabad,,796.0,2024-10-07
19,West Bengal,WEST BENGAL,19.0,319,Murshidabad,MURSHIDABAD,333.0,2234,Jalangi,,2234.0,2024-10-07
10,Bihar,BIHAR,10.0,195,Darbhanga,दरभंगा,215.0,1181,Jale,जाले,1181.0,2024-10-07
27,Maharashtra,महाराष्ट्र,27.0,472,Buldhana,बुलढाणा,500.0,3975,Jalgaon (Jamod),जळगाव (जामोद),3975.0,2024-10-07
27,Maharashtra,महाराष्ट्र,27.0,479,Jalna,जालना,514.0,4127,Jalna,जालना,4127.0,2024-10-07
13,Nagaland,NAGALAND,13.0,613,Peren,,271.0,1852,Jalukie,,1852.0,2024-10-07
23,Madhya Pradesh,MADHYA PRADESH,23.0,399,Chhindwara,छिन्दवाड़ा,455.0,3651,Jamai (Junnardeo),जामई (जुन्नारदेव),3651.0,2024-10-07
24,Gujarat,GUJARAT,24.0,454,Panch Mahals,PANCH MAHALS,484.0,3889,Jambughoda,,3889.0,2024-10-07
21,Odisha,ODISHA,21.0,365,Mayurbhanj,MAYURBHANJ,376.0,2860,Jamda,,2860.0,2024-10-07
1,Jammu And Kashmir,JAMMU AND KASHMIR,1.0,5,Jammu,JAMMU,21.0,79,Jammu,,79.0,2024-10-07
1,Jammu And Kashmir,JAMMU AND KASHMIR,1.0,5,Jammu,JAMMU,21.0,6708,Jammu North,Jammu North,0.0,2024-10-07
24,Gujarat,GUJARAT,24.0,447,Jamnagar,JAMNAGAR,477.0,6525,Jamnagar City,,0.0,2024-10-07
10,Bihar,BIHAR,10.0,198,Jamui,जमुई,238.0,1527,Jamui,जमुई,1527.0,2024-10-07
28,Andhra Pradesh,ANDHRA PRADESH,28.0,748,Eluru,Eluru,0.0,4953,Jangareddigudem,,4953.0,2024-10-07
2,Himachal Pradesh,HIMACHAL PRADESH,2.0,23,Shimla,SHIMLA,33.0,6957,Jangla,,0.0,2024-10-07
9,Uttar Pradesh,UTTAR PRADESH,9.0,172,Muzaffarnagar,MUZAFFARNAGAR,133.0,711,Jansath,,711.0,2024-10-07
21,Odisha,ODISHA,21.0,358,Kalahandi,KALAHANDI,395.0,3170,Jayapatna,,3170.0,2024-10-07
19,West Bengal,WEST BENGAL,19.0,305,Bankura,BANKURA,339.0,2368,Jaypur,,2368.0,2024-10-07
21,Odisha,ODISHA,21.0,356,Jajapur,JAJAPUR,382.0,2980,Jenapur,,2980.0,2024-10-07
19,West Bengal,WEST BENGAL,19.0,321,Purulia,PURULIA,340.0,2391,Jhalda - II,,2391.0,2024-10-07
21,Odisha,ODISHA,21.0,365,Mayurbhanj,MAYURBHANJ,376.0,2863,Jharpokharia,,2863.0,2024-10-07
27,Maharashtra,महाराष्ट्र,27.0,489,Parbhani,परभणी,513.0,4117,Jintur,जिंतुर,4117.0,2024-10-07
16,Tripura,ত্রিপুরা,16.0,272,West Tripura,পশ্চিম ত্রিপুরা,289.0,6679,Jirania,জিরানিয়া,0.0,2024-10-07
14,Manipur,MANIPUR,14.0,713,Jiribam,,0.0,1883,Jiribam,,1883.0,2024-10-07
21,Odisha,ODISHA,21.0,361,Kendujhar,KENDUJHAR,375.0,2837,Joda,,2837.0,2024-10-07
18,Assam,ASSAM,18.0,284,Dhemaji,DHEMAJI,308.0,2057,Jonai,,2057.0,2024-10-07
5,Uttarakhand,UTTARAKHAND,5.0,57,Uttar Kashi,UTTAR KASHI,56.0,6366,Joshiyara,,0.0,2024-10-07
1,Jammu And Kashmir,JAMMU AND KASHMIR,1.0,5,Jammu,JAMMU,21.0,6701,Jourian,Jourian,0.0,2024-10-07
28,Andhra Pradesh,ANDHRA PRADESH,28.0,750,Bapatla,Bapatla,0.0,5111,J.Pangulur,J.Pangulur,5111.0,2024-10-07
36,Telangana,తెలంగాణ,0.0,685,Kamareddy,కామారెడ్డి,0.0,4373,Jukkal,జుక్కల్,4373.0,2024-10-07
21,Odisha,ODISHA,21.0,358,Kalahandi,KALAHANDI,395.0,3166,Junagarh,,3166.0,2024-10-07
2,Himachal Pradesh,HIMACHAL PRADESH,2.0,23,Shimla,SHIMLA,33.0,183,Junga,,183.0,2024-10-07
27,Maharashtra,महाराष्ट्र,27.0,490,Pune,पुणे,521.0,4187,Junnar,जुन्नर,4187.0,2024-10-07
28,Andhra Pradesh,ANDHRA PRADESH,28.0,504,Y.S.R.,,551.0,5230,Kadapa,,5230.0,2024-10-07
27,Maharashtra,महाराष्ट्र,27.0,493,Sangli,सांगली,531.0,4298,Kadegaon,कडेगाव,4298.0,2024-10-07
9,Uttar Pradesh,UTTAR PRADESH,9.0,185,Sultanpur,SULTANPUR,179.0,918,Kadipur,,918.0,2024-10-07
31,Lakshadweep,LAKSHADWEEP,31.0,553,Lakshadweep District,LAKSHADWEEP DISTRICT,587.0,5624,Kadmat,,5624.0,2024-10-07
29,Karnataka,ಕರ್ನಾಟಕ,29.0,532,Chikkamagaluru,ಚಿಕ್ಕಮಗಳೂರು,570.0,5529,Kadur,ಕಡೂರು,5529.0,2024-10-07
29,Karnataka,ಕರ್ನಾಟಕ,29.0,527,Belagavi,ಬೆಳಗಾವಿ,555.0,7100,Kagwad,,0.0,2024-10-07
6,Haryana,HARYANA,6.0,66,Kaithal,KAITHAL,73.0,368,Kaithal,,368.0,2024-10-07
21,Odisha,ODISHA,21.0,369,Puri,PURI,387.0,3059,Kakatpur,,3059.0,2024-10-07
2,Himachal Pradesh,HIMACHAL PRADESH,2.0,16,Chamba,CHAMBA,23.0,6943,Kakira,,0.0,2024-10-07
29,Karnataka,ಕರ್ನಾಟಕ,29.0,538,Kalaburagi,ಕಲಬುರಗಿ,579.0,5582,Kalaburagi,ಕಲಬುರಗಿ,5582.0,2024-10-07
28,Andhra Pradesh,ANDHRA PRADESH,28.0,753,Annamayya,Annamayya,0.0,5371,Kalakada,,5371.0,2024-10-07
3,Punjab,PUNJAB,3.0,32,Gurdaspur,GURDASPUR,35.0,6859,Kalanaur,Kalanaur,0.0,2024-10-07
6,Haryana,HARYANA,6.0,74,Sirsa,SIRSA,79.0,6469,Kalanwali,कालांवाली,0.0,2024-10-07
10,Bihar,BIHAR,10.0,611,Arwal,अरवल,240.0,1543,Kaler,कलेर,1543.0,2024-10-07
18,Assam,ASSAM,18.0,280,Barpeta,BARPETA,303.0,2019,Kalgachia,,2019.0,2024-10-07
19,West Bengal,WEST BENGAL,19.0,316,Malda,MALDA,332.0,2221,Kaliachak - II,,2221.0,2024-10-07
19,West Bengal,WEST BENGAL,19.0,306,Purba Bardhaman,PURBA BARDHAMAN,335.0,2293,Kalna - I,,2293.0,2024-10-07
24,Gujarat,GUJARAT,24.0,454,Panch Mahals,PANCH MAHALS,484.0,3886,Kalol,,3886.0,2024-10-07
2,Himachal Pradesh,HIMACHAL PRADESH,2.0,19,Kinnaur,KINNAUR,34.0,197,Kalpa,,197.0,2024-10-07
8,Rajasthan,RAJASTHAN,8.0,102,Jaipur,JAIPUR,110.0,7215,Kalwar,कालवाड़,0.0,2024-10-07
28,Andhra Pradesh,ANDHRA PRADESH,28.0,502,Ananthapuramu,అనంతపురము,553.0,5321,Kalyanadurg,Kalyanadurg,5321.0,2024-10-07
10,Bihar,BIHAR,10.0,217,Samastipur,समस्तीपुर,221.0,1284,Kalyanpur,कलयानपुर,1284.0,2024-10-07
10,Bihar,BIHAR,10.0,213,Purbi Champaran,पूर्वी चंपारण,204.0,1048,Kalyanpur,कल्यानपुर,1048.0,2024-10-07
29,Karnataka,ಕರ್ನಾಟಕ,29.0,538,Kalaburagi,ಕಲಬುರಗಿ,579.0,7090,Kamalapur,,0.0,2024-10-07
28,Andhra Pradesh,ANDHRA PRADESH,28.0,504,Y.S.R.,,551.0,5224,Kamalapuram,,5224.0,2024-10-07
16,Tripura,ত্রিপুরা,16.0,269,Dhalai,ধলাই,291.0,6681,Kamalpur,কমলপুর,0.0,2024-10-07
8,Rajasthan,RAJASTHAN,8.0,767,Deeg,डीग,,506,Kaman,,506.0,2024-10-07
21,Odisha,ODISHA,21.0,373,Sundargarh,SUNDARGARH,374.0,2825,Kamarposh Balang,,2825.0,2024-10-07
18,Assam,ASSAM,18.0,297,Nagaon,NAGAON,305.0,2037,Kampur,,2037.0,2024-10-07
2,Himachal Pradesh,HIMACHAL PRADESH,2.0,24,Sirmaur,SIRMAUR,32.0,174,Kamrau,,174.0,2024-10-07
29,Karnataka,ಕರ್ನಾಟಕ,29.0,543,Koppal,ಕೊಪ್ಪಳ,560.0,7091,Kanakagiri,,0.0,2024-10-07
29,Karnataka,ಕರ್ನಾಟಕ,29.0,631,Ramanagara,ರಾಮನಗರ,584.0,5608,Kanakapura,,5608.0,2024-10-07
33,Tamil Nadu,TAMIL NADU,33.0,574,Kancheepuram,KANCHIPURAM,604.0,5707,Kancheepuram,,5707.0,2024-10-07
28,Andhra Pradesh,ANDHRA PRADESH,28.0,519,Srikakulam,SRIKAKULAM,542.0,4777,Kanchili,,4777.0,2024-10-07
27,Maharashtra,महाराष्ट्र,27.0,485,Nanded,नांदेड,511.0,4108,Kandhar,कंधार,4108.0,2024-10-07
36,Telangana,తెలంగాణ,0.0,691,Sangareddy,సంగారెడ్డి,0.0,6275,Kandi,కంది,0.0,2024-10-07
19,West Bengal,WEST BENGAL,19.0,319,Murshidabad,MURSHIDABAD,333.0,2240,Kandi,,2240.0,2024-10-07
33,Tamil Nadu,TAMIL NADU,33.0,634,Tiruppur,TIRUPPUR,633.0,5901,Kangeyam,,5901.0,2024-10-07
2,Himachal Pradesh,HIMACHAL PRADESH,2.0,17,Hamirpur,HAMIRPUR,28.0,6884,Kangoo,,0.0,2024-10-07
14,Manipur,MANIPUR,14.0,254,Churachandpur,CHURACHANDPUR,274.0,6500,Kangvai,,0.0,2024-10-07
7,Delhi,DELHI,7.0,82,North West,NORTH WEST,90.0,6078,Kanjhawala,,0.0,2024-10-07
20,Jharkhand,झारखंड,20.0,339,Ranchi,रांची,364.0,2684,Kanke,,2684.0,2024-10-07
24,Gujarat,GUJARAT,24.0,441,Banas Kantha,BANAS KANTHA,469.0,3743,Kankrej,,3743.0,2024-10-07
9,Uttar Pradesh,UTTAR PRADESH,9.0,155,Kannauj,KANNAUJ,160.0,834,Kannauj,,834.0,2024-10-07
23,Madhya Pradesh,MADHYA PRADESH,23.0,402,Dewas,देवास,437.0,3527,Kannod,कन्नौद,3527.0,2024-10-07
28,Andhra Pradesh,ANDHRA PRADESH,28.0,747,Dr. B.R. Ambedkar Konaseema,డా బి ఆర్  అంబేడ్కర్ కోనసీమ,0.0,4928,Kapileswarapuram,,4928.0,2024-10-07
29,Karnataka,ಕರ್ನಾಟಕ,29.0,549,Udupi,ಉಡುಪಿ,569.0,7067,Kapu,,0.0,2024-10-07
27,Maharashtra,महाराष्ट्र,27.0,494,Satara,सातारा,527.0,4265,Karad,कराड,4265.0,2024-10-07
10,Bihar,BIHAR,10.0,215,Rohtas,रोहतास,234.0,1462,Karakat,काराकाट,1462.0,2024-10-07
8,Rajasthan,RAJASTHAN,8.0,100,Ganganagar,GANGANAGAR,99.0,457,Karanpur,,457.0,2024-10-07
29,Karnataka,ಕರ್ನಾಟಕ,29.0,543,Koppal,ಕೊಪ್ಪಳ,560.0,7092,Karatagi,,0.0,2024-10-07
16,Tripura,ত্রিপুরা,16.0,654,Gomati,গোমতি,0.0,6690,Karbook,করবুক,0.0,2024-10-07
8,Rajasthan,RAJASTHAN,8.0,92,Bhilwara,BHILWARA,122.0,6064,Kareda,Kareda,0.0,2024-10-07
10,Bihar,BIHAR,10.0,215,Rohtas,रोहतास,234.0,1467,Kargahar,करहगर,1467.0,2024-10-07
19,West Bengal,WEST BENGAL,19.0,320,Nadia,NADIA,336.0,2300,Karimpur - II,,2300.0,2024-10-07
27,Maharashtra,महाराष्ट्र,27.0,491,Raigad,रायगड,520.0,4174,Karjat,कर्जत,4174.0,2024-10-07
27,Maharashtra,महाराष्ट्र,27.0,466,Ahmednagar,अहमदनगर,522.0,4213,Karjat,कर्जत,4213.0,2024-10-07
5,Uttarakhand,UTTARAKHAND,5.0,47,Chamoli,CHAMOLI,57.0,287,Karnaprayag,,287.0,2024-10-07
32,Kerala,KERALA,32.0,554,Alappuzha,ആലപ്പുഴ,598.0,5676,Karthikappally,കാര്‍ത്തികപ്പള്ളി,5676.0,2024-10-07
22,Chhattisgarh,छत्तीसगढ़,22.0,644,Balodabazar-Bhatapara,बलौदाबाजार-भाटापारा,0.0,3328,Kasdol,,3328.0,2024-10-07
12,Arunachal Pradesh,ARUNACHAL PRADESH,12.0,240,Upper Siang,UPPER SIANG,252.0,1668,Katan Circle,Katan Circle,1668.0,2024-10-07
24,Gujarat,GUJARAT,24.0,459,Surat,SURAT,492.0,6519,Katargam,Katargam,0.0,2024-10-07
18,Assam,ASSAM,18.0,289,Hailakandi,HAILAKANDI,318.0,2109,Katlichara,,2109.0,2024-10-07
10,Bihar,BIHAR,10.0,190,Banka,बांका,225.0,1354,Katoria,कटोरिया,1354.0,2024-10-07
33,Tamil Nadu,TAMIL NADU,33.0,595,Vellore,VELLORE,605.0,5713,Katpadi,,5713.0,2024-10-07
10,Bihar,BIHAR,10.0,209,Nalanda,नालंदा,229.0,1397,Katrisarai,कतरीसराय,1397.0,2024-10-07
19,West Bengal,WEST BENGAL,19.0,306,Purba Bardhaman,PURBA BARDHAMAN,335.0,2281,Katwa - I,,2281.0,2024-10-07
33,Tamil Nadu,TAMIL NADU,33.0,594,Thoothukkudi,Thoothukkudi,627.0,6628,Kayathar,கயத்தார்,0.0,2024-10-07
13,Nagaland,NAGALAND,13.0,613,Peren,,271.0,1854,Kebai Khelma,,1854.0,2024-10-07
10,Bihar,BIHAR,10.0,213,Purbi Champaran,पूर्वी चंपारण,204.0,1047,Kesaria,केशरिया,1047.0,2024-10-07
19,West Bengal,WEST BENGAL,19.0,318,Paschim Medinipur,PASCHIM MEDINIPUR,344.0,2451,Keshpur,,2451.0,2024-10-07
21,Odisha,ODISHA,21.0,358,Kalahandi,KALAHANDI,395.0,3159,Kesinga,,3159.0,2024-10-07
19,West Bengal,WEST BENGAL,19.0,306,Purba Bardhaman,PURBA BARDHAMAN,335.0,2279,Ketugram - I,,2279.0,2024-10-07
13,Nagaland,NAGALAND,13.0,245,Kohima,KOHIMA,270.0,1847,Kezocha,,1847.0,2024-10-07
28,Andhra Pradesh,ANDHRA PRADESH,28.0,504,Y.S.R.,,551.0,5212,Khajipeta,ఖాజీపేట,5212.0,2024-10-07
9,Uttar Pradesh,UTTAR PRADESH,9.0,148,Gorakhpur,GORAKHPUR,188.0,953,Khajni,,953.0,2024-10-07
27,Maharashtra,महाराष्ट्र,27.0,491,Raigad,रायगड,520.0,4175,Khalapur,खालापूर,4175.0,2024-10-07
24,Gujarat,GUJARAT,24.0,440,Anand,ANAND,482.0,3866,Khambhat,,3866.0,2024-10-07
19,West Bengal,WEST BENGAL,19.0,312,Hooghly,HOOGHLY,338.0,2355,Khanakul - II,,2355.0,2024-10-07
21,Odisha,ODISHA,21.0,362,Khordha,KHORDHA,386.0,3047,Khandagiri,,3047.0,2024-10-07
21,Odisha,ODISHA,21.0,367,Nayagarh,NAYAGARH,385.0,3026,Khandapada,,3026.0,2024-10-07
3,Punjab,PUNJAB,3.0,608,S.A.S Nagar,,52.0,266,Kharar,,266.0,2024-10-07
17,Meghalaya,MEGHALAYA,17.0,656,North Garo Hills,NORTH GARO HILLS,0.0,1972,Kharkutta,,1972.0,2024-10-07
22,Chhattisgarh,छत्तीसगढ़,22.0,387,Raipur,रायपुर,410.0,7262,Kharora,खरोरा,0.0,2024-10-07
12,Arunachal Pradesh,ARUNACHAL PRADESH,12.0,229,Changlang,CHANGLANG,253.0,1681,Kharsang Circle,Kharsang Circle,1681.0,2024-10-07
36,Telangana,తెలంగాణ,0.0,686,Hanumakonda,హనుమకొండ,0.0,6247,Khazipet,కాజిపేట,0.0,2024-10-07
27,Maharashtra,महाराष्ट्र,27.0,490,Pune,पुणे,521.0,4190,Khed,खेड,4190.0,2024-10-07
8,Rajasthan,RAJASTHAN,8.0,110,Nagaur,NAGAUR,112.0,561,Kheenvsar,,561.0,2024-10-07
8,Rajasthan,RAJASTHAN,8.0,114,Sikar,SIKAR,111.0,6384,Khendela,खण्डेला,0.0,2024-10-07
14,Manipur,MANIPUR,14.0,253,Chandel,CHANDEL,280.0,6496,Khengjoy,KHENGJOY,0.0,2024-10-07
8,Rajasthan,RAJASTHAN,8.0,117,Udaipur,UDAIPUR,130.0,695,Kherwara,,695.0,2024-10-07
12,Arunachal Pradesh,ARUNACHAL PRADESH,12.0,229,Changlang,CHANGLANG,253.0,1669,Khimiyang Eac,Khimiyang EAC,1669.0,2024-10-07
13,Nagaland,NAGALAND,13.0,614,Kiphire,,269.0,1842,Khongsa,,1842.0,2024-10-07
20,Jharkhand,झारखंड,20.0,606,Khunti,खूंटी,365.0,2704,Khunti,,2704.0,2024-10-07
13,Nagaland,NAGALAND,13.0,248,Phek,PHEK,266.0,1802,Khuza,,1802.0,2024-10-07
21,Odisha,ODISHA,21.0,344,Anugul,ANUGUL,384.0,3018,Kiakata,,3018.0,2024-10-07
23,Madhya Pradesh,MADHYA PRADESH,23.0,405,Khandwa (East Nimar),खण्डवा (पूर्व निमाड़),466.0,7396,Killod,किल्लौद,0.0,2024-10-07
33,Tamil Nadu,TAMIL NADU,33.0,579,Nagapattinam,NAGAPATTINAM,618.0,5800,Kilvelur,,5800.0,2024-10-07
27,Maharashtra,महाराष्ट्र,27.0,485,Nanded,नांदेड,511.0,4096,Kinwat,किनवत,4096.0,2024-10-07
10,Bihar,BIHAR,10.0,205,Madhepura,मधेपुरा,213.0,1167,Kishanganj,,1167.0,2024-10-07
12,Arunachal Pradesh,ARUNACHAL PRADESH,12.0,238,Tawang,TAWANG,245.0,1560,Kitpi Circle,Kitpi Circle,1560.0,2024-10-07
28,Andhra Pradesh,ANDHRA PRADESH,28.0,744,Anakapalli,Anakapalli,0.0,4860,K.Kotapadu,,4860.0,2024-10-07
33,Tamil Nadu,TAMIL NADU,33.0,572,Dindigul,DINDIGUL,612.0,5766,Kodaikanal,,5766.0,2024-10-07
36,Telangana,తెలంగాణ,0.0,689,Jangoan,జనగాం,0.0,4702,Kodakandla,కొడకండ్ల,4702.0,2024-10-07
28,Andhra Pradesh,ANDHRA PRADESH,28.0,511,Kurnool,KURNOOL,552.0,5269,Kodumur,,5269.0,2024-10-07
28,Andhra Pradesh,ANDHRA PRADESH,28.0,510,Krishna,KRISHNA,547.0,5039,Koduru,,5039.0,2024-10-07
13,Nagaland,NAGALAND,13.0,245,Kohima,KOHIMA,270.0,1849,Kohima Sadar,,1849.0,2024-10-07
28,Andhra Pradesh,ANDHRA PRADESH,28.0,755,Nandyal,Nandyal,0.0,5296,Koilakuntla,కోయిలకుంట్ల,5296.0,2024-10-07
20,Jharkhand,झारखंड,20.0,342,Simdega,सिमडेगा,367.0,2724,Kolebira,,2724.0,2024-10-07
32,Kerala,KERALA,32.0,559,Kollam,കൊല്ലം,600.0,5688,Kollam,കൊല്ലം,5688.0,2024-10-07
28,Andhra Pradesh,ANDHRA PRADESH,28.0,750,Bapatla,Bapatla,0.0,5088,Kolluru,Kolluru,5088.0,2024-10-07
12,Arunachal Pradesh,ARUNACHAL PRADESH,12.0,233,Kurung Kumey,KURUNG KUMEY,256.0,6130,Koloriang Hq,KOLORIANG HQ,0.0,2024-10-07
21,Odisha,ODISHA,21.0,368,Nuapada,NUAPADA,394.0,3155,Komna,,3155.0,2024-10-07
21,Odisha,ODISHA,21.0,369,Puri,PURI,387.0,3061,Konark,,3061.0,2024-10-07
28,Andhra Pradesh,ANDHRA PRADESH,28.0,517,Prakasam,PRAKASAM,549.0,5137,Kondapi,,5137.0,2024-10-07
28,Andhra Pradesh,ANDHRA PRADESH,28.0,504,Y.S.R.,,551.0,5199,Kondapuram,,5199.0,2024-10-07
36,Telangana,తెలంగాణ,0.0,518,Ranga Reddy,రంగా రెడ్డి,537.0,4558,Kondurg,కోందుర్గు,4558.0,2024-10-07
29,Karnataka,ಕರ್ನಾಟಕ,29.0,532,Chikkamagaluru,ಚಿಕ್ಕಮಗಳೂರು,570.0,5526,Koppa,ಕೊಪ್ಪ,5526.0,2024-10-07
27,Maharashtra,महाराष्ट्र,27.0,494,Satara,सातारा,527.0,4261,Koregaon,कोरेगाव,4261.0,2024-10-07
36,Telangana,తెలంగాణ,0.0,721,Narayanpet,నారాయణ్ పేట్,0.0,4551,Kosgi,కోస్గి,4551.0,2024-10-07
28,Andhra Pradesh,ANDHRA PRADESH,28.0,744,Anakapalli,Anakapalli,0.0,4874,Kotauratla,,4874.0,2024-10-07
36,Telangana,తెలంగాణ,0.0,698,Vikarabad,వికారాబాద్,0.0,6312,Kotepally,కోటెపల్లి,0.0,2024-10-07
36,Telangana,తెలంగాణ,0.0,690,Bhadradri Kothagudem,భద్రాద్రి కొత్తగూడెం,0.0,4738,Kothagudem,కొత్తగూడెం,4738.0,2024-10-07
28,Andhra Pradesh,ANDHRA PRADESH,28.0,755,Nandyal,Nandyal,0.0,5263,Kothapalle,,5263.0,2024-10-07
23,Madhya Pradesh,MADHYA PRADESH,23.0,426,Satna,सतना,429.0,3461,Kothi,कोठी,3461.0,2024-10-07
2,Himachal Pradesh,HIMACHAL PRADESH,2.0,22,Mandi,MANDI,27.0,128,Kotli,,128.0,2024-10-07
21,Odisha,ODISHA,21.0,363,Koraput,KORAPUT,398.0,3199,Kotpad,,3199.0,2024-10-07
32,Kerala,KERALA,32.0,559,Kollam,കൊല്ലം,600.0,5687,Kottarakkara,കൊട്ടാരക്കര,5687.0,2024-10-07
32,Kerala,KERALA,32.0,560,Kottayam,കോട്ടയം,597.0,5670,Kottayam,കോട്ടയം,5670.0,2024-10-07
28,Andhra Pradesh,ANDHRA PRADESH,28.0,515,Sri Potti Sriramulu Nellore,శ్రీ పొట్టి శ్రీరాములు నెల్లూరు,550.0,5178,Kovur,,5178.0,2024-10-07
18,Assam,ASSAM,18.0,291,Kamrup,KAMRUP,321.0,2117,Koya,,2117.0,2024-10-07
32,Kerala,KERALA,32.0,561,Kozhikode,കോഴിക്കോട്,591.0,5639,Koyilandi,കൊയിലാണ്ടി,5639.0,2024-10-07
12,Arunachal Pradesh,ARUNACHAL PRADESH,12.0,719,Lower Siang,LOWER SIANG,0.0,1648,Koyu Eac,,1648.0,2024-10-07
28,Andhra Pradesh,ANDHRA PRADESH,28.0,745,Alluri Sitharama Raju,Alluri Sitharama Raju,0.0,4851,Koyyuru,,4851.0,2024-10-07
32,Kerala,KERALA,32.0,564,Pathanamthitta,പത്തനംതിട്ട,599.0,5682,Kozhenchery,കോഴഞ്ചേരി,5682.0,2024-10-07
32,Kerala,KERALA,32.0,561,Kozhikode,കോഴിക്കോട്,591.0,5640,Kozhikode,കോഴിക്കോട്,5640.0,2024-10-07
33,Tamil Nadu,TAMIL NADU,33.0,577,Krishnagiri,KRISHNAGIRI,631.0,5891,Krishnagiri,கிருஷ்ணகிரி,5891.0,2024-10-07
12,Arunachal Pradesh,ARUNACHAL PRADESH,12.0,230,Dibang Valley,DIBANG VALLEY,257.0,1721,Kronli (Arzoo Circle),,1721.0,2024-10-07
28,Andhra Pradesh,ANDHRA PRADESH,28.0,751,Palnadu,Palnadu,0.0,5051,Krosuru,,5051.0,2024-10-07
21,Odisha,ODISHA,21.0,369,Puri,PURI,387.0,3069,Krushna Prasad,,3069.0,2024-10-07
22,Chhattisgarh,छत्तीसगढ़,22.0,376,Dakshin Bastar Dantewada,दक्षिण बस्तर दंतेवाड़ा,416.0,3372,Kuakonda,,3372.0,2024-10-07
36,Telangana,తెలంగాణ,0.0,513,Medak,మెదక్,535.0,4468,Kulcharam,కుల్చారం,4468.0,2024-10-07
19,West Bengal,WEST BENGAL,19.0,304,South 24 Parganas,SOUTH 24 Parganas,343.0,2433,Kultali,,2433.0,2024-10-07
33,Tamil Nadu,TAMIL NADU,33.0,580,Namakkal,NAMAKKAL,609.0,6634,Kumarapalayam,குமாரபாளையம்,0.0,2024-10-07
22,Chhattisgarh,छत्तीसगढ़,22.0,388,Rajnandgaon,राजनंदगांव,408.0,7350,Kumarda,कुमरदा,0.0,2024-10-07
33,Tamil Nadu,TAMIL NADU,33.0,586,Thanjavur,THANJAVUR,620.0,5811,Kumbakonam,,5811.0,2024-10-07
28,Andhra Pradesh,ANDHRA PRADESH,28.0,745,Alluri Sitharama Raju,Alluri Sitharama Raju,0.0,4731,Kunavaram,,4731.0,2024-10-07
33,Tamil Nadu,TAMIL NADU,33.0,574,Kancheepuram,KANCHIPURAM,604.0,7057,Kundrathur,குன்றத்தூர்,0.0,2024-10-07
29,Karnataka,ಕರ್ನಾಟಕ,29.0,548,Tumakuru,ತುಮಕೂರು,571.0,5541,Kunigal,ಕುಣಿಗಲ್‌,5541.0,2024-10-07
32,Kerala,KERALA,32.0,555,Ernakulam,എറണാകുളം,595.0,5657,Kunnathunad,കുന്നത്തുനാട്,5657.0,2024-10-07
1,Jammu And Kashmir,JAMMU AND KASHMIR,1.0,3,Baramulla,BARAMULLA,8.0,6830,Kunzar,Kunzar,0.0,2024-10-07
36,Telangana,తెలంగాణ,0.0,688,Mahabubabad,మహబుబాబాద్,0.0,4721,Kuravi,కురవి,4721.0,2024-10-07
10,Bihar,BIHAR,10.0,208,Muzaffarpur,मुजफ्फरपुर,216.0,1213,Kurhani,कुढनी,1213.0,2024-10-07
28,Andhra Pradesh,ANDHRA PRADESH,28.0,517,Prakasam,PRAKASAM,549.0,5103,Kurichedu,,5103.0,2024-10-07
27,Maharashtra,महाराष्ट्र,27.0,483,Mumbai Suburban,मुंबई उपनगर,518.0,7180,Kurla,कुर्ला,0.0,2024-10-07
20,Jharkhand,झारखंड,20.0,336,Lohardaga,लोहरदगा,356.0,2599,Kuru,,2599.0,2024-10-07
29,Karnataka,ಕರ್ನಾಟಕ,29.0,528,Ballari,ಬಳ್ಳಾರಿ,565.0,7109,Kurugodu,,0.0,2024-10-07
8,Rajasthan,RAJASTHAN,8.0,88,Banswara,BANSWARA,125.0,654,Kushalgarh,,654.0,2024-10-07
24,Gujarat,GUJARAT,24.0,456,Porbandar,PORBANDAR,478.0,3824,Kutiyana,,3824.0,2024-10-07
22,Chhattisgarh,छत्तीसगढ़,22.0,636,Bijapur,बीजापुर,417.0,7260,Kutru,कुटरु,0.0,2024-10-07
8,Rajasthan,RAJASTHAN,8.0,112,Rajsamand,RAJSAMAND,123.0,6928,Kuwaria,कुंवारिया,0.0,2024-10-07
8,Rajasthan,RAJASTHAN,8.0,114,Sikar,SIKAR,111.0,552,Lachhmangarh,,552.0,2024-10-07
2,Himachal Pradesh,HIMACHAL PRADESH,2.0,18,Kangra,KANGRA,24.0,6902,Lagru,,0.0,2024-10-07
23,Madhya Pradesh,MADHYA PRADESH,23.0,395,Bhind,भिण्ड,420.0,3398,Lahar,लहर,3398.0,2024-10-07
18,Assam,ASSAM,18.0,296,Marigaon,MARIGAON,304.0,2028,Laharighat,,2028.0,2024-10-07
10,Bihar,BIHAR,10.0,218,Saran,सारण,219.0,1253,Lahladpur,लहलादपुर,1253.0,2024-10-07
24,Gujarat,GUJARAT,24.0,441,Banas Kantha,BANAS KANTHA,469.0,6168,Lakhani,Lakhani,0.0,2024-10-07
22,Chhattisgarh,छत्तीसगढ़,22.0,389,Surguja,सरगुजा,401.0,3248,Lakhanpur,,3248.0,2024-10-07
9,Uttar Pradesh,UTTAR PRADESH,9.0,159,Kheri,KHERI,153.0,801,Lakhimpur,,801.0,2024-10-07
18,Assam,ASSAM,18.0,287,Goalpara,GOALPARA,302.0,2013,Lakhipur,,2013.0,2024-10-07
9,Uttar Pradesh,UTTAR PRADESH,9.0,123,Azamgarh,AZAMGARH,191.0,969,Lalganj,,969.0,2024-10-07
9,Uttar Pradesh,UTTAR PRADESH,9.0,170,Mirzapur,मिर्ज़ापुर,199.0,1001,Lalganj,लालगंज,1001.0,2024-10-07
19,West Bengal,WEST BENGAL,19.0,319,Murshidabad,MURSHIDABAD,333.0,2229,Lalgola,,2229.0,2024-10-07
14,Manipur,MANIPUR,14.0,256,Imphal West,IMPHAL WEST,277.0,1881,Lamphelpat,,1881.0,2024-10-07
14,Manipur,MANIPUR,14.0,256,Imphal West,IMPHAL WEST,277.0,1879,Lamsang,,1879.0,2024-10-07
23,Madhya Pradesh,MADHYA PRADESH,23.0,392,Balaghat,बालाघाट,457.0,7399,Lamta,लामता,0.0,2024-10-07
1,Jammu And Kashmir,JAMMU AND KASHMIR,1.0,12,Rajouri,RAJOURI,6.0,6774,Laroka,Laroka,0.0,2024-10-07
8,Rajasthan,RAJASTHAN,8.0,777,Salumbar,सलूम्‍बर,,691,Lasadiya,,691.0,2024-10-07
17,Meghalaya,MEGHALAYA,17.0,275,West Jaintia Hills,WEST JAINTIA HILLS,299.0,1997,Laskein,,1997.0,2024-10-07
10,Bihar,BIHAR,10.0,206,Madhubani,मधुबनी,207.0,1085,Laukaha,,1085.0,2024-10-07
28,Andhra Pradesh,ANDHRA PRADESH,28.0,519,Srikakulam,SRIKAKULAM,542.0,4804,Laveru,,4804.0,2024-10-07
15,Mizoram,MIZORAM,15.0,264,Lawngtlai,LAWNGTLAI,287.0,1917,Lawngtlai,,1917.0,2024-10-07
36,Telangana,తెలంగాణ,0.0,680,Nirmal,నిర్మల్,0.0,4345,Laxmanchanda,లక్ష్మణ్ చాంద,4345.0,2024-10-07
28,Andhra Pradesh,ANDHRA PRADESH,28.0,519,Srikakulam,SRIKAKULAM,542.0,4787,Laxminarasupeta,లక్ష్మీనరసుపేట,4787.0,2024-10-07
12,Arunachal Pradesh,ARUNACHAL PRADESH,12.0,237,Papum Pare,PAPUM PARE,248.0,1603,Leporiang Circle,,1603.0,2024-10-07
14,Manipur,MANIPUR,14.0,712,Kangpokpi,,0.0,6497,Lhungtin,,0.0,2024-10-07
36,Telangana,తెలంగాణ,0.0,689,Jangoan,జనగాం,0.0,4700,Lingalaghanpur,లింగాలఘణపూర్,4700.0,2024-10-07
21,Odisha,ODISHA,21.0,362,Khordha,KHORDHA,386.0,3044,Lingaraj,,3044.0,2024-10-07
29,Karnataka,ಕರ್ನಾಟಕ,29.0,546,Raichur,ರಾಯಚೂರು,559.0,5459,Lingsugur,ಲಿಂಗಸೂಗುರ,5459.0,2024-10-07
35,Andaman And Nicobar Islands,ANDAMAN AND NICOBAR ISLANDS,35.0,602,South Andamans,SOUTH ANDAMANS,640.0,5924,Little Andaman,,5924.0,2024-10-07
27,Maharashtra,महाराष्ट्र,27.0,485,Nanded,नांदेड,511.0,4107,Loha,लोहा,4107.0,2024-10-07
1,Jammu And Kashmir,JAMMU AND KASHMIR,1.0,7,Kathua,KATHUA,7.0,6729,Lohai Malhar,Lohai Malhar,0.0,2024-10-07
27,Maharashtra,महाराष्ट्र,27.0,488,Dharashiv,धाराशिव,525.0,4242,Lohara,लोहारा,4242.0,2024-10-07
8,Rajasthan,RAJASTHAN,8.0,772,Phalodi,फलाैदी,,6391,Lohawat,लोहावत,0.0,2024-10-07
21,Odisha,ODISHA,21.0,345,Balangir,BALANGIR,393.0,3141,Loisinga,,3141.0,2024-10-07
1,Jammu And Kashmir,JAMMU AND KASHMIR,1.0,8,Kupwara,KUPWARA,1.0,6791,Lolab,Lolab,0.0,2024-10-07
12,Arunachal Pradesh,ARUNACHAL PRADESH,12.0,239,Tirap,TIRAP,254.0,6597,Longo Circle,Longo,0.0,2024-10-07
13,Nagaland,NAGALAND,13.0,247,Mon,MON,261.0,1751,Longshen,,1751.0,2024-10-07
3,Punjab,PUNJAB,3.0,36,Ludhiana,ਲੂਿਧਆਣਾ,41.0,228,Ludhiana (West),,228.0,2024-10-07
15,Mizoram,MIZORAM,15.0,265,Lunglei,LUNGLEI,286.0,1914,Lunglei,,1914.0,2024-10-07
36,Telangana,తెలంగాణ,0.0,684,Mancherial,మంచిర్యాల్,0.0,4353,Luxettipet,లక్సెట్టిపేట్,4353.0,2024-10-07
28,Andhra Pradesh,ANDHRA PRADESH,28.0,751,Palnadu,Palnadu,0.0,5048,Machavaram,,5048.0,2024-10-07
28,Andhra Pradesh,ANDHRA PRADESH,28.0,751,Palnadu,Palnadu,0.0,5040,Macherla,,5040.0,2024-10-07
9,Uttar Pradesh,UTTAR PRADESH,9.0,152,Jaunpur,JAUNPUR,194.0,983,Machhlishahr,,983.0,2024-10-07
28,Andhra Pradesh,ANDHRA PRADESH,28.0,754,Sri Sathya Sai,Sri Sathya Sai,0.0,5350,Madakasira,,5350.0,2024-10-07
36,Telangana,తెలంగాణ,0.0,693,Wanaparthy,వనపర్తి,0.0,6289,Madanapur,మదనాపురం,0.0,2024-10-07
10,Bihar,BIHAR,10.0,189,Aurangabad,औरंगाबाद,235.0,1486,Madanpur,मदनपुर,1486.0,2024-10-07
27,Maharashtra,महाराष्ट्र,27.0,496,Solapur,सोलापूर,526.0,4245,Madha,माढा,4245.0,2024-10-07
29,Karnataka,ಕರ್ನಾಟಕ,29.0,548,Tumakuru,ತುಮಕೂರು,571.0,5535,Madhugiri,ಮಧುಗಿರಿ,5535.0,2024-10-07
33,Tamil Nadu,TAMIL NADU,33.0,578,Madurai,MADURAI,623.0,5961,Madurai West,,0.0,2024-10-07
33,Tamil Nadu,TAMIL NADU,33.0,730,Chengalpattu,செங்கல்பட்டு,0.0,5710,Maduranthakam,,5710.0,2024-10-07
33,Tamil Nadu,TAMIL NADU,33.0,568,Chennai,CHENNAI,603.0,5981,Maduravoyal,,0.0,2024-10-07
22,Chhattisgarh,छत्तीसगढ़,22.0,377,Dhamtari,धमतरी,412.0,3345,Magarlod,,3345.0,2024-10-07
19,West Bengal,WEST BENGAL,19.0,304,South 24 Parganas,SOUTH 24 Parganas,343.0,2424,Magrahat - I,,2424.0,2024-10-07
36,Telangana,తెలంగాణ,0.0,688,Mahabubabad,మహబుబాబాద్,0.0,4718,Mahabubabad,మహబూబాబాద్,4718.0,2024-10-07
36,Telangana,తెలంగాణ,0.0,687,Jayashankar Bhupalapally,జయశంకర్ భూపాలపల్లి,0.0,4403,Mahadevpur,మహాదేవపూర్,4403.0,2024-10-07
20,Jharkhand,झारखंड,20.0,330,Godda,गोड्डा,351.0,2558,Mahagama,,2558.0,2024-10-07
21,Odisha,ODISHA,21.0,360,Kendrapara,KENDRAPARA,379.0,2933,Mahakalapada,,2933.0,2024-10-07
6,Haryana,HARYANA,6.0,73,Rohtak,ROHTAK,82.0,404,Maham,,404.0,2024-10-07
10,Bihar,BIHAR,10.0,222,Siwan,सिवान,218.0,1236,Maharajganj,महाराजगंज,1236.0,2024-10-07
9,Uttar Pradesh,UTTAR PRADESH,9.0,164,Mahrajganj,MAHRAJGANJ,187.0,947,Maharajganj,,947.0,2024-10-07
22,Chhattisgarh,छत्तीसगढ़,22.0,385,Mahasamund,महासमुंद,411.0,3341,Mahasamund,,3341.0,2024-10-07
36,Telangana,తెలంగాణ,0.0,518,Ranga Reddy,రంగా రెడ్డి,537.0,4544,Maheshwaram,మహేశ్వరం,4544.0,2024-10-07
10,Bihar,BIHAR,10.0,216,Saharsa,सहरसा,214.0,1173,Mahishi,महिसी,1173.0,2024-10-07
21,Odisha,ODISHA,21.0,371,Sambalpur,SAMBALPUR,372.0,2781,Mahulpalli,,2781.0,2024-10-07
24,Gujarat,GUJARAT,24.0,443,Bhavnagar,BHAVNAGAR,481.0,3860,Mahuva,,3860.0,2024-10-07
23,Madhya Pradesh,MADHYA PRADESH,23.0,784,Maihar,मैहर,,3470,Maihar,मैहर,3470.0,2024-10-07
10,Bihar,BIHAR,10.0,222,Siwan,सिवान,218.0,1240,Mairwa,मैरवा,1240.0,2024-10-07
24,Gujarat,GUJARAT,24.0,459,Surat,SURAT,492.0,3937,Majura,Majura,3937.0,2024-10-07
2,Himachal Pradesh,HIMACHAL PRADESH,2.0,22,Mandi,MANDI,27.0,6969,Makridi,,0.0,2024-10-07
23,Madhya Pradesh,MADHYA PRADESH,23.0,406,Guna,गुना,458.0,3680,Maksoodangarh,मकसूदनगढ़,3680.0,2024-10-07
8,Rajasthan,RAJASTHAN,8.0,87,Alwar,ALWAR,104.0,6382,Malakhera,मालाखेडा,0.0,2024-10-07
28,Andhra Pradesh,ANDHRA PRADESH,28.0,747,Dr. B.R. Ambedkar Konaseema,డా బి ఆర్  అంబేడ్కర్ కోనసీమ,0.0,4938,Malikipuram,,4938.0,2024-10-07
24,Gujarat,GUJARAT,24.0,673,Morbi,MORBI,0.0,3798,Maliya,,3798.0,2024-10-07
27,Maharashtra,महाराष्ट्र,27.0,472,Buldhana,बुलढाणा,500.0,3979,Malkapur,मलकापूर,3979.0,2024-10-07
36,Telangana,తెలంగాణ,0.0,681,Jagitial,జగిత్యాల,0.0,4394,Mallapur,మల్లాపూర్,4394.0,2024-10-07
27,Maharashtra,महाराष्ट्र,27.0,494,Satara,सातारा,527.0,4259,Man,माण,4259.0,2024-10-07
36,Telangana,తెలంగాణ,0.0,508,Karimnagar,కరీంనగర్,534.0,4427,Manakondur,మానకొండూర్,4427.0,2024-10-07
33,Tamil Nadu,TAMIL NADU,33.0,585,Sivaganga,SIVAGANGA,622.0,5833,Manamadurai,,5833.0,2024-10-07
32,Kerala,KERALA,32.0,567,Wayanad,വയനാട്,590.0,5635,Mananthavady,മാനന്തവാടി,5635.0,2024-10-07
36,Telangana,తెలంగాణ,0.0,684,Mancherial,మంచిర్యాల్,0.0,4354,Mancherial,మంచిర్యాల్,4354.0,2024-10-07
21,Odisha,ODISHA,21.0,362,Khordha,KHORDHA,386.0,3041,Mancheswar,,3041.0,2024-10-07
1,Jammu And Kashmir,JAMMU AND KASHMIR,1.0,5,Jammu,JAMMU,21.0,6713,Mandal,Mandal,0.0,2024-10-07
8,Rajasthan,RAJASTHAN,8.0,92,Bhilwara,BHILWARA,122.0,631,Mandal,,631.0,2024-10-07
2,Himachal Pradesh,HIMACHAL PRADESH,2.0,22,Mandi,MANDI,27.0,6970,Mandap,,0.0,2024-10-07
20,Jharkhand,झारखंड,20.0,339,Ranchi,रांची,364.0,2693,Mandar,,2693.0,2024-10-07
8,Rajasthan,RAJASTHAN,8.0,106,Jhunjhunu,JHUNJHUNU,103.0,7145,Mandawa,मण्डावा,0.0,2024-10-07
19,West Bengal,WEST BENGAL,19.0,304,South 24 Parganas,SOUTH 24 Parganas,343.0,2429,Mandirbazar,,2429.0,2024-10-07
20,Jharkhand,झारखंड,20.0,340,Sahebganj,साहेबगंज,352.0,2565,Mandro,,2565.0,2024-10-07
23,Madhya Pradesh,MADHYA PRADESH,23.0,416,Mandsaur,मन्दसौर,433.0,7005,Mandsaur Nagar,मँदसौर नगर,0.0,2024-10-07
28,Andhra Pradesh,ANDHRA PRADESH,28.0,506,Guntur,GUNTUR,548.0,5055,Mangalagiri,,5055.0,2024-10-07
18,Assam,ASSAM,18.0,283,Darrang,DARRANG,325.0,2148,Mangaldoi (Pt),,2148.0,2024-10-07
21,Odisha,ODISHA,21.0,356,Jajapur,JAJAPUR,382.0,2986,Mangalpur,,2986.0,2024-10-07
29,Karnataka,ಕರ್ನಾಟಕ,29.0,534,Dakshina Kannada,ದಕ್ಷಿಣ ಕನ್ನಡ,575.0,5561,Mangaluru,ಮಂಗಳೂರು,5561.0,2024-10-07
27,Maharashtra,महाराष्ट्र,27.0,491,Raigad,रायगड,520.0,4181,Mangaon,मानगाव,4181.0,2024-10-07
23,Madhya Pradesh,MADHYA PRADESH,23.0,424,Rewa,रीवा,430.0,3474,Mangawan,मनगवां,3474.0,2024-10-07
13,Nagaland,NAGALAND,13.0,246,Mokokchung,MOKOKCHUNG,262.0,1764,Mangkolemba,,1764.0,2024-10-07
24,Gujarat,GUJARAT,24.0,448,Junagadh,JUNAGADH,479.0,3832,Mangrol,,3832.0,2024-10-07
24,Gujarat,GUJARAT,24.0,438,Ahmedabad,AHMEDABAD,474.0,6515,Maninagar,Maninagar,0.0,2024-10-07
22,Chhattisgarh,छत्तीसगढ़,22.0,761,Mohla-Manpur-Ambagarh Chouki,मोहला-मानपुर-अम्बागढ़ चौकी,0.0,3309,Manpur,,3309.0,2024-10-07
10,Bihar,BIHAR,10.0,191,Begusarai,बेगूसराय,222.0,1309,Mansurchak,मंसूरचक,1309.0,2024-10-07
36,Telangana,తెలంగాణ,0.0,690,Bhadradri Kothagudem,భద్రాద్రి కొత్తగూడెం,0.0,4727,Manuguru,మణుగూరు,4727.0,2024-10-07
33,Tamil Nadu,TAMIL NADU,33.0,596,Viluppuram,VILLUPURAM,607.0,6650,Marakanam,மரக்காணம்,0.0,2024-10-07
18,Assam,ASSAM,18.0,302,Tinsukia,TINSUKIA,309.0,2062,Margherita,,2062.0,2024-10-07
1,Jammu And Kashmir,JAMMU AND KASHMIR,1.0,5,Jammu,JAMMU,21.0,6715,Marh,Marh,0.0,2024-10-07
36,Telangana,తెలంగాణ,0.0,688,Mahabubabad,మహబుబాబాద్,0.0,4720,Maripeda,మరిపెడ,4720.0,2024-10-07
36,Telangana,తెలంగాణ,0.0,692,Siddipet,సిద్దిపేట,0.0,6282,Markook,మర్కుక్,0.0,2024-10-07
36,Telangana,తెలంగాణ,0.0,514,Nalgonda,నల్గొండ,539.0,4649,Marriguda,మర్రిగూడ,4649.0,2024-10-07
9,Uttar Pradesh,UTTAR PRADESH,9.0,123,Azamgarh,AZAMGARH,191.0,6165,Martinganjon,मार्टिनगंज,0.0,2024-10-07
33,Tamil Nadu,TAMIL NADU,33.0,591,Tiruchirappalli,TIRUCHIRAPPALLI,614.0,5954,Marungapuri,,0.0,2024-10-07
36,Telangana,తెలంగాణ,0.0,513,Medak,మెదక్,535.0,7190,Masaipet,,0.0,2024-10-07
20,Jharkhand,झारखंड,20.0,326,Dumka,दुमका,362.0,2675,Masalia,,2675.0,2024-10-07
8,Rajasthan,RAJASTHAN,8.0,108,Karauli,KARAULI,107.0,6379,Masalpur,मासलपुर,0.0,2024-10-07
6,Haryana,HARYANA,6.0,71,Panipat,PANIPAT,75.0,6412,Matlauda,मतलौडा,0.0,2024-10-07
9,Uttar Pradesh,UTTAR PRADESH,9.0,136,Chitrakoot,CHITRAKOOT,171.0,876,Mau,,876.0,2024-10-07
23,Madhya Pradesh,MADHYA PRADESH,23.0,395,Bhind,भिण्ड,420.0,7000,Mau,मौ,0.0,2024-10-07
27,Maharashtra,महाराष्ट्र,27.0,490,Pune,पुणे,521.0,4191,Mawal,मावळ,4191.0,2024-10-07
19,West Bengal,WEST BENGAL,19.0,307,Birbhum,BIRBHUM,334.0,2256,Mayureswar - II,,2256.0,2024-10-07
28,Andhra Pradesh,ANDHRA PRADESH,28.0,506,Guntur,GUNTUR,548.0,5073,Medikonduru,,5073.0,2024-10-07
9,Uttar Pradesh,UTTAR PRADESH,9.0,130,Bareilly,BAREILLY,150.0,785,Meerganj,,785.0,2024-10-07
2,Himachal Pradesh,HIMACHAL PRADESH,2.0,26,Una,UNA,29.0,6894,Mehatpur,,0.0,2024-10-07
9,Uttar Pradesh,UTTAR PRADESH,9.0,178,Sant Kabir Nagar,SANT KABIR NAGAR,186.0,941,Mehdawal,,941.0,2024-10-07
10,Bihar,BIHAR,10.0,213,Purbi Champaran,पूर्वी चंपारण,204.0,1057,Mehsi,मेहसी,1057.0,2024-10-07
10,Bihar,BIHAR,10.0,210,Nawada,नवादा,237.0,1522,Meskaur,मेसकौर,1522.0,2024-10-07
27,Maharashtra,महाराष्ट्र,27.0,491,Raigad,रायगड,520.0,4184,Mhasla,म्हासळा,4184.0,2024-10-07
18,Assam,ASSAM,18.0,296,Marigaon,MARIGAON,304.0,2030,Mikirbheta,,2030.0,2024-10-07
19,West Bengal,WEST BENGAL,19.0,303,North 24 Parganas,NORTH TWENTY FOUR PARGANAS,337.0,2333,Minakhan,,2333.0,2024-10-07
12,Arunachal Pradesh,ARUNACHAL PRADESH,12.0,230,Dibang Valley,DIBANG VALLEY,257.0,1717,Mipi,,1717.0,2024-10-07
36,Telangana,తెలంగాణ,0.0,692,Siddipet,సిద్దిపేట,0.0,4464,Mirdoddi,మిర్ దొడ్డి,4464.0,2024-10-07
9,Uttar Pradesh,UTTAR PRADESH,9.0,183,Sitapur,SITAPUR,154.0,803,Misrikh,,803.0,2024-10-07
8,Rajasthan,RAJASTHAN,8.0,113,Sawai Madhopur,SAWAI MADHOPUR,108.0,7152,Mitrapura,मित्रपुरा,0.0,2024-10-07
3,Punjab,PUNJAB,3.0,38,Moga,MOGA,42.0,233,Moga,,233.0,2024-10-07
28,Andhra Pradesh,ANDHRA PRADESH,28.0,523,West Godavari,పశ్చిమగోదావరి,546.0,4986,Mogalthur,,4986.0,2024-10-07
27,Maharashtra,महाराष्ट्र,27.0,471,Bhandara,भंडारा,506.0,4038,Mohadi,मोहाडी,4038.0,2024-10-07
9,Uttar Pradesh,UTTAR PRADESH,9.0,146,Ghazipur,GHAZIPUR,195.0,990,Mohammadabad,,990.0,2024-10-07
19,West Bengal,WEST BENGAL,19.0,307,Birbhum,BIRBHUM,334.0,2257,Mohammad Bazar,,2257.0,2024-10-07
21,Odisha,ODISHA,21.0,353,Gajapati,GAJAPATI,389.0,3101,Mohana,,3101.0,2024-10-07
23,Madhya Pradesh,MADHYA PRADESH,23.0,434,Tikamgarh,टीकमगढ़,424.0,3419,Mohangarh,मोहनगढ़,3419.0,2024-10-07
10,Bihar,BIHAR,10.0,217,Samastipur,समस्तीपुर,221.0,1293,Mohanpur,मोहनपुर,1293.0,2024-10-07
20,Jharkhand,झारखंड,20.0,324,Deoghar,देवघर,350.0,2546,Mohanpur,मोहनपुर,2546.0,2024-10-07
36,Telangana,తెలంగాణ,0.0,518,Ranga Reddy,రంగా రెడ్డి,537.0,4528,Moinabad,మోయినా బాద్,4528.0,2024-10-07
18,Assam,ASSAM,18.0,286,Dibrugarh,DIBRUGARH,310.0,2067,Moran,,2067.0,2024-10-07
23,Madhya Pradesh,MADHYA PRADESH,23.0,407,Gwalior,ग्वालियर,421.0,7038,Morar,मुरार,0.0,2024-10-07
23,Madhya Pradesh,MADHYA PRADESH,23.0,417,Morena,मुरैना,419.0,3387,Morena,मुरैना,3387.0,2024-10-07
5,Uttarakhand,UTTARAKHAND,5.0,57,Uttar Kashi,UTTAR KASHI,56.0,279,Mori,,279.0,2024-10-07
6,Haryana,HARYANA,6.0,70,Panchkula,PANCHKULA,69.0,6461,Morni St,मोरनी,0.0,2024-10-07
36,Telangana,తెలంగాణ,0.0,516,Nizamabad,నిజామాబాదు,533.0,4362,Morthad,మోర్తాడ్,4362.0,2024-10-07
36,Telangana,తెలంగాణ,0.0,516,Nizamabad,నిజామాబాదు,533.0,6668,Mosara,మోస్రా,0.0,2024-10-07
36,Telangana,తెలంగాణ,0.0,697,Yadadri Bhuvanagiri,యదాద్రి భువనగిరి,0.0,4625,Mothkur,మోతుకూరు,4625.0,2024-10-07
29,Karnataka,ಕರ್ನಾಟಕ,29.0,530,Vijayapura,ವಿಜಯಾಪುರ,557.0,5453,Muddebihal,ಮುದ್ದೇಬಿಹಾಳ,5453.0,2024-10-07
29,Karnataka,ಕರ್ನಾಟಕ,29.0,532,Chikkamagaluru,ಚಿಕ್ಕಮಗಳೂರು,570.0,5531,Mudigere,ಮೂಡಿಗೆರೆ,5531.0,2024-10-07
28,Andhra Pradesh,ANDHRA PRADESH,28.0,748,Eluru,Eluru,0.0,5020,Mudinepalle,,5020.0,2024-10-07
36,Telangana,తెలంగాణ,0.0,516,Nizamabad,నిజామాబాదు,533.0,6235,Mugpal,ముగ్పాల్,0.0,2024-10-07
27,Maharashtra,महाराष्ट्र,27.0,485,Nanded,नांदेड,511.0,4109,Mukhed,मुखेड,4109.0,2024-10-07
28,Andhra Pradesh,ANDHRA PRADESH,28.0,753,Annamayya,Annamayya,0.0,5367,Mulakalacheruvu,,5367.0,2024-10-07
27,Maharashtra,महाराष्ट्र,27.0,490,Pune,पुणे,521.0,4192,Mulshi,मुळशी,4192.0,2024-10-07
2,Himachal Pradesh,HIMACHAL PRADESH,2.0,18,Kangra,KANGRA,24.0,113,Multhan,,113.0,2024-10-07
23,Madhya Pradesh,MADHYA PRADESH,23.0,405,Khandwa (East Nimar),खण्डवा (पूर्व निमाड़),466.0,7411,Mundi,मूंदी,0.0,2024-10-07
28,Andhra Pradesh,ANDHRA PRADESH,28.0,517,Prakasam,PRAKASAM,549.0,5113,Mundlamuru,,5113.0,2024-10-07
8,Rajasthan,RAJASTHAN,8.0,110,Nagaur,NAGAUR,112.0,6378,Mundwa,मुंडवा,0.0,2024-10-07
22,Chhattisgarh,छत्तीसगढ़,22.0,647,Mungeli,मुंगेली,0.0,3292,Mungeli,,3292.0,2024-10-07
10,Bihar,BIHAR,10.0,205,Madhepura,मधेपुरा,213.0,1164,Murliganj,मुरलीगंज,1164.0,2024-10-07
10,Bihar,BIHAR,10.0,208,Muzaffarpur,मुजफ्फरपुर,216.0,1212,Musahri,मुशहरी,1212.0,2024-10-07
36,Telangana,తెలంగాణ,0.0,507,Hyderabad,హైదరాబాద్,536.0,4501,Musheerabad,ముషీరాబాద్,4501.0,2024-10-07
33,Tamil Nadu,TAMIL NADU,33.0,591,Tiruchirappalli,TIRUCHIRAPPALLI,614.0,5774,Musiri,,5774.0,2024-10-07
28,Andhra Pradesh,ANDHRA PRADESH,28.0,748,Eluru,Eluru,0.0,5002,Musunuru,,5002.0,2024-10-07
28,Andhra Pradesh,ANDHRA PRADESH,28.0,515,Sri Potti Sriramulu Nellore,శ్రీ పొట్టి శ్రీరాములు నెల్లూరు,550.0,5181,Muthukur,,5181.0,2024-10-07
28,Andhra Pradesh,ANDHRA PRADESH,28.0,749,Ntr,NTR,0.0,4995,Mylavaram,,4995.0,2024-10-07
19,West Bengal,WEST BENGAL,19.0,319,Murshidabad,MURSHIDABAD,333.0,2238,Nabagram,,2238.0,2024-10-07
21,Odisha,ODISHA,21.0,366,Nabarangpur,NABARANGPUR,397.0,3196,Nabarangapur P.S,,3196.0,2024-10-07
10,Bihar,BIHAR,10.0,189,Aurangabad,औरंगाबाद,235.0,1483,Nabinagar,नबीनगर,1483.0,2024-10-07
8,Rajasthan,RAJASTHAN,8.0,91,Bharatpur,BHARATPUR,105.0,509,Nadbai,,509.0,2024-10-07
8,Rajasthan,RAJASTHAN,8.0,771,Gangapurcity,गंगापुरसिटी,,521,Nadoti,,521.0,2024-10-07
36,Telangana,తెలంగాణ,0.0,696,Suryapet,సూర్యాపేట,0.0,6298,Nagaram,నాగారం,0.0,2024-10-07
28,Andhra Pradesh,ANDHRA PRADESH,28.0,750,Bapatla,Bapatla,0.0,5095,Nagaram,,5095.0,2024-10-07
8,Rajasthan,RAJASTHAN,8.0,110,Nagaur,NAGAUR,112.0,560,Nagaur,,560.0,2024-10-07
28,Andhra Pradesh,ANDHRA PRADESH,28.0,752,Tirupati,Tirupati,0.0,5194,Naidupet,,5194.0,2024-10-07
27,Maharashtra,महाराष्ट्र,27.0,485,Nanded,नांदेड,511.0,4106,Naigaon (Khairgaon),नायगाव (खैरगाव),4106.0,2024-10-07
5,Uttarakhand,UTTARAKHAND,5.0,55,Tehri Garhwal,TEHRI GARHWAL,59.0,6337,Nainbag,,0.0,2024-10-07
8,Rajasthan,RAJASTHAN,8.0,94,Bundi,BUNDI,121.0,623,Nainwa,,623.0,2024-10-07
24,Gujarat,GUJARAT,24.0,449,Kachchh,KACHCHH,468.0,3727,Nakhatrana,,3727.0,2024-10-07
36,Telangana,తెలంగాణ,0.0,514,Nalgonda,నల్గొండ,539.0,4636,Nakrekal,నకిరేకల్,4636.0,2024-10-07
21,Odisha,ODISHA,21.0,344,Anugul,ANUGUL,384.0,3009,Nalco,,3009.0,2024-10-07
36,Telangana,తెలంగాణ,0.0,514,Nalgonda,నల్గొండ,539.0,4646,Nalgonda,నల్లగొండ,4646.0,2024-10-07
28,Andhra Pradesh,ANDHRA PRADESH,28.0,505,East Godavari,EAST GODAVARI,545.0,4956,Nallajerla,,4956.0,2024-10-07
28,Andhra Pradesh,ANDHRA PRADESH,28.0,754,Sri Sathya Sai,Sri Sathya Sai,0.0,5341,Nambulapulakunta,నంబులపూలకుంట,5341.0,2024-10-07
13,Nagaland,NAGALAND,13.0,615,Longleng,,268.0,1831,Namsang,,1831.0,2024-10-07
28,Andhra Pradesh,ANDHRA PRADESH,28.0,511,Kurnool,KURNOOL,552.0,5255,Nandavaram,,5255.0,2024-10-07
27,Maharashtra,महाराष्ट्र,27.0,485,Nanded,नांदेड,511.0,4100,Nanded,नांदेड,4100.0,2024-10-07
19,West Bengal,WEST BENGAL,19.0,317,Purba Medinipur,PURBA MEDINIPUR,345.0,2484,Nandigram - I,,2484.0,2024-10-07
28,Andhra Pradesh,ANDHRA PRADESH,28.0,755,Nandyal,Nandyal,0.0,5260,Nandikotkur,,5260.0,2024-10-07
28,Andhra Pradesh,ANDHRA PRADESH,28.0,510,Krishna,KRISHNA,547.0,5014,Nandivada,,5014.0,2024-10-07
2,Himachal Pradesh,HIMACHAL PRADESH,2.0,23,Shimla,SHIMLA,33.0,178,Nankhari,,178.0,2024-10-07
10,Bihar,BIHAR,10.0,221,Sitamarhi,सीतामढी,206.0,1078,Nanpur,नानपुर,1078.0,2024-10-07
2,Himachal Pradesh,HIMACHAL PRADESH,2.0,24,Sirmaur,SIRMAUR,32.0,6954,Narag,,0.0,2024-10-07
28,Andhra Pradesh,ANDHRA PRADESH,28.0,519,Srikakulam,SRIKAKULAM,542.0,4799,Narasannapeta,,4799.0,2024-10-07
28,Andhra Pradesh,ANDHRA PRADESH,28.0,523,West Godavari,పశ్చిమగోదావరి,546.0,4987,Narasapuram,,4987.0,2024-10-07
28,Andhra Pradesh,ANDHRA PRADESH,28.0,752,Tirupati,Tirupati,0.0,5400,Narayanavanam,,5400.0,2024-10-07
10,Bihar,BIHAR,10.0,192,Bhagalpur,भागलपुर,224.0,1329,Narayanpur,नारायणपुर,1329.0,2024-10-07
1,Jammu And Kashmir,JAMMU AND KASHMIR,1.0,2,Budgam,,2.0,6813,Narbal,Narbal,0.0,2024-10-07
27,Maharashtra,महाराष्ट्र,27.0,484,Nagpur,नागपूर,505.0,4023,Narkhed,नरखेड,4023.0,2024-10-07
36,Telangana,తెలంగాణ,0.0,501,Adilabad,ఆదిలాబాద్,532.0,4312,Narnoor,నార్నూర్,4312.0,2024-10-07
36,Telangana,తెలంగాణ,0.0,522,Warangal,వరంగల్,540.0,4708,Narsampet,నర్సంపేట,4708.0,2024-10-07
5,Uttarakhand,UTTARAKHAND,5.0,50,Haridwar,HARIDWAR,68.0,6352,Narsan,,0.0,2024-10-07
36,Telangana,తెలంగాణ,0.0,513,Medak,మెదక్,535.0,6272,Narsingi,నర్సింగి,0.0,2024-10-07
8,Rajasthan,RAJASTHAN,8.0,86,Ajmer,AJMER,119.0,611,Nasirabad,,611.0,2024-10-07
10,Bihar,BIHAR,10.0,215,Rohtas,रोहतास,234.0,1463,Nasriganj,नासरीगंज,1463.0,2024-10-07
24,Gujarat,GUJARAT,24.0,668,Chhotaudepur,CHHOTAUDEPUR,0.0,3903,Nasvadi,,3903.0,2024-10-07
8,Rajasthan,RAJASTHAN,8.0,112,Rajsamand,RAJSAMAND,123.0,645,Nathdwara,,645.0,2024-10-07
6,Haryana,HARYANA,6.0,74,Sirsa,SIRSA,79.0,6470,Nathusari Chopta,नाथूसरी चौपटा,0.0,2024-10-07
9,Uttar Pradesh,UTTAR PRADESH,9.0,135,Chandauli,CHANDAULI,196.0,6870,Naugarh,,0.0,2024-10-07
9,Uttar Pradesh,UTTAR PRADESH,9.0,154,Amroha,AMROHA,137.0,6831,Naugawan Sadat,,0.0,2024-10-07
20,Jharkhand,झारखंड,20.0,322,Bokaro,बोकारो,355.0,2588,Nawadih,,2588.0,2024-10-07
8,Rajasthan,RAJASTHAN,8.0,106,Jhunjhunu,JHUNJHUNU,103.0,491,Nawalgarh,,491.0,2024-10-07
21,Odisha,ODISHA,21.0,361,Kendujhar,KENDUJHAR,375.0,2846,Nayakote,,2846.0,2024-10-07
33,Tamil Nadu,TAMIL NADU,33.0,590,Thiruvarur,THIRUVARUR,619.0,5807,Needamangalam,,5807.0,2024-10-07
10,Bihar,BIHAR,10.0,196,Gaya,गया,236.0,1491,Neem Chak Bathani,,1491.0,2024-10-07
36,Telangana,తెలంగాణ,0.0,509,Khammam,ఖమ్మం,541.0,4759,Nelakondapalli,నేలకొండపల్లి,4759.0,2024-10-07
28,Andhra Pradesh,ANDHRA PRADESH,28.0,521,Vizianagaram,VIZIANAGARAM,543.0,4837,Nellimarla,,4837.0,2024-10-07
28,Andhra Pradesh,ANDHRA PRADESH,28.0,515,Sri Potti Sriramulu Nellore,శ్రీ పొట్టి శ్రీరాములు నెల్లూరు,550.0,5177,Nellore Rural,Nellore Rural,5177.0,2024-10-07
28,Andhra Pradesh,ANDHRA PRADESH,28.0,515,Sri Potti Sriramulu Nellore,శ్రీ పొట్టి శ్రీరాములు నెల్లూరు,550.0,7182,Nellore Urban,Nellore Urban,0.0,2024-10-07
23,Madhya Pradesh,MADHYA PRADESH,23.0,397,Burhanpur,बुरहानपुर,467.0,3721,Nepanagar,नेपानगर,3721.0,2024-10-07
36,Telangana,తెలంగాణ,0.0,514,Nalgonda,నల్గొండ,539.0,6308,Neredugommu,నేరెడుగొమ్ము,0.0,2024-10-07
24,Gujarat,GUJARAT,24.0,442,Bharuch,BHARUCH,488.0,6170,Netrang,Netrang,0.0,2024-10-07
19,West Bengal,WEST BENGAL,19.0,321,Purulia,PURULIA,340.0,2383,Neturia,,2383.0,2024-10-07
32,Kerala,KERALA,32.0,565,Thiruvananthapuram,തിരുവനന്തപുരം,601.0,5692,Neyyattinkara,നെയ്യാറ്റിന്‍കര,5692.0,2024-10-07
13,Nagaland,NAGALAND,13.0,249,Tuensang,TUENSANG,267.0,1818,Ngoungchung,,1818.0,2024-10-07
28,Andhra Pradesh,ANDHRA PRADESH,28.0,748,Eluru,Eluru,0.0,4968,Nidamarru,,4968.0,2024-10-07
9,Uttar Pradesh,UTTAR PRADESH,9.0,159,Kheri,KHERI,153.0,797,Nighasan,,797.0,2024-10-07
13,Nagaland,NAGALAND,13.0,244,Dimapur,DIMAPUR,265.0,1795,Nihokhu,,1795.0,2024-10-07
2,Himachal Pradesh,HIMACHAL PRADESH,2.0,22,Mandi,MANDI,27.0,138,Nihri,,138.0,2024-10-07
21,Odisha,ODISHA,21.0,360,Kendrapara,KENDRAPARA,379.0,2929,Nikirai,,2929.0,2024-10-07
21,Odisha,ODISHA,21.0,346,Baleshwar,BALESHWAR,377.0,2903,Nilagiri,,2903.0,2024-10-07
18,Assam,ASSAM,18.0,293,Karimganj,KARIMGANJ,317.0,2103,Nilambazar,,2103.0,2024-10-07
27,Maharashtra,महाराष्ट्र,27.0,481,Latur,लातूर,524.0,4233,Nilanga,निलंगा,4233.0,2024-10-07
27,Maharashtra,महाराष्ट्र,27.0,487,Nashik,नाशिक,516.0,4155,Niphad,निफाड,4155.0,2024-10-07
2,Himachal Pradesh,HIMACHAL PRADESH,2.0,20,Kullu,KULLU,26.0,122,Nirmand,,122.0,2024-10-07
20,Jharkhand,झारखंड,20.0,325,Dhanbad,धनबाद,354.0,2587,Nirsa-Cum-Chirkunda,निरसा,2587.0,2024-10-07
6,Haryana,HARYANA,6.0,67,Karnal,KARNAL,74.0,6450,Nising St,निसिंग,0.0,2024-10-07
8,Rajasthan,RAJASTHAN,8.0,116,Tonk,TONK,120.0,617,Niwai,,617.0,2024-10-07
23,Madhya Pradesh,MADHYA PRADESH,23.0,393,Barwani,बड़वानी,441.0,3560,Niwali,निवाली,3560.0,2024-10-07
23,Madhya Pradesh,MADHYA PRADESH,23.0,415,Mandla,मंडला,454.0,3641,Niwas,निवास,3641.0,2024-10-07
2,Himachal Pradesh,HIMACHAL PRADESH,2.0,24,Sirmaur,SIRMAUR,32.0,168,Nohra,,168.0,2024-10-07
10,Bihar,BIHAR,10.0,215,Rohtas,रोहतास,234.0,1466,Nokha,नोखा,1466.0,2024-10-07
17,Meghalaya,MEGHALAYA,17.0,279,West Khasi Hills,WEST KHASI HILLS,296.0,1980,Nongstoin,,1980.0,2024-10-07
23,Madhya Pradesh,MADHYA PRADESH,23.0,436,Umaria,उमरिया,431.0,3486,Nowrozabad,नौरोजाबाद,3486.0,2024-10-07
1,Jammu And Kashmir,JAMMU AND KASHMIR,1.0,12,Rajouri,RAJOURI,6.0,25,Nowshera,,25.0,2024-10-07
21,Odisha,ODISHA,21.0,359,Kandhamal,KANDHAMAL,390.0,3120,Nuagaon,,3120.0,2024-10-07
28,Andhra Pradesh,ANDHRA PRADESH,28.0,751,Palnadu,Palnadu,0.0,5063,Nuzendla,,5063.0,2024-10-07
29,Karnataka,ಕರ್ನಾಟಕ,29.0,535,Davangere,ದಾವಣಗೆರೆ,567.0,7076,Nyamathi,,0.0,2024-10-07
10,Bihar,BIHAR,10.0,189,Aurangabad,औरंगाबाद,235.0,1480,Obra,ओबरा,1480.0,2024-10-07
8,Rajasthan,RAJASTHAN,8.0,99,Dungarpur,DUNGARPUR,124.0,7384,Obri,ओबरी,0.0,2024-10-07
28,Andhra Pradesh,ANDHRA PRADESH,28.0,754,Sri Sathya Sai,Sri Sathya Sai,0.0,5358,Obuladevaracheruvu,,5358.0,2024-10-07
21,Odisha,ODISHA,21.0,350,Cuttack,CUTTACK,381.0,2966,Olatapur,,2966.0,2024-10-07
13,Nagaland,NAGALAND,13.0,246,Mokokchung,MOKOKCHUNG,262.0,5989,Ongpangkong (N),,0.0,2024-10-07
20,Jharkhand,झारखंड,20.0,339,Ranchi,रांची,364.0,2685,Ormanjhi,,2685.0,2024-10-07
28,Andhra Pradesh,ANDHRA PRADESH,28.0,511,Kurnool,KURNOOL,552.0,5268,Orvakal,,5268.0,2024-10-07
8,Rajasthan,RAJASTHAN,8.0,778,Jodhpur (Gramin),जोधपुर (ग्रामीण),,568,Osian,,568.0,2024-10-07
27,Maharashtra,महाराष्ट्र,27.0,478,Jalgaon,जळगाव,499.0,3973,Pachora,पाचोरा,3973.0,2024-10-07
8,Rajasthan,RAJASTHAN,8.0,775,Balotra,बालोतरा,,579,Pachpadra,पचपदरा,579.0,2024-10-07
8,Rajasthan,RAJASTHAN,8.0,105,Jhalawar,JHALAWAR,129.0,682,Pachpahar,,682.0,2024-10-07
36,Telangana,తెలంగాణ,0.0,694,Nagarkurnool,నాగర్ కర్నూల్,0.0,6294,Padara,పదర,0.0,2024-10-07
28,Andhra Pradesh,ANDHRA PRADESH,28.0,745,Alluri Sitharama Raju,Alluri Sitharama Raju,0.0,4847,Paderu,,4847.0,2024-10-07
21,Odisha,ODISHA,21.0,370,Rayagada,RAYAGADA,396.0,3185,Padmapur,,3185.0,2024-10-07
28,Andhra Pradesh,ANDHRA PRADESH,28.0,755,Nandyal,Nandyal,0.0,5261,Pagidyala,,5261.0,2024-10-07
9,Uttar Pradesh,UTTAR PRADESH,9.0,128,Banda,BANDA,170.0,6157,Pailani,Pailani,0.0,2024-10-07
2,Himachal Pradesh,HIMACHAL PRADESH,2.0,24,Sirmaur,SIRMAUR,32.0,6955,Pajhota,,0.0,2024-10-07
12,Arunachal Pradesh,ARUNACHAL PRADESH,12.0,723,Pakke Kessang,PAKKE KESSANG,0.0,1581,Pakke Kessang Eac,,1581.0,2024-10-07
28,Andhra Pradesh,ANDHRA PRADESH,28.0,523,West Godavari,పశ్చిమగోదావరి,546.0,4988,Palacole,,4988.0,2024-10-07
33,Tamil Nadu,TAMIL NADU,33.0,572,Dindigul,DINDIGUL,612.0,5760,Palani,,5760.0,2024-10-07
27,Maharashtra,महाराष्ट्र,27.0,665,Palghar,पालघर,0.0,4163,Palghar,पालघर,4163.0,2024-10-07
24,Gujarat,GUJARAT,24.0,443,Bhavnagar,BHAVNAGAR,481.0,3858,Palitana,,3858.0,2024-10-07
33,Tamil Nadu,TAMIL NADU,33.0,634,Tiruppur,TIRUPPUR,633.0,5905,Palladam,,5905.0,2024-10-07
33,Tamil Nadu,TAMIL NADU,33.0,730,Chengalpattu,செங்கல்பட்டு,0.0,6629,Pallavaram,பல்லாவரம்,0.0,2024-10-07
33,Tamil Nadu,TAMIL NADU,33.0,589,Thiruvallur,THIRUVALLUR,602.0,5697,Pallipattu,,5697.0,2024-10-07
8,Rajasthan,RAJASTHAN,8.0,101,Hanumangarh,HANUMANGARH,100.0,7213,Pallu,पल्लू,0.0,2024-10-07
6,Haryana,HARYANA,6.0,619,Palwal,,89.0,427,Palwal,,427.0,2024-10-07
28,Andhra Pradesh,ANDHRA PRADESH,28.0,510,Krishna,KRISHNA,547.0,5028,Pamarru,,5028.0,2024-10-07
22,Chhattisgarh,छत्तीसगढ़,22.0,379,Janjgir-Champa,जांजगीर - चाम्पा,405.0,3283,Pamgarh,,3283.0,2024-10-07
28,Andhra Pradesh,ANDHRA PRADESH,28.0,502,Ananthapuramu,అనంతపురము,553.0,5315,Pamidi,,5315.0,2024-10-07
28,Andhra Pradesh,ANDHRA PRADESH,28.0,517,Prakasam,PRAKASAM,549.0,5146,Pamur,,5146.0,2024-10-07
6,Haryana,HARYANA,6.0,70,Panchkula,PANCHKULA,69.0,357,Panchkula,,357.0,2024-10-07
10,Bihar,BIHAR,10.0,212,Patna,पटना,230.0,1418,Pandarak,पंडारक,1418.0,2024-10-07
29,Karnataka,ಕರ್ನಾಟಕ,29.0,544,Mandya,ಮಂಡ್ಯ,573.0,5548,Pandavapura,ಪಾಂಡವಪುರ,5548.0,2024-10-07
21,Odisha,ODISHA,21.0,356,Jajapur,JAJAPUR,382.0,2976,Panikoili,,2976.0,2024-10-07
2,Himachal Pradesh,HIMACHAL PRADESH,2.0,25,Solan,SOLAN,31.0,6940,Panjehra,,0.0,2024-10-07
20,Jharkhand,झारखंड,20.0,338,Palamu,पलामू,358.0,2630,Panki,,2630.0,2024-10-07
23,Madhya Pradesh,MADHYA PRADESH,23.0,420,Panna,पन्ना,426.0,3436,Panna,पन्ना,3436.0,2024-10-07
19,West Bengal,WEST BENGAL,19.0,317,Purba Medinipur,PURBA MEDINIPUR,345.0,2470,Panskura,,2470.0,2024-10-07
14,Manipur,MANIPUR,14.0,257,Senapati,SENAPATI,272.0,1859,Paomata,,1859.0,2024-10-07
21,Odisha,ODISHA,21.0,366,Nabarangpur,NABARANGPUR,397.0,3193,Paparahandi,,3193.0,2024-10-07
12,Arunachal Pradesh,ARUNACHAL PRADESH,12.0,237,Papum Pare,PAPUM PARE,248.0,1602,Parang Circle,Parang Circle,1602.0,2024-10-07
32,Kerala,KERALA,32.0,555,Ernakulam,എറണാകുളം,595.0,5659,Paravur,നോര്‍ത്ത് പറവൂര്‍,5659.0,2024-10-07
28,Andhra Pradesh,ANDHRA PRADESH,28.0,750,Bapatla,Bapatla,0.0,5108,Parchur,,5108.0,2024-10-07
28,Andhra Pradesh,ANDHRA PRADESH,28.0,754,Sri Sathya Sai,Sri Sathya Sai,0.0,5355,Parigi,,5355.0,2024-10-07
27,Maharashtra,महाराष्ट्र,27.0,478,Jalgaon,जळगाव,499.0,3970,Parola,पारोळा,3970.0,2024-10-07
27,Maharashtra,महाराष्ट्र,27.0,484,Nagpur,नागपूर,505.0,4027,Parseoni,पारशिवनी,4027.0,2024-10-07
20,Jharkhand,झारखंड,20.0,327,East Singhbum,पूर्वी सिंघभूम,357.0,2604,Patamda,,2604.0,2024-10-07
24,Gujarat,GUJARAT,24.0,455,Patan,PATAN,470.0,3747,Patan,,3747.0,2024-10-07
23,Madhya Pradesh,MADHYA PRADESH,23.0,411,Jabalpur,जबलपुर,451.0,3629,Patan,पाटन,3629.0,2024-10-07
10,Bihar,BIHAR,10.0,224,Vaishali,वैशाली,220.0,1269,Paterhi Belsar,पतेर्ही बेलसर,1269.0,2024-10-07
20,Jharkhand,झारखंड,20.0,330,Godda,गोड्डा,351.0,2559,Pathargama,,2559.0,2024-10-07
23,Madhya Pradesh,MADHYA PRADESH,23.0,393,Barwani,बड़वानी,441.0,3555,Pati,पाटी,3555.0,2024-10-07
9,Uttar Pradesh,UTTAR PRADESH,9.0,633,Kasganj,Kasganj,202.0,1012,Patiyali,,1012.0,2024-10-07
21,Odisha,ODISHA,21.0,360,Kendrapara,KENDRAPARA,379.0,2931,Patkura,,2931.0,2024-10-07
10,Bihar,BIHAR,10.0,212,Patna,पटना,230.0,1400,Patna Rural,पटना,1400.0,2024-10-07
28,Andhra Pradesh,ANDHRA PRADESH,28.0,511,Kurnool,KURNOOL,552.0,5290,Pattikonda,,5290.0,2024-10-07
12,Arunachal Pradesh,ARUNACHAL PRADESH,12.0,233,Kurung Kumey,KURUNG KUMEY,256.0,6140,Patuk Adc,PATUK ADC,0.0,2024-10-07
9,Uttar Pradesh,UTTAR PRADESH,9.0,125,Bahraich,BAHRAICH,180.0,6861,Payagpur,,0.0,2024-10-07
28,Andhra Pradesh,ANDHRA PRADESH,28.0,517,Prakasam,PRAKASAM,549.0,5144,Pedacherlo Palle,,5144.0,2024-10-07
28,Andhra Pradesh,ANDHRA PRADESH,28.0,748,Eluru,Eluru,0.0,4965,Pedapadu,,4965.0,2024-10-07
36,Telangana,తెలంగాణ,0.0,694,Nagarkurnool,నాగర్ కర్నూల్,0.0,4599,Peddakothapally,పెద్దకొత్తపల్లి,4599.0,2024-10-07
36,Telangana,తెలంగాణ,0.0,682,Peddapalli,పెద్దపల్లి,0.0,4408,Peddapalli,పెద్దపల్లి,4408.0,2024-10-07
28,Andhra Pradesh,ANDHRA PRADESH,28.0,503,Chittoor,CHITTOOR,554.0,5416,Peddapanjani,,5416.0,2024-10-07
36,Telangana,తెలంగాణ,0.0,681,Jagitial,జగిత్యాల,0.0,4421,Pegadapalli,పెగడపల్లి,4421.0,2024-10-07
6,Haryana,HARYANA,6.0,68,Kurukshetra,KURUKSHETRA,72.0,365,Pehowa,,365.0,2024-10-07
28,Andhra Pradesh,ANDHRA PRADESH,28.0,523,West Godavari,పశ్చిమగోదావరి,546.0,4969,Pentapadu,,4969.0,2024-10-07
28,Andhra Pradesh,ANDHRA PRADESH,28.0,523,West Godavari,పశ్చిమగోదావరి,546.0,4978,Penumantra,,4978.0,2024-10-07
33,Tamil Nadu,TAMIL NADU,33.0,568,Chennai,CHENNAI,603.0,7166,Perambur,பெரம்புர்,0.0,2024-10-07
33,Tamil Nadu,TAMIL NADU,33.0,586,Thanjavur,THANJAVUR,620.0,5817,Peravurani,,5817.0,2024-10-07
30,Goa,GOA,30.0,551,North Goa,NORTH GOA,585.0,5609,Pernem,,5609.0,2024-10-07
20,Jharkhand,झारखंड,20.0,322,Bokaro,बोकारो,355.0,2592,Peterwar,,2592.0,2024-10-07
33,Tamil Nadu,TAMIL NADU,33.0,584,Salem,SALEM,608.0,6618,Pethanaickanpalayam,பெத்தநாய்க்கன்பாளையம்,0.0,2024-10-07
23,Madhya Pradesh,MADHYA PRADESH,23.0,412,Jhabua,झाबुआ,464.0,3707,Petlawad,पेटलावद,3707.0,2024-10-07
13,Nagaland,NAGALAND,13.0,248,Phek,PHEK,266.0,1809,Pfutsero,,1809.0,2024-10-07
8,Rajasthan,RAJASTHAN,8.0,769,Dudu,दूदू,,544,Phagi,,544.0,2024-10-07
22,Chhattisgarh,छत्तीसगढ़,22.0,643,Kondagaon,कोंडागांव,0.0,3359,Pharasgaon,Pharasgaon,3359.0,2024-10-07
28,Andhra Pradesh,ANDHRA PRADESH,28.0,506,Guntur,GUNTUR,548.0,5072,Phirangipuram,,5072.0,2024-10-07
10,Bihar,BIHAR,10.0,206,Madhubani,मधुबनी,207.0,1087,Phulparas,फुलपरास,1087.0,2024-10-07
23,Madhya Pradesh,MADHYA PRADESH,23.0,432,Shivpuri,शिवपुरी,423.0,3413,Pichhore,पिछौर,3413.0,2024-10-07
8,Rajasthan,RAJASTHAN,8.0,101,Hanumangarh,HANUMANGARH,100.0,469,Pilibanga,,469.0,2024-10-07
6,Haryana,HARYANA,6.0,65,Jind,JIND,77.0,6445,Pillukhera St,पिल्लूखेड़ा,0.0,2024-10-07
9,Uttar Pradesh,UTTAR PRADESH,9.0,187,Varanasi,VARANASI,197.0,995,Pindra,,995.0,2024-10-07
8,Rajasthan,RAJASTHAN,8.0,109,Kota,KOTA,127.0,665,Pipalda,,665.0,2024-10-07
10,Bihar,BIHAR,10.0,204,Lakhisarai,लखीसराय,227.0,1366,Pipariya,पिपरिया,1366.0,2024-10-07
10,Bihar,BIHAR,10.0,220,Sheohar,शिवहर,205.0,1059,Piprarhi,पिपराही,1059.0,2024-10-07
12,Arunachal Pradesh,ARUNACHAL PRADESH,12.0,236,Lower Subansiri,LOWER SUBANSIRI,255.0,6119,Pistana Circle,Pistana Circle,0.0,2024-10-07
22,Chhattisgarh,छत्तीसगढ़,22.0,385,Mahasamund,महासमुंद,411.0,3342,Pithora,,3342.0,2024-10-07
23,Madhya Pradesh,MADHYA PRADESH,23.0,432,Shivpuri,शिवपुरी,423.0,3407,Pohri,पोहरी,3407.0,2024-10-07
8,Rajasthan,RAJASTHAN,8.0,103,Jaisalmer,JAISALMER,114.0,575,Pokaran,,575.0,2024-10-07
27,Maharashtra,महाराष्ट्र,27.0,491,Raigad,रायगड,520.0,4186,Poladpur,पोलादपूर,4186.0,2024-10-07
28,Andhra Pradesh,ANDHRA PRADESH,28.0,748,Eluru,Eluru,0.0,4949,Polavaram,,4949.0,2024-10-07
33,Tamil Nadu,TAMIL NADU,33.0,569,Coimbatore,COIMBATORE,632.0,5899,Pollachi,,5899.0,2024-10-07
33,Tamil Nadu,TAMIL NADU,33.0,593,Tiruvannamalai,TIRUVANNAMALAI,606.0,5724,Polur,,5724.0,2024-10-07
33,Tamil Nadu,TAMIL NADU,33.0,589,Thiruvallur,THIRUVALLUR,602.0,5694,Ponneri,,5694.0,2024-10-07
28,Andhra Pradesh,ANDHRA PRADESH,28.0,521,Vizianagaram,VIZIANAGARAM,543.0,4838,Poosapatirega,పూసపాటిరెగ,4838.0,2024-10-07
24,Gujarat,GUJARAT,24.0,456,Porbandar,PORBANDAR,478.0,3822,Porbandar,,3822.0,2024-10-07
23,Madhya Pradesh,MADHYA PRADESH,23.0,417,Morena,मुरैना,419.0,3386,Porsa,पोरसा,3386.0,2024-10-07
21,Odisha,ODISHA,21.0,363,Koraput,KORAPUT,398.0,3218,Pottangi,,3218.0,2024-10-07
23,Madhya Pradesh,MADHYA PRADESH,23.0,394,Betul,बैतूल,447.0,7022,Prabhatpttan,प्रभातपट्टन,0.0,2024-10-07
24,Gujarat,GUJARAT,24.0,458,Sabar Kantha,SABAR KANTHA,472.0,3767,Prantij,,3767.0,2024-10-07
28,Andhra Pradesh,ANDHRA PRADESH,28.0,504,Y.S.R.,,551.0,5214,Proddutur,ప్రొద్దుటూరు,5214.0,2024-10-07
33,Tamil Nadu,TAMIL NADU,33.0,582,Pudukkottai,PUDUKKOTTAI,621.0,5821,Pudukkottai,,5821.0,2024-10-07
13,Nagaland,NAGALAND,13.0,251,Zunheboto,ZUNHEBOTO,263.0,1775,Pughoboto,,1775.0,2024-10-07
2,Himachal Pradesh,HIMACHAL PRADESH,2.0,16,Chamba,CHAMBA,23.0,6942,Pukhri,,0.0,2024-10-07
28,Andhra Pradesh,ANDHRA PRADESH,28.0,504,Y.S.R.,,551.0,5219,Pulivendula,పులివెందుల,5219.0,2024-10-07
12,Arunachal Pradesh,ARUNACHAL PRADESH,12.0,666,Longding,LONGDING,0.0,6584,Pumao Circle,,0.0,2024-10-07
28,Andhra Pradesh,ANDHRA PRADESH,28.0,503,Chittoor,CHITTOOR,554.0,5415,Punganuru,Punganuru,5415.0,2024-10-07
7,Delhi,DELHI,7.0,85,West,WEST,96.0,450,Punjabi Bagh,,450.0,2024-10-07
17,Meghalaya,MEGHALAYA,17.0,663,South West Garo Hills,SOUTH WEST GARO HILLS,0.0,7418,Purakhasia,Purakhasia,0.0,2024-10-07
27,Maharashtra,महाराष्ट्र,27.0,490,Pune,पुणे,521.0,4196,Purandhar,पुरंदर,4196.0,2024-10-07
9,Uttar Pradesh,UTTAR PRADESH,9.0,173,Pilibhit,PILIBHIT,151.0,792,Puranpur,,792.0,2024-10-07
20,Jharkhand,झारखंड,20.0,325,Dhanbad,धनबाद,354.0,2580,Purbi Tundi*,पूर्वी टुंडी,2580.0,2024-10-07
19,West Bengal,WEST BENGAL,19.0,321,Purulia,PURULIA,340.0,2379,Purulia - II,,2379.0,2024-10-07
22,Chhattisgarh,छत्तीसगढ़,22.0,386,Raigarh,रायगढ़,403.0,3268,Pusour,पुसौर,3268.0,2024-10-07
21,Odisha,ODISHA,21.0,370,Rayagada,RAYAGADA,396.0,3186,Puttasing,,3186.0,2024-10-07
1,Jammu And Kashmir,JAMMU AND KASHMIR,1.0,8,Kupwara,KUPWARA,1.0,7205,Qalamabad,Qalamabad,0.0,2024-10-07
30,Goa,GOA,30.0,552,South Goa,SOUTH GOA,586.0,5617,Quepem,,5617.0,2024-10-07
29,Karnataka,ಕರ್ನಾಟಕ,29.0,524,Bagalkote,ಬಾಗಲಕೋಟೆ,556.0,7063,Rabakavi Banahatti,,0.0,2024-10-07
6,Haryana,HARYANA,6.0,76,Yamunanagar,YAMUNANAGAR,71.0,6474,Radaur,रादौर,0.0,2024-10-07
10,Bihar,BIHAR,10.0,223,Supaul,सुपौल,208.0,1105,Raghopur,राघोपुर,1105.0,2024-10-07
10,Bihar,BIHAR,10.0,224,Vaishali,वैशाली,220.0,1279,Raghopur,राघोपुर,1279.0,2024-10-07
22,Chhattisgarh,छत्तीसगढ़,22.0,649,Balrampur-Ramanujganj,बलरामपुर-रामानुजगंज,0.0,7257,Raghunathnagar,RAGHUNATHNAGAR,0.0,2024-10-07
19,West Bengal,WEST BENGAL,19.0,321,Purulia,PURULIA,340.0,2381,Raghunathpur - II,,2381.0,2024-10-07
27,Maharashtra,महाराष्ट्र,27.0,466,Ahmednagar,अहमदनगर,522.0,4204,Rahta,रहाता,4204.0,2024-10-07
27,Maharashtra,महाराष्ट्र,27.0,466,Ahmednagar,अहमदनगर,522.0,4210,Rahuri,राहुरी,4210.0,2024-10-07
8,Rajasthan,RAJASTHAN,8.0,97,Dausa,DAUSA,109.0,6932,Rahuwas,राहुवास,0.0,2024-10-07
29,Karnataka,ಕರ್ನಾಟಕ,29.0,546,Raichur,ರಾಯಚೂರು,559.0,5461,Raichur,ರಾಯಚೂರು,5461.0,2024-10-07
3,Punjab,PUNJAB,3.0,36,Ludhiana,ਲੂਿਧਆਣਾ,41.0,229,Raikot,,229.0,2024-10-07
8,Rajasthan,RAJASTHAN,8.0,774,Beawar,ब्‍यावर,,598,Raipur,,598.0,2024-10-07
23,Madhya Pradesh,MADHYA PRADESH,23.0,424,Rewa,रीवा,430.0,3480,Raipur Karchuliyan,रायपुर कर्चुलियान,3480.0,2024-10-07
21,Odisha,ODISHA,21.0,365,Mayurbhanj,MAYURBHANJ,376.0,2861,Rairangpur Town,,2861.0,2024-10-07
8,Rajasthan,RAJASTHAN,8.0,94,Bundi,BUNDI,121.0,7359,Raithal,रायथल,0.0,2024-10-07
8,Rajasthan,RAJASTHAN,8.0,98,Dholpur,DHOLPUR,106.0,519,Rajakhera,,519.0,2024-10-07
8,Rajasthan,RAJASTHAN,8.0,96,Churu,CHURU,102.0,7388,Rajaldesar,राजलदेसर,0.0,2024-10-07
36,Telangana,తెలంగాణ,0.0,685,Kamareddy,కామారెడ్డి,0.0,6241,Rajampet,రాజంపెట్,0.0,2024-10-07
10,Bihar,BIHAR,10.0,224,Vaishali,वैशाली,220.0,1277,Raja Pakar,रजा पाकर,1277.0,2024-10-07
9,Uttar Pradesh,UTTAR PRADESH,9.0,136,Chitrakoot,CHITRAKOOT,171.0,6156,Rajapur,,0.0,2024-10-07
36,Telangana,తెలంగాణ,0.0,512,Mahabubnagar,మహబూబ్ నగర్,538.0,6261,Rajapur,రాజాపూర్,0.0,2024-10-07
33,Tamil Nadu,TAMIL NADU,33.0,583,Ramanathapuram,RAMANATHAPURAM,626.0,6653,Rajasingamangalam,இராஜசிங்கமங்கலம்,0.0,2024-10-07
19,West Bengal,WEST BENGAL,19.0,314,Jalpaiguri,JALPAIGURI,328.0,2166,Rajganj,,2166.0,2024-10-07
8,Rajasthan,RAJASTHAN,8.0,96,Churu,CHURU,102.0,482,Rajgarh,,482.0,2024-10-07
21,Odisha,ODISHA,21.0,360,Kendrapara,KENDRAPARA,379.0,2922,Rajkanika,,2922.0,2024-10-07
24,Gujarat,GUJARAT,24.0,457,Rajkot,RAJKOT,476.0,6520,Rajkot East,,0.0,2024-10-07
22,Chhattisgarh,छत्तीसगढ़,22.0,388,Rajnandgaon,राजनंदगांव,408.0,3305,Rajnandgaon,,3305.0,2024-10-07
22,Chhattisgarh,छत्तीसगढ़,22.0,649,Balrampur-Ramanujganj,बलरामपुर-रामानुजगंज,0.0,3250,Rajpur,राजपुर,3250.0,2024-10-07
24,Gujarat,GUJARAT,24.0,439,Amreli,AMRELI,480.0,3849,Rajula,,3849.0,2024-10-07
13,Nagaland,NAGALAND,13.0,250,Wokha,WOKHA,264.0,1787,Ralan,,1787.0,2024-10-07
21,Odisha,ODISHA,21.0,369,Puri,PURI,387.0,3063,Ramachandi,,3063.0,2024-10-07
21,Odisha,ODISHA,21.0,353,Gajapati,GAJAPATI,389.0,3109,Ramagiri,,3109.0,2024-10-07
33,Tamil Nadu,TAMIL NADU,33.0,583,Ramanathapuram,RAMANATHAPURAM,626.0,5860,Ramanathapuram,,5860.0,2024-10-07
1,Jammu And Kashmir,JAMMU AND KASHMIR,1.0,621,Ramban,RAMBAN,17.0,67,Ramban,,67.0,2024-10-07
21,Odisha,ODISHA,21.0,354,Ganjam,GANJAM,388.0,3084,Rambha,,3084.0,2024-10-07
33,Tamil Nadu,TAMIL NADU,33.0,583,Ramanathapuram,RAMANATHAPURAM,626.0,5861,Rameswaram,,5861.0,2024-10-07
5,Uttarakhand,UTTARAKHAND,5.0,51,Nainital,NAINITAL,66.0,6353,Ramgarh,,0.0,2024-10-07
8,Rajasthan,RAJASTHAN,8.0,103,Jaisalmer,JAISALMER,114.0,7216,Ramgarh,रामगढ़,0.0,2024-10-07
20,Jharkhand,झारखंड,20.0,328,Garhwa,गढ़वा,346.0,2512,Ramkanda,रामकंडा,2512.0,2024-10-07
18,Assam,ASSAM,18.0,293,Karimganj,KARIMGANJ,317.0,2105,Ramkrishna Nagar,,2105.0,2024-10-07
20,Jharkhand,झारखंड,20.0,328,Garhwa,गढ़वा,346.0,2501,Ramna,रमना,2501.0,2024-10-07
19,West Bengal,WEST BENGAL,19.0,317,Purba Medinipur,PURBA MEDINIPUR,345.0,2493,Ramnagar - I,,2493.0,2024-10-07
2,Himachal Pradesh,HIMACHAL PRADESH,2.0,23,Shimla,SHIMLA,33.0,177,Rampur,,177.0,2024-10-07
21,Odisha,ODISHA,21.0,372,Sonepur,SONEPUR,392.0,3134,Rampur,,3134.0,2024-10-07
23,Madhya Pradesh,MADHYA PRADESH,23.0,419,Neemuch,नीमच,432.0,7032,Rampura,रामपुरा,0.0,2024-10-07
3,Punjab,PUNJAB,3.0,28,Bathinda,BATHINDA,46.0,244,Rampura Phul,ਰਾਮਪੁਰਾ ਫੁਲ,244.0,2024-10-07
9,Uttar Pradesh,UTTAR PRADESH,9.0,177,Saharanpur,SAHARANPUR,132.0,705,Rampur Maniharan,,705.0,2024-10-07
2,Himachal Pradesh,HIMACHAL PRADESH,2.0,25,Solan,SOLAN,31.0,160,Ramshahr,,160.0,2024-10-07
19,West Bengal,WEST BENGAL,19.0,320,Nadia,NADIA,336.0,2313,Ranaghat - II,,2313.0,2024-10-07
18,Assam,ASSAM,18.0,291,Kamrup,KAMRUP,321.0,5934,Rangia,ৰঙিয়া,0.0,2024-10-07
19,West Bengal,WEST BENGAL,19.0,305,Bankura,BANKURA,339.0,2375,Ranibandh,রানীবাঁধ,2375.0,2024-10-07
5,Uttarakhand,UTTARAKHAND,5.0,45,Almora,ALMORA,64.0,328,Ranikhet,,328.0,2024-10-07
19,West Bengal,WEST BENGAL,19.0,319,Murshidabad,MURSHIDABAD,333.0,2233,Raninagar - II,,2233.0,2024-10-07
23,Madhya Pradesh,MADHYA PRADESH,23.0,423,Ratlam,रतलाम,434.0,3506,Raoti,रावटी,3506.0,2024-10-07
8,Rajasthan,RAJASTHAN,8.0,95,Chittorgarh,CHITTORGARH,126.0,655,Rashmi,,655.0,2024-10-07
21,Odisha,ODISHA,21.0,352,Dhenkanal,DHENKANAL,383.0,2998,Rasol,,2998.0,2024-10-07
27,Maharashtra,महाराष्ट्र,27.0,492,Ratnagiri,रत्नागिरी,528.0,4271,Ratnagiri,रत्नागिरी,4271.0,2024-10-07
29,Karnataka,ಕರ್ನಾಟಕ,29.0,540,Haveri,ಹಾವೇರಿ,564.0,7106,Rattihalli,,0.0,2024-10-07
19,West Bengal,WEST BENGAL,19.0,316,Malda,MALDA,332.0,2212,Ratua - I,,2212.0,2024-10-07
8,Rajasthan,RAJASTHAN,8.0,776,Anupgarh,अनूपगढ़,,6915,Ravla,रावला,0.0,2024-10-07
36,Telangana,తెలంగాణ,0.0,522,Warangal,వరంగల్,540.0,4703,Rayaparthy,రాయపర్తి,4703.0,2024-10-07
36,Telangana,తెలంగాణ,0.0,699,Kumuram Bheem Asifabad,కుమురం భీమ్ ఆసిఫాబాద్,0.0,4327,Rebbena,రెబ్బెన,4327.0,2024-10-07
28,Andhra Pradesh,ANDHRA PRADESH,28.0,521,Vizianagaram,VIZIANAGARAM,543.0,4786,Regidi Amadalavalasa,,4786.0,2024-10-07
22,Chhattisgarh,छत्तीसगढ़,22.0,382,Kabeerdham,कबीरधाम,407.0,7272,Rengakharkala,रेंगाखारकला,0.0,2024-10-07
17,Meghalaya,MEGHALAYA,17.0,656,North Garo Hills,NORTH GARO HILLS,0.0,1970,Resubelpara,,1970.0,2024-10-07
12,Arunachal Pradesh,ARUNACHAL PRADESH,12.0,679,Siang,,0.0,1644,Riga Eac,,1644.0,2024-10-07
5,Uttarakhand,UTTARAKHAND,5.0,52,Pauri Garhwal,PAURI GARHWAL,61.0,6355,Rikhanikhal,,0.0,2024-10-07
27,Maharashtra,महाराष्ट्र,27.0,499,Washim,वाशिम,502.0,4000,Risod,रिसोड,4000.0,2024-10-07
8,Rajasthan,RAJASTHAN,8.0,110,Nagaur,NAGAUR,112.0,6069,Riyan Badi,RIYAN BADI,0.0,2024-10-07
28,Andhra Pradesh,ANDHRA PRADESH,28.0,754,Sri Sathya Sai,Sri Sathya Sai,0.0,5349,Roddam,,5349.0,2024-10-07
17,Meghalaya,MEGHALAYA,17.0,278,West Garo Hills,WEST GARO HILLS,293.0,1965,Rongram,,1965.0,2024-10-07
21,Odisha,ODISHA,21.0,353,Gajapati,GAJAPATI,389.0,3102,R.Udayagiri,,3102.0,2024-10-07
9,Uttar Pradesh,UTTAR PRADESH,9.0,137,Deoria,DEORIA,190.0,960,Rudrapur,,960.0,2024-10-07
12,Arunachal Pradesh,ARUNACHAL PRADESH,12.0,232,East Siang,EAST SIANG,251.0,1653,Ruksin Adc,Ruksin ADC,1653.0,2024-10-07
8,Rajasthan,RAJASTHAN,8.0,91,Bharatpur,BHARATPUR,105.0,514,Rupbas,,514.0,2024-10-07
23,Madhya Pradesh,MADHYA PRADESH,23.0,417,Morena,मुरैना,419.0,3390,Sabalgarh,सबलगढ़,3390.0,2024-10-07
27,Maharashtra,महाराष्ट्र,27.0,476,Gondia,गोंदीया,507.0,4049,Sadak-Arjuni,सडक अर्जुनी,4049.0,2024-10-07
9,Uttar Pradesh,UTTAR PRADESH,9.0,162,Lucknow,LUCKNOW,157.0,821,Sadar,Sadar,821.0,2024-10-07
21,Odisha,ODISHA,21.0,358,Kalahandi,KALAHANDI,395.0,3164,Sadar,,3164.0,2024-10-07
19,West Bengal,WEST BENGAL,19.0,304,South 24 Parganas,SOUTH 24 Parganas,343.0,2438,Sagar,,2438.0,2024-10-07
9,Uttar Pradesh,UTTAR PRADESH,9.0,123,Azamgarh,AZAMGARH,191.0,965,Sagri,,965.0,2024-10-07
6,Haryana,HARYANA,6.0,58,Ambala,AMBALA,70.0,6429,Saha St,साहा,0.0,2024-10-07
23,Madhya Pradesh,MADHYA PRADESH,23.0,418,Narsimhapur,नरसिंहपुर,452.0,7003,Saikheda,सांईंखेड़ा,0.0,2024-10-07
23,Madhya Pradesh,MADHYA PRADESH,23.0,423,Ratlam,रतलाम,434.0,3504,Sailana,सैलाना,3504.0,2024-10-07
17,Meghalaya,MEGHALAYA,17.0,657,East Jaintia Hills,EAST JAINTIA HILLS,0.0,2000,Saipung,,2000.0,2024-10-07
33,Tamil Nadu,TAMIL NADU,33.0,584,Salem,SALEM,608.0,5740,Salem,,5740.0,2024-10-07
21,Odisha,ODISHA,21.0,350,Cuttack,CUTTACK,381.0,2957,Salepur,,2957.0,2024-10-07
22,Chhattisgarh,छत्तीसगढ़,22.0,759,Khairagarh-Chhuikhadan-Gandai,खैरागढ़-छुईखदान-गंडई,0.0,7294,Salhewara,साल्हेवारा,0.0,2024-10-07
1,Jammu And Kashmir,JAMMU AND KASHMIR,1.0,1,Anantnag,ANANTNAG,14.0,6818,Sallar,Sallar,0.0,2024-10-07
28,Andhra Pradesh,ANDHRA PRADESH,28.0,743,Parvathipuram Manyam,Parvathipuram Manyam,0.0,4817,Salur,,4817.0,2024-10-07
18,Assam,ASSAM,18.0,297,Nagaon,NAGAON,305.0,2032,Samaguri,,2032.0,2024-10-07
10,Bihar,BIHAR,10.0,217,Samastipur,समस्तीपुर,221.0,1288,Samastipur,समस्तीपुर,1288.0,2024-10-07
28,Andhra Pradesh,ANDHRA PRADESH,28.0,753,Annamayya,Annamayya,0.0,5237,Sambepalle,,5237.0,2024-10-07
9,Uttar Pradesh,UTTAR PRADESH,9.0,659,Sambhal,SAMBHAL,0.0,721,Sambhal,,721.0,2024-10-07
19,West Bengal,WEST BENGAL,19.0,304,South 24 Parganas,SOUTH 24 Parganas,343.0,2417,Sanarpur,সোনারপুর,2417.0,2024-10-07
8,Rajasthan,RAJASTHAN,8.0,779,Sanchore,सांचौर,,590,Sanchore,,590.0,2024-10-07
2,Himachal Pradesh,HIMACHAL PRADESH,2.0,22,Mandi,MANDI,27.0,126,Sandhol,,126.0,2024-10-07
29,Karnataka,ಕರ್ನಾಟಕ,29.0,528,Ballari,ಬಳ್ಳಾರಿ,565.0,5501,Sandur,ಸಂಡೂರು,5501.0,2024-10-07
8,Rajasthan,RAJASTHAN,8.0,102,Jaipur,JAIPUR,110.0,545,Sanganer,,545.0,2024-10-07
15,Mizoram,MIZORAM,15.0,264,Lawngtlai,LAWNGTLAI,287.0,1919,Sangau,,1919.0,2024-10-07
12,Arunachal Pradesh,ARUNACHAL PRADESH,12.0,237,Papum Pare,PAPUM PARE,248.0,6600,Sangdupota Basar Nello Circle,Sangdupota Basar Nello Circle,0.0,2024-10-07
27,Maharashtra,महाराष्ट्र,27.0,496,Solapur,सोलापूर,526.0,4251,Sangole,सांगोले,4251.0,2024-10-07
13,Nagaland,NAGALAND,13.0,250,Wokha,WOKHA,264.0,1785,Sanis,,1785.0,2024-10-07
28,Andhra Pradesh,ANDHRA PRADESH,28.0,521,Vizianagaram,VIZIANAGARAM,543.0,4795,Santhakaviti,,4795.0,2024-10-07
24,Gujarat,GUJARAT,24.0,669,Mahisagar,મહિસાગર,0.0,3881,Santrampur,,3881.0,2024-10-07
19,West Bengal,WEST BENGAL,19.0,321,Purulia,PURULIA,340.0,2384,Santuri,,2384.0,2024-10-07
20,Jharkhand,झारखंड,20.0,326,Dumka,दुमका,362.0,2666,Saraiyahat,,2666.0,2024-10-07
21,Odisha,ODISHA,21.0,359,Kandhamal,KANDHAMAL,390.0,3117,Sarangagarh,,3117.0,2024-10-07
22,Chhattisgarh,छत्तीसगढ़,22.0,763,Sarangarh-Bilaigarh,सारंगढ़-बिलाईगढ़,0.0,3270,Sarangarh,सारंगढ़,3270.0,2024-10-07
22,Chhattisgarh,छत्तीसगढ़,22.0,647,Mungeli,मुंगेली,0.0,7326,Sargaon,सरगांव,0.0,2024-10-07
28,Andhra Pradesh,ANDHRA PRADESH,28.0,519,Srikakulam,SRIKAKULAM,542.0,4793,Sarubujjili,,4793.0,2024-10-07
36,Telangana,తెలంగాణ,0.0,509,Khammam,ఖమ్మం,541.0,4751,Sathupalli,సత్తుపల్లి,4751.0,2024-10-07
23,Madhya Pradesh,MADHYA PRADESH,23.0,402,Dewas,देवास,437.0,3528,Satwas,सतवास,3528.0,2024-10-07
24,Gujarat,GUJARAT,24.0,439,Amreli,AMRELI,480.0,3846,Savar Kundla,,3846.0,2024-10-07
24,Gujarat,GUJARAT,24.0,461,Vadodara,VADODARA,486.0,3897,Savli,,3897.0,2024-10-07
8,Rajasthan,RAJASTHAN,8.0,113,Sawai Madhopur,SAWAI MADHOPUR,108.0,531,Sawai Madhopur,,531.0,2024-10-07
27,Maharashtra,महाराष्ट्र,27.0,495,Sindhudurg,सिंधुदुर्ग,529.0,4281,Sawantwadi,सावंतवाडी,4281.0,2024-10-07
14,Manipur,MANIPUR,14.0,255,Imphal East,IMPHAL EAST,278.0,1884,Sawombung,,1884.0,2024-10-07
8,Rajasthan,RAJASTHAN,8.0,104,Jalore,JALORE,116.0,585,Sayla,,585.0,2024-10-07
8,Rajasthan,RAJASTHAN,8.0,90,Barmer,BARMER,115.0,6045,Sedwa,,0.0,2024-10-07
7,Delhi,DELHI,7.0,81,North East,NORTH EAST,92.0,436,Seelam Pur,,436.0,2024-10-07
28,Andhra Pradesh,ANDHRA PRADESH,28.0,520,Visakhapatnam,విశాఖపట్నం,544.0,6836,Seethammadhara,Seethammadhara,0.0,2024-10-07
12,Arunachal Pradesh,ARUNACHAL PRADESH,12.0,723,Pakke Kessang,PAKKE KESSANG,0.0,6104,Seijosa Adc,,0.0,2024-10-07
23,Madhya Pradesh,MADHYA PRADESH,23.0,393,Barwani,बड़वानी,441.0,3561,Sendhwa,सेंधवा,3561.0,2024-10-07
23,Madhya Pradesh,MADHYA PRADESH,23.0,401,Datia,दतिया,422.0,3403,Seondha,स्योंधा,3403.0,2024-10-07
23,Madhya Pradesh,MADHYA PRADESH,23.0,428,Seoni,सिवनी,456.0,7018,Seoni Nagar,सिवनी नगर,0.0,2024-10-07
12,Arunachal Pradesh,ARUNACHAL PRADESH,12.0,231,East Kameng,EAST KAMENG,247.0,1584,Seppa Hq,,1584.0,2024-10-07
36,Telangana,తెలంగాణ,0.0,518,Ranga Reddy,రంగా రెడ్డి,537.0,4516,Serilingampally,శేరిలింగంపల్లి,4516.0,2024-10-07
9,Uttar Pradesh,UTTAR PRADESH,9.0,146,Ghazipur,GHAZIPUR,195.0,6835,Sewarai,सेवराई,0.0,2024-10-07
7,Delhi,DELHI,7.0,671,Shahdara,SHAHDARA,0.0,437,Shahdara,,437.0,2024-10-07
9,Uttar Pradesh,UTTAR PRADESH,9.0,180,Shahjahanpur,SHAHJAHANPUR,152.0,795,Shahjahanpur,,795.0,2024-10-07
23,Madhya Pradesh,MADHYA PRADESH,23.0,394,Betul,बैतूल,447.0,3603,Shahpur,शाहपुर,3603.0,2024-10-07
27,Maharashtra,महाराष्ट्र,27.0,480,Kolhapur,कोल्हापूर,530.0,4283,Shahuwadi,शाहूवाडी,4283.0,2024-10-07
2,Himachal Pradesh,HIMACHAL PRADESH,2.0,24,Sirmaur,SIRMAUR,32.0,175,Shalai,,175.0,2024-10-07
10,Bihar,BIHAR,10.0,190,Banka,बांका,225.0,1345,Shambhuganj,शंभुगंज,1345.0,2024-10-07
23,Madhya Pradesh,MADHYA PRADESH,23.0,416,Mandsaur,मन्दसौर,433.0,3495,Shamgarh,शामगढ़,3495.0,2024-10-07
23,Madhya Pradesh,MADHYA PRADESH,23.0,437,Vidisha,विदिशा,443.0,3576,Shamshabad,शमशाबाद,3576.0,2024-10-07
1,Jammu And Kashmir,JAMMU AND KASHMIR,1.0,1,Anantnag,ANANTNAG,14.0,56,Shangus,,56.0,2024-10-07
36,Telangana,తెలంగాణ,0.0,513,Medak,మెదక్,535.0,4467,Shankarampet (R),శంకరంపేట(ఆర్),4467.0,2024-10-07
36,Telangana,తెలంగాణ,0.0,518,Ranga Reddy,రంగా రెడ్డి,537.0,4515,Shankarpalle,శంకర్ పల్లి,4515.0,2024-10-07
10,Bihar,BIHAR,10.0,205,Madhepura,मधेपुरा,213.0,1162,Shankarpur,शंकरपुर,1162.0,2024-10-07
27,Maharashtra,महाराष्ट्र,27.0,472,Buldhana,बुलढाणा,500.0,3977,Shegaon,शेगाव,3977.0,2024-10-07
12,Arunachal Pradesh,ARUNACHAL PRADESH,12.0,242,West Kameng,WEST KAMENG,246.0,6566,Shergaon Circle,Shergaon Circle,0.0,2024-10-07
27,Maharashtra,महाराष्ट्र,27.0,481,Latur,लातूर,524.0,4231,Shirur Anantpal,शिरूर अनंतपाळ,4231.0,2024-10-07
27,Maharashtra,महाराष्ट्र,27.0,470,Beed,बीड,523.0,4217,Shirur (Kasar),शिरूर (कासार),4217.0,2024-10-07
23,Madhya Pradesh,MADHYA PRADESH,23.0,432,Shivpuri,शिवपुरी,423.0,7044,Shivpuri Nagar,शिवपुरी नगर,0.0,2024-10-07
22,Chhattisgarh,छत्तीसगढ़,22.0,379,Janjgir-Champa,जांजगीर - चाम्पा,405.0,7256,Shivrinarayan,शिवरीनारायण,0.0,2024-10-07
9,Uttar Pradesh,UTTAR PRADESH,9.0,182,Siddharthnagar,SIDDHARTHNAGAR,184.0,932,Shohratgarh,,932.0,2024-10-07
33,Tamil Nadu,TAMIL NADU,33.0,731,Ranipet,ராணிப்பேட்டை,0.0,7060,Sholinghur,சோளிங்கர்,0.0,2024-10-07
27,Maharashtra,महाराष्ट्र,27.0,466,Ahmednagar,अहमदनगर,522.0,4205,Shrirampur,श्रीरामपूर,4205.0,2024-10-07
29,Karnataka,ಕರ್ನಾಟಕ,29.0,544,Mandya,ಮಂಡ್ಯ,573.0,5549,Shrirangapattana,ಶ್ರೀರಂಗಪಟ್ಟಣ,5549.0,2024-10-07
9,Uttar Pradesh,UTTAR PRADESH,9.0,183,Sitapur,SITAPUR,154.0,808,Sidhauli,,808.0,2024-10-07
17,Meghalaya,MEGHALAYA,17.0,277,South Garo Hills,SOUTH GARO HILLS,295.0,7332,Siju,,0.0,2024-10-07
9,Uttar Pradesh,UTTAR PRADESH,9.0,134,Bulandshahr,BULANDSHAHR,142.0,745,Sikandrabad,,745.0,2024-10-07
8,Rajasthan,RAJASTHAN,8.0,114,Sikar,SIKAR,111.0,553,Sikar,,553.0,2024-10-07
23,Madhya Pradesh,MADHYA PRADESH,23.0,421,Raisen,रायसेन,446.0,3596,Silwani,सिलवानी,3596.0,2024-10-07
22,Chhattisgarh,छत्तीसगढ़,22.0,644,Balodabazar-Bhatapara,बलौदाबाजार-भाटापारा,0.0,3324,Simga,,3324.0,2024-10-07
21,Odisha,ODISHA,21.0,363,Koraput,KORAPUT,398.0,3215,Similiguda,,3215.0,2024-10-07
28,Andhra Pradesh,ANDHRA PRADESH,28.0,517,Prakasam,PRAKASAM,549.0,5149,Singarayakonda,,5149.0,2024-10-07
14,Manipur,MANIPUR,14.0,254,Churachandpur,CHURACHANDPUR,274.0,1872,Singngat,,1872.0,2024-10-07
23,Madhya Pradesh,MADHYA PRADESH,23.0,419,Neemuch,नीमच,432.0,3488,Singoli,सिंगोली,3488.0,2024-10-07
19,West Bengal,WEST BENGAL,19.0,312,Hooghly,HOOGHLY,338.0,2349,Singur,,2349.0,2024-10-07
33,Tamil Nadu,TAMIL NADU,33.0,735,Mayiladuthurai,,0.0,5795,Sirkali,,5795.0,2024-10-07
9,Uttar Pradesh,UTTAR PRADESH,9.0,143,Firozabad,FIROZABAD,147.0,6161,Sirsaganj,SIRSAGANJ,0.0,2024-10-07
18,Assam,ASSAM,18.0,284,Dhemaji,DHEMAJI,308.0,2056,Sissibargaon,,2056.0,2024-10-07
10,Bihar,BIHAR,10.0,222,Siwan,सिवान,218.0,1247,Siswan,सिसवन,1247.0,2024-10-07
5,Uttarakhand,UTTARAKHAND,5.0,56,Udam Singh Nagar,UDAM SINGH NAGAR,67.0,351,Sitarganj,,351.0,2024-10-07
13,Nagaland,NAGALAND,13.0,614,Kiphire,,269.0,1839,Sitimi,,1839.0,2024-10-07
33,Tamil Nadu,TAMIL NADU,33.0,585,Sivaganga,SIVAGANGA,622.0,5832,Sivaganga,,5832.0,2024-10-07
2,Himachal Pradesh,HIMACHAL PRADESH,2.0,25,Solan,SOLAN,31.0,165,Solan,,165.0,2024-10-07
27,Maharashtra,महाराष्ट्र,27.0,496,Solapur,सोलापूर,526.0,4247,Solapur North,उत्तर सोलापूर,4247.0,2024-10-07
28,Andhra Pradesh,ANDHRA PRADESH,28.0,754,Sri Sathya Sai,Sri Sathya Sai,0.0,5363,Somandepalli,సోమందేపల్లి,5363.0,2024-10-07
28,Andhra Pradesh,ANDHRA PRADESH,28.0,519,Srikakulam,SRIKAKULAM,542.0,4780,Sompeta,,4780.0,2024-10-07
29,Karnataka,ಕರ್ನಾಟಕ,29.0,541,Kodagu,ಕೊಡಗು,576.0,5567,Somvarpet,ಸೊಮವಾರಪೇಟೆ,5567.0,2024-10-07
21,Odisha,ODISHA,21.0,372,Sonepur,SONEPUR,392.0,3139,Sonapur,,3139.0,2024-10-07
20,Jharkhand,झारखंड,20.0,324,Deoghar,देवघर,350.0,2548,Sona Rai Tharhi,सोनारायठारी,2548.0,2024-10-07
29,Karnataka,ಕರ್ನಾಟಕ,29.0,547,Shivamogga,ಶಿವಮೊಗ್ಗ,568.0,5516,Sorab,ಸೊರಬ,5516.0,2024-10-07
9,Uttar Pradesh,UTTAR PRADESH,9.0,120,Prayagraj,PRAYAGRAJ,175.0,888,Soraon,,888.0,2024-10-07
11,Sikkim,SIKKIM,11.0,742,Soreng,Soreng,0.0,1550,Soreng,,1550.0,2024-10-07
28,Andhra Pradesh,ANDHRA PRADESH,28.0,504,Y.S.R.,,551.0,5206,Sri Avadhutha Kasinayana,,5206.0,2024-10-07
1,Jammu And Kashmir,JAMMU AND KASHMIR,1.0,1,Anantnag,ANANTNAG,14.0,6819,Srigufwara,Srigufwara,0.0,2024-10-07
33,Tamil Nadu,TAMIL NADU,33.0,570,Cuddalore,CUDDALORE,617.0,6646,Srimushnam,ஸ்ரீமுஷ்ணம்,0.0,2024-10-07
10,Bihar,BIHAR,10.0,214,Purnia,पूर्णिया,211.0,1136,Srinagar,श्रीनगर,1136.0,2024-10-07
1,Jammu And Kashmir,JAMMU AND KASHMIR,1.0,13,Srinagar,SRINAGAR,10.0,44,Srinagar (South),,44.0,2024-10-07
36,Telangana,తెలంగాణ,0.0,693,Wanaparthy,వనపర్తి,0.0,6288,Srirangapur,శ్రీ రంగాపూర్,0.0,2024-10-07
33,Tamil Nadu,TAMIL NADU,33.0,597,Virudhunagar,VIRUDHUNAGAR,625.0,5848,Srivilliputhur,,5848.0,2024-10-07
28,Andhra Pradesh,ANDHRA PRADESH,28.0,521,Vizianagaram,VIZIANAGARAM,543.0,4831,Srungavarapukota,,4831.0,2024-10-07
14,Manipur,MANIPUR,14.0,254,Churachandpur,CHURACHANDPUR,274.0,6506,Suangdoh,,0.0,2024-10-07
21,Odisha,ODISHA,21.0,372,Sonepur,SONEPUR,392.0,3138,Subalaya,,3138.0,2024-10-07
36,Telangana,తెలంగాణ,0.0,690,Bhadradri Kothagudem,భద్రాద్రి కొత్తగూడెం,0.0,6265,Sujathanagar,సుజాతనగర్,0.0,2024-10-07
3,Punjab,PUNJAB,3.0,43,Sangrur,SANGRUR,53.0,272,Sunam,,272.0,2024-10-07
8,Rajasthan,RAJASTHAN,8.0,105,Jhalawar,JHALAWAR,129.0,6667,Sunel,Sunel,0.0,2024-10-07
29,Karnataka,ಕರ್ನಾಟಕ,29.0,550,Uttara Kannada,ಉತ್ತರ ಕನ್ನಡ,563.0,5479,Supa,ಜೊಯ್ಡಾ(ಸುಪಾ),5479.0,2024-10-07
21,Odisha,ODISHA,21.0,354,Ganjam,GANJAM,388.0,3076,Surada,,3076.0,2024-10-07
8,Rajasthan,RAJASTHAN,8.0,106,Jhunjhunu,JHUNJHUNU,103.0,6371,Surajgarh,सुरजगढ़,0.0,2024-10-07
10,Bihar,BIHAR,10.0,204,Lakhisarai,लखीसराय,227.0,1367,Surajgarha,सुर्यगढ़ा,1367.0,2024-10-07
8,Rajasthan,RAJASTHAN,8.0,100,Ganganagar,GANGANAGAR,99.0,465,Suratgarh,,465.0,2024-10-07
10,Bihar,BIHAR,10.0,215,Rohtas,रोहतास,234.0,1460,Suryapura,सुर्यपुरा,1460.0,2024-10-07
23,Madhya Pradesh,MADHYA PRADESH,23.0,422,Rajgarh,राजगढ़,442.0,6992,Suthaliya,सुठालिया,0.0,2024-10-07
19,West Bengal,WEST BENGAL,19.0,319,Murshidabad,MURSHIDABAD,333.0,2226,Suti - II,,2226.0,2024-10-07
36,Telangana,తెలంగాణ,0.0,694,Nagarkurnool,నాగర్ కర్నూల్,0.0,4582,Tadoor,తాడూరు,4582.0,2024-10-07
36,Telangana,తెలంగాణ,0.0,720,Mulugu,ములుగు,0.0,4687,Tadvai,తాడ్వాయి (సమ్మక్క సారక్క),4687.0,2024-10-07
10,Bihar,BIHAR,10.0,217,Samastipur,समस्तीपुर,221.0,1290,Tajpur,ताजपुर,1290.0,2024-10-07
27,Maharashtra,महाराष्ट्र,27.0,491,Raigad,रायगड,520.0,4182,Tala,तळा,4182.0,2024-10-07
24,Gujarat,GUJARAT,24.0,675,Gir Somnath,GIR SOMNATH,0.0,3834,Talala,,3834.0,2024-10-07
36,Telangana,తెలంగాణ,0.0,501,Adilabad,ఆదిలాబాద్,532.0,4309,Talamadugu,తలమడుగు,4309.0,2024-10-07
21,Odisha,ODISHA,21.0,344,Anugul,ANUGUL,384.0,3006,Talcher Sadar,,3006.0,2024-10-07
19,West Bengal,WEST BENGAL,19.0,305,Bankura,BANKURA,339.0,2371,Taldangra,,2371.0,2024-10-07
32,Kerala,KERALA,32.0,557,Kannur,കണ്ണൂര്‍,589.0,5632,Taliparamba,തളിപ്പറമ്പ,5632.0,2024-10-07
20,Jharkhand,झारखंड,20.0,340,Sahebganj,साहेबगंज,352.0,2568,Taljhari,,2568.0,2024-10-07
13,Nagaland,NAGALAND,13.0,615,Longleng,,268.0,1830,Tamlu,,1830.0,2024-10-07
19,West Bengal,WEST BENGAL,19.0,317,Purba Medinipur,PURBA MEDINIPUR,345.0,2472,Tamluk,,2472.0,2024-10-07
28,Andhra Pradesh,ANDHRA PRADESH,28.0,517,Prakasam,PRAKASAM,549.0,5141,Tangutur,,5141.0,2024-10-07
24,Gujarat,GUJARAT,24.0,673,Morbi,MORBI,0.0,3800,Tankara,,3800.0,2024-10-07
23,Madhya Pradesh,MADHYA PRADESH,23.0,407,Gwalior,ग्वालियर,421.0,7037,Tansen,तानसेन,0.0,2024-10-07
8,Rajasthan,RAJASTHAN,8.0,770,Khairthal-Tijara,खैरथल-तिजारा,,7128,Tapukara,टपूकड़ा,0.0,2024-10-07
19,West Bengal,WEST BENGAL,19.0,312,Hooghly,HOOGHLY,338.0,2342,Tarakeswar,,2342.0,2024-10-07
8,Rajasthan,RAJASTHAN,8.0,96,Churu,CHURU,102.0,481,Taranagar,,481.0,2024-10-07
10,Bihar,BIHAR,10.0,193,Bhojpur,भोजपुर,231.0,1433,Tarari,तरारी,1433.0,2024-10-07
12,Arunachal Pradesh,ARUNACHAL PRADESH,12.0,237,Papum Pare,PAPUM PARE,248.0,1595,Taraso Circle,,1595.0,2024-10-07
10,Bihar,BIHAR,10.0,220,Sheohar,शिवहर,205.0,1062,Tariani Chowk,तरियानी,1062.0,2024-10-07
10,Bihar,BIHAR,10.0,191,Begusarai,बेगूसराय,222.0,1311,Teghra,तेघड़ा,1311.0,2024-10-07
36,Telangana,తెలంగాణ,0.0,694,Nagarkurnool,నాగర్ కర్నూల్,0.0,4581,Telkapally,తెల్కపల్లి,4581.0,2024-10-07
23,Madhya Pradesh,MADHYA PRADESH,23.0,400,Damoh,दमोह,428.0,3460,Tendukheda,तेंदूखेड़ा,3460.0,2024-10-07
10,Bihar,BIHAR,10.0,203,Kishanganj,किशनगंज,210.0,1121,Terhagachh,टेढ़ागाछ,1121.0,2024-10-07
10,Bihar,BIHAR,10.0,213,Purbi Champaran,पूर्वी चंपारण,204.0,1056,Tetaria,तेतरिया,1056.0,2024-10-07
5,Uttarakhand,UTTARAKHAND,5.0,53,Pithoragarh,PITHORAGARH,62.0,6359,Thal,,0.0,2024-10-07
33,Tamil Nadu,TAMIL NADU,33.0,584,Salem,SALEM,608.0,7120,Thalaivasal,தலைவாசல்,0.0,2024-10-07
36,Telangana,తెలంగాణ,0.0,509,Khammam,ఖమ్మం,541.0,4762,Thallada,తల్లాడ,4762.0,2024-10-07
5,Uttarakhand,UTTARAKHAND,5.0,47,Chamoli,CHAMOLI,57.0,288,Tharali,,288.0,2024-10-07
1,Jammu And Kashmir,JAMMU AND KASHMIR,1.0,4,Doda,DODA,16.0,63,Thathri,,63.0,2024-10-07
12,Arunachal Pradesh,ARUNACHAL PRADESH,12.0,242,West Kameng,WEST KAMENG,246.0,6565,Thembang Circle,Thembang Circle,0.0,2024-10-07
36,Telangana,తెలంగాణ,0.0,694,Nagarkurnool,నాగర్ కర్నూల్,0.0,4575,Thimmajipet,తిమ్మాజీపేట్,4575.0,2024-10-07
33,Tamil Nadu,TAMIL NADU,33.0,579,Nagapattinam,NAGAPATTINAM,618.0,5801,Thirukkuvalai,,5801.0,2024-10-07
36,Telangana,తెలంగాణ,0.0,696,Suryapet,సూర్యాపేట,0.0,4619,Thirumalagiri,తిర్మలగిరి,4619.0,2024-10-07
33,Tamil Nadu,TAMIL NADU,33.0,578,Madurai,MADURAI,623.0,5840,Thirumangalam,,5840.0,2024-10-07
33,Tamil Nadu,TAMIL NADU,33.0,582,Pudukkottai,PUDUKKOTTAI,621.0,5822,Thirumayam,,5822.0,2024-10-07
34,Puducherry,PUDUCHERRY,34.0,598,Karaikal,காரைக்கால்,637.0,5915,Thirunallar,திருநள்ளாறு,5915.0,2024-10-07
33,Tamil Nadu,TAMIL NADU,33.0,596,Viluppuram,VILLUPURAM,607.0,7053,Thiruvennainallur,திருவெண்ணைநல்லூர்,0.0,2024-10-07
33,Tamil Nadu,TAMIL NADU,33.0,586,Thanjavur,THANJAVUR,620.0,5810,Thiruvidaimarudur,,5810.0,2024-10-07
28,Andhra Pradesh,ANDHRA PRADESH,28.0,506,Guntur,GUNTUR,548.0,5053,Thulluru,Thulluru,5053.0,2024-10-07
33,Tamil Nadu,TAMIL NADU,33.0,591,Tiruchirappalli,TIRUCHIRAPPALLI,614.0,5775,Thuraiyur,,5775.0,2024-10-07
36,Telangana,తెలంగాణ,0.0,697,Yadadri Bhuvanagiri,యదాద్రి భువనగిరి,0.0,4614,Thurkapally,తుర్కపల్లి,4614.0,2024-10-07
1,Jammu And Kashmir,JAMMU AND KASHMIR,1.0,627,Reasi,REASI,20.0,6739,Thuroo,Thuroo,0.0,2024-10-07
21,Odisha,ODISHA,21.0,350,Cuttack,CUTTACK,381.0,2949,Tigiria,,2949.0,2024-10-07
2,Himachal Pradesh,HIMACHAL PRADESH,2.0,22,Mandi,MANDI,27.0,6946,Tihra,,0.0,2024-10-07
18,Assam,ASSAM,18.0,298,Nalbari,NALBARI,323.0,2132,Tihu (Pt),,2132.0,2024-10-07
29,Karnataka,ಕರ್ನಾಟಕ,29.0,530,Vijayapura,ವಿಜಯಾಪುರ,557.0,7074,Tikota,,0.0,2024-10-07
17,Meghalaya,MEGHALAYA,17.0,278,West Garo Hills,WEST GARO HILLS,293.0,1964,Tikrikilla,,1964.0,2024-10-07
18,Assam,ASSAM,18.0,286,Dibrugarh,DIBRUGARH,310.0,2068,Tingkhong,,2068.0,2024-10-07
8,Rajasthan,RAJASTHAN,8.0,778,Jodhpur (Gramin),जोधपुर (ग्रामीण),,6390,Tinwari,तिन्वारी,0.0,2024-10-07
29,Karnataka,ಕರ್ನಾಟಕ,29.0,548,Tumakuru,ತುಮಕೂರು,571.0,5539,Tiptur,ತಿಪಟೂರ,5539.0,2024-10-07
2,Himachal Pradesh,HIMACHAL PRADESH,2.0,17,Hamirpur,HAMIRPUR,28.0,140,Tira Sujanpur,,140.0,2024-10-07
33,Tamil Nadu,TAMIL NADU,33.0,580,Namakkal,NAMAKKAL,609.0,5745,Tiruchengode,,5745.0,2024-10-07
36,Telangana,తెలంగాణ,0.0,509,Khammam,ఖమ్మం,541.0,4754,Tirumalayapalem,తిరుమలాయపాలెం,4754.0,2024-10-07
28,Andhra Pradesh,ANDHRA PRADESH,28.0,752,Tirupati,Tirupati,0.0,5375,Tirupati (Rural),,5375.0,2024-10-07
33,Tamil Nadu,TAMIL NADU,33.0,592,Tirunelveli,TIRUNELVELI,628.0,6649,Tisayanvilai,திசையன்விளை,0.0,2024-10-07
22,Chhattisgarh,छत्तीसगढ़,22.0,374,Bastar,बस्तर,414.0,3365,Tokapal,,3365.0,2024-10-07
27,Maharashtra,महाराष्ट्र,27.0,487,Nashik,नाशिक,516.0,4151,Trimbakeshwar,त्र्यंबक,4151.0,2024-10-07
28,Andhra Pradesh,ANDHRA PRADESH,28.0,517,Prakasam,PRAKASAM,549.0,5099,Tripuranthakam,,5099.0,2024-10-07
36,Telangana,తెలంగాణ,0.0,514,Nalgonda,నల్గొండ,539.0,4662,Tripuraram,త్రిపురారం,4662.0,2024-10-07
19,West Bengal,WEST BENGAL,19.0,308,Cooch Behar,COOCH BEHAR,329.0,2185,Tufanganj - I,,2185.0,2024-10-07
19,West Bengal,WEST BENGAL,19.0,308,Cooch Behar,COOCH BEHAR,329.0,2186,Tufanganj - II,,2186.0,2024-10-07
9,Uttar Pradesh,UTTAR PRADESH,9.0,127,Balrampur,BALRAMPUR,182.0,926,Tulsipur,,926.0,2024-10-07
21,Odisha,ODISHA,21.0,352,Dhenkanal,DHENKANAL,383.0,2993,Tumusingha,,2993.0,2024-10-07
12,Arunachal Pradesh,ARUNACHAL PRADESH,12.0,240,Upper Siang,UPPER SIANG,252.0,1658,Tuting Adc,Tuting ADC,1658.0,2024-10-07
5,Uttarakhand,UTTARAKHAND,5.0,49,Dehradun,DEHRADUN,60.0,301,Tyuni,,301.0,2024-10-07
27,Maharashtra,महाराष्ट्र,27.0,481,Latur,लातूर,524.0,4235,Udgir,उदगीर,4235.0,2024-10-07
20,Jharkhand,झारखंड,20.0,340,Sahebganj,साहेबगंज,352.0,2570,Udhwa,,2570.0,2024-10-07
33,Tamil Nadu,TAMIL NADU,33.0,634,Tiruppur,TIRUPPUR,633.0,5906,Udumalaipettai,,5906.0,2024-10-07
6,Haryana,HARYANA,6.0,63,Hisar,HISAR,80.0,6441,Uklana St,उकलाना,0.0,2024-10-07
19,West Bengal,WEST BENGAL,19.0,313,Howrah,HOWRAH,341.0,2407,Uluberia - I,,2407.0,2024-10-07
21,Odisha,ODISHA,21.0,366,Nabarangpur,NABARANGPUR,397.0,3189,Umarkote,,3189.0,2024-10-07
24,Gujarat,GUJARAT,24.0,440,Anand,ANAND,482.0,3863,Umreth,,3863.0,2024-10-07
23,Madhya Pradesh,MADHYA PRADESH,23.0,426,Satna,सतना,429.0,3465,Unchehara,उंचेहरा,3465.0,2024-10-07
28,Andhra Pradesh,ANDHRA PRADESH,28.0,523,West Godavari,పశ్చిమగోదావరి,546.0,4976,Undi,,4976.0,2024-10-07
28,Andhra Pradesh,ANDHRA PRADESH,28.0,505,East Godavari,EAST GODAVARI,545.0,4970,Undrajavaram,,4970.0,2024-10-07
28,Andhra Pradesh,ANDHRA PRADESH,28.0,748,Eluru,Eluru,0.0,4962,Unguturu,,4962.0,2024-10-07
24,Gujarat,GUJARAT,24.0,457,Rajkot,RAJKOT,476.0,3809,Upleta,,3809.0,2024-10-07
36,Telangana,తెలంగాణ,0.0,694,Nagarkurnool,నాగర్ కర్నూల్,0.0,6295,Urkonda,ఊర్కొండ,0.0,2024-10-07
33,Tamil Nadu,TAMIL NADU,33.0,574,Kancheepuram,KANCHIPURAM,604.0,5708,Uthiramerur,,5708.0,2024-10-07
24,Gujarat,GUJARAT,24.0,461,Vadodara,VADODARA,486.0,6527,Vadodara North,,0.0,2024-10-07
24,Gujarat,GUJARAT,24.0,461,Vadodara,VADODARA,486.0,3898,Vadodara Rural,,3898.0,2024-10-07
28,Andhra Pradesh,ANDHRA PRADESH,28.0,502,Ananthapuramu,అనంతపురము,553.0,5316,Vajrakarur,,5316.0,2024-10-07
28,Andhra Pradesh,ANDHRA PRADESH,28.0,753,Annamayya,Annamayya,0.0,5388,Valmikipuram,,5388.0,2024-10-07
28,Andhra Pradesh,ANDHRA PRADESH,28.0,521,Vizianagaram,VIZIANAGARAM,543.0,4785,Vangara,,4785.0,2024-10-07
36,Telangana,తెలంగాణ,0.0,694,Nagarkurnool,నాగర్ కర్నూల్,0.0,4577,Vangoor,వంగూరు,4577.0,2024-10-07
24,Gujarat,GUJARAT,24.0,462,Valsad,VALSAD,491.0,6031,Vapi,VAPI,0.0,2024-10-07
23,Madhya Pradesh,MADHYA PRADESH,23.0,393,Barwani,बड़वानी,441.0,3562,Varla,वरला,3562.0,2024-10-07
33,Tamil Nadu,TAMIL NADU,33.0,572,Dindigul,DINDIGUL,612.0,5762,Vedasandur,,5762.0,2024-10-07
28,Andhra Pradesh,ANDHRA PRADESH,28.0,753,Annamayya,Annamayya,0.0,5242,Veeraballe,,5242.0,2024-10-07
28,Andhra Pradesh,ANDHRA PRADESH,28.0,504,Y.S.R.,,551.0,5222,Veerapunayunipalle,,5222.0,2024-10-07
28,Andhra Pradesh,ANDHRA PRADESH,28.0,511,Kurnool,KURNOOL,552.0,5278,Veldurthy,Veldurthy,5278.0,2024-10-07
36,Telangana,తెలంగాణ,0.0,684,Mancherial,మంచిర్యాల్,0.0,4330,Vemanpally,వేమన్ పల్లి,4330.0,2024-10-07
28,Andhra Pradesh,ANDHRA PRADESH,28.0,504,Y.S.R.,,551.0,5220,Vemula,,5220.0,2024-10-07
36,Telangana,తెలంగాణ,0.0,683,Rajanna Sircilla,రాజన్న సిరిసిల్ల,0.0,4430,Vemulawada,వేములవాడ,4430.0,2024-10-07
36,Telangana,తెలంగాణ,0.0,683,Rajanna Sircilla,రాజన్న సిరిసిల్ల,0.0,6218,Vemulawada Rural,వేములవాడ రూరల్,0.0,2024-10-07
28,Andhra Pradesh,ANDHRA PRADESH,28.0,752,Tirupati,Tirupati,0.0,5187,Venkatagiri,,5187.0,2024-10-07
36,Telangana,తెలంగాణ,0.0,720,Mulugu,ములుగు,0.0,4684,Venkatapur,వెంకటాపూర్,4684.0,2024-10-07
28,Andhra Pradesh,ANDHRA PRADESH,28.0,515,Sri Potti Sriramulu Nellore,శ్రీ పొట్టి శ్రీరాములు నెల్లూరు,550.0,5168,Vidavalur,,5168.0,2024-10-07
23,Madhya Pradesh,MADHYA PRADESH,23.0,437,Vidisha,विदिशा,443.0,3579,Vidisha,विदिशा,3579.0,2024-10-07
28,Andhra Pradesh,ANDHRA PRADESH,28.0,749,Ntr,NTR,0.0,5010,Vijayawada Central,Vijayawada Central,5010.0,2024-10-07
23,Madhya Pradesh,MADHYA PRADESH,23.0,413,Katni,कटनी,450.0,3624,Vijayraghavgarh,विजयराघवगढ़,3624.0,2024-10-07
36,Telangana,తెలంగాణ,0.0,698,Vikarabad,వికారాబాద్,0.0,4530,Vikarabad,వికారాబాద్,4530.0,2024-10-07
1,Jammu And Kashmir,JAMMU AND KASHMIR,1.0,8,Kupwara,KUPWARA,1.0,7206,Villgam,Villgam,0.0,2024-10-07
33,Tamil Nadu,TAMIL NADU,33.0,596,Viluppuram,VILLUPURAM,607.0,5731,Viluppuram,,5731.0,2024-10-07
24,Gujarat,GUJARAT,24.0,457,Rajkot,RAJKOT,476.0,6198,Vinchchiya,,0.0,2024-10-07
28,Andhra Pradesh,ANDHRA PRADESH,28.0,751,Palnadu,Palnadu,0.0,5062,Vinukonda,,5062.0,2024-10-07
8,Rajasthan,RAJASTHAN,8.0,782,Kotputli-Behror,कोटपूतली-बहरोड,,539,Viratnagar,,539.0,2024-10-07
24,Gujarat,GUJARAT,24.0,451,Mahesana,MAHESANA,471.0,3754,Visnagar,,3754.0,2024-10-07
29,Karnataka,ಕರ್ನಾಟಕ,29.0,635,Yadgir,ಯಾದಗಿರಿ,580.0,7095,Wadagera,,0.0,2024-10-07
24,Gujarat,GUJARAT,24.0,460,Surendranagar,SURENDRANAGAR,475.0,3792,Wadhwan,,3792.0,2024-10-07
36,Telangana,తెలంగాణ,0.0,720,Mulugu,ములుగు,0.0,4723,Wajedu,వాజేడు,4723.0,2024-10-07
27,Maharashtra,महाराष्ट्र,27.0,500,Yavatmal,यवतमाळ,510.0,4094,Wani,वनी,4094.0,2024-10-07
27,Maharashtra,महाराष्ट्र,27.0,498,Wardha,वर्धा,504.0,4019,Wardha,वर्धा,4019.0,2024-10-07
36,Telangana,తెలంగాణ,0.0,522,Warangal,వరంగల్,540.0,4704,Wardhannapet,వర్దన్నపేట,4704.0,2024-10-07
8,Rajasthan,RAJASTHAN,8.0,771,Gangapurcity,गंगापुरसिटी,,6386,Wazeerpur,वजीरपुर,0.0,2024-10-07
36,Telangana,తెలంగాణ,0.0,693,Wanaparthy,వనపర్తి,0.0,4608,Weepangandla,వీపన్ గండ్ల,4608.0,2024-10-07
14,Manipur,MANIPUR,14.0,257,Senapati,SENAPATI,272.0,6485,Willong,,0.0,2024-10-07
13,Nagaland,NAGALAND,13.0,250,Wokha,WOKHA,264.0,1788,Wozhuro,,1788.0,2024-10-07
36,Telangana,తెలంగాణ,0.0,518,Ranga Reddy,రంగా రెడ్డి,537.0,4548,Yacharam,యాచారం,4548.0,2024-10-07
29,Karnataka,ಕರ್ನಾಟಕ,29.0,538,Kalaburagi,ಕಲಬುರಗಿ,579.0,7089,Yadrami,,0.0,2024-10-07
28,Andhra Pradesh,ANDHRA PRADESH,28.0,744,Anakapalli,Anakapalli,0.0,4879,Yelamanchili,,4879.0,2024-10-07
36,Telangana,తెలంగాణ,0.0,513,Medak,మెదక్,535.0,4481,Yeldurthy,ఎల్దుర్తి,4481.0,2024-10-07
28,Andhra Pradesh,ANDHRA PRADESH,28.0,746,Kakinada,Kakinada,0.0,4893,Yeleswaram,,4893.0,2024-10-07
28,Andhra Pradesh,ANDHRA PRADESH,28.0,502,Ananthapuramu,అనంతపురము,553.0,5327,Yellanur,,5327.0,2024-10-07
33,Tamil Nadu,TAMIL NADU,33.0,584,Salem,SALEM,608.0,5741,Yercaud,,5741.0,2024-10-07
28,Andhra Pradesh,ANDHRA PRADESH,28.0,517,Prakasam,PRAKASAM,549.0,5097,Yerragondapalem,,5097.0,2024-10-07
28,Andhra Pradesh,ANDHRA PRADESH,28.0,745,Alluri Sitharama Raju,Alluri Sitharama Raju,0.0,4886,Y. Ramavaram,,4886.0,2024-10-07
11,Sikkim,SIKKIM,11.0,228,Gyalshing,Gyalshing,242.0,6397,Yuksom,Yuksam,0.0,2024-10-07
12,Arunachal Pradesh,ARUNACHAL PRADESH,12.0,238,Tawang,TAWANG,245.0,1556,Zemithang Circle,Zemithang Circle,1556.0,2024-10-07
17,Meghalaya,MEGHALAYA,17.0,663,South West Garo Hills,SOUTH WEST GARO HILLS,0.0,1967,Zikzak,,1967.0,2024-10-07
10,Bihar,BIHAR,10.0,222,Siwan,सिवान,218.0,1239,Ziradei,जिरादेई,1239.0,2024-10-07
21,Odisha,ODISHA,21.0,355,Jagatsinghapur,JAGATSINGHAPUR,380.0,2937,Abhyachandpur,,2937.0,2024-10-07
3,Punjab,PUNJAB,3.0,34,Jalandhar,JALANDHAR,37.0,7192,Adampur,,0.0,2024-10-07
5,Uttarakhand,UTTARAKHAND,5.0,47,Chamoli,CHAMOLI,57.0,6345,Adibadri,,0.0,2024-10-07
36,Telangana,తెలంగాణ,0.0,501,Adilabad,ఆదిలాబాద్,532.0,6221,Adilabad Rural,ఆదిలాబాద్ (రూరల్),0.0,2024-10-07
10,Bihar,BIHAR,10.0,193,Bhojpur,भोजपुर,231.0,1432,Agiaon,अगिआव,1432.0,2024-10-07
27,Maharashtra,महाराष्ट्र,27.0,475,Gadchiroli,गडचिरोली,508.0,4062,Aheri,अहेरी,4062.0,2024-10-07
28,Andhra Pradesh,ANDHRA PRADESH,28.0,747,Dr. B.R. Ambedkar Konaseema,డా బి ఆర్  అంబేడ్కర్ కోనసీమ,0.0,4933,Ainavilli,,4933.0,2024-10-07
21,Odisha,ODISHA,21.0,371,Sambalpur,SAMBALPUR,372.0,2790,Ainthapali,,2790.0,2024-10-07
9,Uttar Pradesh,UTTAR PRADESH,9.0,122,Auraiya,AURAIYA,162.0,6877,Ajitmal,,0.0,2024-10-07
8,Rajasthan,RAJASTHAN,8.0,86,Ajmer,AJMER,119.0,607,Ajmer,,607.0,2024-10-07
27,Maharashtra,महाराष्ट्र,27.0,486,Nandurbar,नंदूरबार,497.0,3950,Akkalkuwa,अक्कलकुवा,3950.0,2024-10-07
10,Bihar,BIHAR,10.0,215,Rohtas,रोहतास,234.0,1472,Akorhi Gola,अकोढ़ीगोला,1472.0,2024-10-07
27,Maharashtra,महाराष्ट्र,27.0,486,Nandurbar,नंदूरबार,497.0,3951,Akrani,अकर्नी,3951.0,2024-10-07
13,Nagaland,NAGALAND,13.0,251,Zunheboto,ZUNHEBOTO,263.0,1774,Akuhaito,,1774.0,2024-10-07
10,Bihar,BIHAR,10.0,205,Madhepura,मधेपुरा,213.0,1169,Alamnagar,आलमनगर,1169.0,2024-10-07
36,Telangana,తెలంగాణ,0.0,695,Jogulamba Gadwal,జోగులాంబ గద్వాల,0.0,4612,Alampur,ఆలంపూర్,4612.0,2024-10-07
29,Karnataka,ಕರ್ನಾಟಕ,29.0,538,Kalaburagi,ಕಲಬುರಗಿ,579.0,5580,Aland,ಅಳಂದ,5580.0,2024-10-07
33,Tamil Nadu,TAMIL NADU,33.0,733,Tenkasi,தென்காசி,0.0,5875,Alangulam,,5875.0,2024-10-07
32,Kerala,KERALA,32.0,563,Palakkad,പാലക്കാട്,593.0,5651,Alathur,ആലത്തൂര്‍,5651.0,2024-10-07
18,Assam,ASSAM,18.0,289,Hailakandi,HAILAKANDI,318.0,2106,Algapur,,2106.0,2024-10-07
19,West Bengal,WEST BENGAL,19.0,664,Alipurduar,,0.0,2173,Alipurduar - I,,2173.0,2024-10-07
28,Andhra Pradesh,ANDHRA PRADESH,28.0,755,Nandyal,Nandyal,0.0,5298,Allagadda,,5298.0,2024-10-07
28,Andhra Pradesh,ANDHRA PRADESH,28.0,747,Dr. B.R. Ambedkar Konaseema,డా బి ఆర్  అంబేడ్కర్ కోనసీమ,0.0,4940,Allavaram,,4940.0,2024-10-07
28,Andhra Pradesh,ANDHRA PRADESH,28.0,515,Sri Potti Sriramulu Nellore,శ్రీ పొట్టి శ్రీరాములు నెల్లూరు,550.0,5167,Allur,,5167.0,2024-10-07
28,Andhra Pradesh,ANDHRA PRADESH,28.0,511,Kurnool,KURNOOL,552.0,5274,Alur,,5274.0,2024-10-07
32,Kerala,KERALA,32.0,555,Ernakulam,എറണാകുളം,595.0,5658,Aluva,ആലുവ,5658.0,2024-10-07
36,Telangana,తెలంగాణ,0.0,700,Medchal Malkajgiri,మేడ్చల్ మల్కాజిగిరి,0.0,6328,Alwal,అల్వాల్,0.0,2024-10-07
23,Madhya Pradesh,MADHYA PRADESH,23.0,420,Panna,पन्ना,426.0,3439,Amanganj,अमानगंज,3439.0,2024-10-07
28,Andhra Pradesh,ANDHRA PRADESH,28.0,754,Sri Sathya Sai,Sri Sathya Sai,0.0,5351,Amarapuram,,5351.0,2024-10-07
23,Madhya Pradesh,MADHYA PRADESH,23.0,784,Maihar,मैहर,,3468,Amarpatan,अमरपाटन,3468.0,2024-10-07
16,Tripura,ত্রিপুরা,16.0,654,Gomati,গোমতি,0.0,6695,Amarpur,অমরপুর,0.0,2024-10-07
28,Andhra Pradesh,ANDHRA PRADESH,28.0,750,Bapatla,Bapatla,0.0,5086,Amarthalur,Amarthalur,5086.0,2024-10-07
21,Odisha,ODISHA,21.0,347,Bargarh,BARGARH,370.0,2768,Ambabhona,,2768.0,2024-10-07
27,Maharashtra,महाराष्ट्र,27.0,479,Jalna,जालना,514.0,4129,Ambad,अंबड,4129.0,2024-10-07
22,Chhattisgarh,छत्तीसगढ़,22.0,761,Mohla-Manpur-Ambagarh Chouki,मोहला-मानपुर-अम्बागढ़ चौकी,0.0,3310,Ambagarh Chouki,अम्बागढ़ चौकी,3310.0,2024-10-07
36,Telangana,తెలంగాణ,0.0,507,Hyderabad,హైదరాబాద్,536.0,4497,Ameerpet,అమీర్ పేట్,4497.0,2024-10-07
27,Maharashtra,महाराष्ट्र,27.0,476,Gondia,गोंदीया,507.0,4047,Amgaon,आमगाव,4047.0,2024-10-07
23,Madhya Pradesh,MADHYA PRADESH,23.0,394,Betul,बैतूल,447.0,3605,Amla,आमला,3605.0,2024-10-07
10,Bihar,BIHAR,10.0,218,Saran,सारण,219.0,1261,Amnour,अमनौर,1261.0,2024-10-07
3,Punjab,PUNJAB,3.0,27,Amritsar,AMRITSAR,49.0,257,Amritsar- II,,257.0,2024-10-07
9,Uttar Pradesh,UTTAR PRADESH,9.0,154,Amroha,AMROHA,137.0,730,Amroha,,730.0,2024-10-07
19,West Bengal,WEST BENGAL,19.0,313,Howrah,HOWRAH,341.0,2400,Amta - I,,2400.0,2024-10-07
28,Andhra Pradesh,ANDHRA PRADESH,28.0,520,Visakhapatnam,విశాఖపట్నం,544.0,4863,Anandapuram,,4863.0,2024-10-07
3,Punjab,PUNJAB,3.0,42,Rupnagar,ਰੂਪਨਗਰ,51.0,262,Anandpur Sahib,ਅਨੰਦਪੁਰ ਸਾਹਿਬ,262.0,2024-10-07
28,Andhra Pradesh,ANDHRA PRADESH,28.0,745,Alluri Sitharama Raju,Alluri Sitharama Raju,0.0,4845,Ananthagiri,,4845.0,2024-10-07
21,Odisha,ODISHA,21.0,370,Rayagada,RAYAGADA,396.0,3178,Andirakanch,,3178.0,2024-10-07
36,Telangana,తెలంగాణ,0.0,691,Sangareddy,సంగారెడ్డి,0.0,4479,Andole,ఆందోల్,4479.0,2024-10-07
20,Jharkhand,झारखंड,20.0,339,Ranchi,रांची,364.0,2686,Angara,,2686.0,2024-10-07
24,Gujarat,GUJARAT,24.0,442,Bharuch,BHARUCH,488.0,3918,Anklesvar,,3918.0,2024-10-07
29,Karnataka,ಕರ್ನಾಟಕ,29.0,550,Uttara Kannada,ಉತ್ತರ ಕನ್ನಡ,563.0,5484,Ankola,ಅಂಕೋಲಾ,5484.0,2024-10-07
8,Rajasthan,RAJASTHAN,8.0,92,Bhilwara,BHILWARA,122.0,7362,Antali,अंटाली,0.0,2024-10-07
36,Telangana,తెలంగాణ,0.0,514,Nalgonda,నల్గొండ,539.0,4660,Anumula,అనుముల,4660.0,2024-10-07
8,Rajasthan,RAJASTHAN,8.0,86,Ajmer,AJMER,119.0,6659,Arain,Arain,0.0,2024-10-07
19,West Bengal,WEST BENGAL,19.0,312,Hooghly,HOOGHLY,338.0,2340,Arambag,,2340.0,2024-10-07
10,Bihar,BIHAR,10.0,213,Purbi Champaran,पूर्वी चंपारण,204.0,1045,Areraj,अरेराज,1045.0,2024-10-07
10,Bihar,BIHAR,10.0,219,Sheikhpura,शेखपुरा,228.0,1377,Ariari,अरियरी,1377.0,2024-10-07
21,Odisha,ODISHA,21.0,354,Ganjam,GANJAM,388.0,3088,Arjyapalli Marine,,3088.0,2024-10-07
1,Jammu And Kashmir,JAMMU AND KASHMIR,1.0,627,Reasi,REASI,20.0,6740,Arnas,Arnas,0.0,2024-10-07
10,Bihar,BIHAR,10.0,193,Bhojpur,भोजपुर,231.0,1422,Arrah,आरा,1422.0,2024-10-07
8,Rajasthan,RAJASTHAN,8.0,88,Banswara,BANSWARA,125.0,6922,Artuna,अरथूना,0.0,2024-10-07
27,Maharashtra,महाराष्ट्र,27.0,498,Wardha,वर्धा,504.0,4017,Arvi,आर्वी,4017.0,2024-10-07
10,Bihar,BIHAR,10.0,207,Munger,मुंगेर,226.0,1361,Asarganj,असरगंज,1361.0,2024-10-07
27,Maharashtra,महाराष्ट्र,27.0,498,Wardha,वर्धा,504.0,4015,Ashti,आष्टी,4015.0,2024-10-07
8,Rajasthan,RAJASTHAN,8.0,99,Dungarpur,DUNGARPUR,124.0,647,Aspur,,647.0,2024-10-07
10,Bihar,BIHAR,10.0,209,Nalanda,नालंदा,229.0,1385,Asthawan,अस्थावां,1385.0,2024-10-07
21,Odisha,ODISHA,21.0,350,Cuttack,CUTTACK,381.0,2950,Athagad,,2950.0,2024-10-07
18,Assam,ASSAM,18.0,285,Dhubri,DHUBURI,301.0,7116,Athani,ATHANI,0.0,2024-10-07
36,Telangana,తెలంగాణ,0.0,686,Hanumakonda,హనుమకొండ,0.0,4694,Athmakur,ఆత్మాకూర్,4694.0,2024-10-07
23,Madhya Pradesh,MADHYA PRADESH,23.0,394,Betul,बैतूल,447.0,3599,Athner,आठनेर,3599.0,2024-10-07
28,Andhra Pradesh,ANDHRA PRADESH,28.0,504,Y.S.R.,,551.0,5227,Atlur,,5227.0,2024-10-07
28,Andhra Pradesh,ANDHRA PRADESH,28.0,502,Ananthapuramu,అనంతపురము,553.0,5322,Atmakur,,5322.0,2024-10-07
36,Telangana,తెలంగాణ,0.0,693,Wanaparthy,వనపర్తి,0.0,4592,Atmakur,ఆత్మకూర్,4592.0,2024-10-07
8,Rajasthan,RAJASTHAN,8.0,89,Baran,BARAN,128.0,673,Atru,अटरु,673.0,2024-10-07
9,Uttar Pradesh,UTTAR PRADESH,9.0,179,Bhadohi,BHADOHI,198.0,999,Aurai,,999.0,2024-10-07
33,Tamil Nadu,TAMIL NADU,33.0,589,Thiruvallur,THIRUVALLUR,602.0,6621,Avadi,ஆவடி,0.0,2024-10-07
28,Andhra Pradesh,ANDHRA PRADESH,28.0,510,Krishna,KRISHNA,547.0,5037,Avanigadda,,5037.0,2024-10-07
1,Jammu And Kashmir,JAMMU AND KASHMIR,1.0,11,Pulwama,PULWAMA,12.0,49,Awantipora,,49.0,2024-10-07
3,Punjab,PUNJAB,3.0,27,Amritsar,AMRITSAR,49.0,258,Baba Bakala,,258.0,2024-10-07
24,Gujarat,GUJARAT,24.0,439,Amreli,AMRELI,480.0,3840,Babra,,3840.0,2024-10-07
27,Maharashtra,महाराष्ट्र,27.0,500,Yavatmal,यवतमाळ,510.0,4080,Babulgaon,बाबूलगाव,4080.0,2024-10-07
36,Telangana,తెలంగాణ,0.0,700,Medchal Malkajgiri,మేడ్చల్ మల్కాజిగిరి,0.0,6315,Bachupally,బాచ్ పల్లి,0.0,2024-10-07
23,Madhya Pradesh,MADHYA PRADESH,23.0,434,Tikamgarh,टीकमगढ़,424.0,6998,Badagaon (Dhasan),बड़ागाँव (धसान),0.0,2024-10-07
8,Rajasthan,RAJASTHAN,8.0,117,Udaipur,UDAIPUR,130.0,6903,Badgaon,बडगॉव,0.0,2024-10-07
6,Haryana,HARYANA,6.0,701,Charki Dadri,CHARKI DADRI,0.0,403,Badhra,,403.0,2024-10-07
9,Uttar Pradesh,UTTAR PRADESH,9.0,152,Jaunpur,JAUNPUR,194.0,982,Badlapur,,982.0,2024-10-07
21,Odisha,ODISHA,21.0,357,Jharsuguda,JHARSUGUDA,371.0,2777,Badmal,,2777.0,2024-10-07
8,Rajasthan,RAJASTHAN,8.0,774,Beawar,ब्‍यावर,,6066,Badnor,Badnor,0.0,2024-10-07
29,Karnataka,ಕರ್ನಾಟಕ,29.0,524,Bagalkote,ಬಾಗಲಕೋಟೆ,556.0,5447,Bagalkot,ಬಾಗಲಕೋಟ,5447.0,2024-10-07
22,Chhattisgarh,छत्तीसगढ़,22.0,380,Jashpur,जशपुर,402.0,7347,Bagbahar,बागबहार,0.0,2024-10-07
19,West Bengal,WEST BENGAL,19.0,303,North 24 Parganas,NORTH TWENTY FOUR PARGANAS,337.0,2316,Bagda,,2316.0,2024-10-07
29,Karnataka,ಕರ್ನಾಟಕ,29.0,630,Chikkaballapura,ಚಿಕ್ಕಬಳ್ಳಾಪುರ,582.0,5598,Bagepalli,ಬಾಗೆಪಲ್ಲಿ,5598.0,2024-10-07
5,Uttarakhand,UTTARAKHAND,5.0,46,Bageshwar,BAGESHWAR,63.0,323,Bageshwar,,323.0,2024-10-07
8,Rajasthan,RAJASTHAN,8.0,779,Sanchore,सांचौर,,589,Bagora,,589.0,2024-10-07
5,Uttarakhand,UTTARAKHAND,5.0,45,Almora,ALMORA,64.0,6341,Bagwalipokhar,,0.0,2024-10-07
9,Uttar Pradesh,UTTAR PRADESH,9.0,118,Agra,AGRA,146.0,770,Bah,,770.0,2024-10-07
6,Haryana,HARYANA,6.0,619,Palwal,,89.0,6479,Bahin St,बहिन,0.0,2024-10-07
23,Madhya Pradesh,MADHYA PRADESH,23.0,413,Katni,कटनी,450.0,3625,Bahoriband,बहोरीबंद,3625.0,2024-10-07
22,Chhattisgarh,छत्तीसगढ़,22.0,384,Korea,कोरिया,400.0,3232,Baikunthpur,,3232.0,2024-10-07
29,Karnataka,ಕರ್ನಾಟಕ,29.0,527,Belagavi,ಬೆಳಗಾವಿ,555.0,5440,Bailahongala,ಬೈಲಹೊಂಗಲ,5440.0,2024-10-07
29,Karnataka,ಕರ್ನಾಟಕ,29.0,549,Udupi,ಉಡುಪಿ,569.0,7066,Bainduru,,0.0,2024-10-07
23,Madhya Pradesh,MADHYA PRADESH,23.0,432,Shivpuri,शिवपुरी,423.0,6534,Bairad,बैराड़,0.0,2024-10-07
28,Andhra Pradesh,ANDHRA PRADESH,28.0,503,Chittoor,CHITTOOR,554.0,5423,Baireddipalle,,5423.0,2024-10-07
23,Madhya Pradesh,MADHYA PRADESH,23.0,404,Dindori,डिंडोरी,453.0,6071,Bajag,बजाग,0.0,2024-10-07
10,Bihar,BIHAR,10.0,221,Sitamarhi,सीतामढी,206.0,1075,Bajpatti,बाजपट्टी,1075.0,2024-10-07
22,Chhattisgarh,छत्तीसगढ़,22.0,374,Bastar,बस्तर,414.0,3364,Bakavand,,3364.0,2024-10-07
9,Uttar Pradesh,UTTAR PRADESH,9.0,162,Lucknow,LUCKNOW,157.0,820,Bakshi Ka Talab,,820.0,2024-10-07
23,Madhya Pradesh,MADHYA PRADESH,23.0,392,Balaghat,बालाघाट,457.0,3672,Balaghat,बालाघाट,3672.0,2024-10-07
1,Jammu And Kashmir,JAMMU AND KASHMIR,1.0,10,Poonch,POONCH,5.0,6778,Balakote,Balakote,0.0,2024-10-07
21,Odisha,ODISHA,21.0,345,Balangir,BALANGIR,393.0,3142,Balangir,,3142.0,2024-10-07
27,Maharashtra,महाराष्ट्र,27.0,467,Akola,अकोला,501.0,3990,Balapur,बाळापूर,3990.0,2024-10-07
10,Bihar,BIHAR,10.0,191,Begusarai,बेगूसराय,222.0,1319,Balia,बलिया,1319.0,2024-10-07
21,Odisha,ODISHA,21.0,359,Kandhamal,KANDHAMAL,390.0,3119,Baliguda,,3119.0,2024-10-07
12,Arunachal Pradesh,ARUNACHAL PRADESH,12.0,237,Papum Pare,PAPUM PARE,248.0,1592,Balijan Adc,Balijan ADC,1592.0,2024-10-07
6,Haryana,HARYANA,6.0,67,Karnal,KARNAL,74.0,6452,Ballah St,बल्लाह,0.0,2024-10-07
9,Uttar Pradesh,UTTAR PRADESH,9.0,126,Ballia,BALLIA,193.0,978,Ballia,,978.0,2024-10-07
22,Chhattisgarh,छत्तीसगढ़,22.0,644,Balodabazar-Bhatapara,बलौदाबाजार-भाटापारा,0.0,3326,Balodabazar,बलौदाबाजार,3326.0,2024-10-07
21,Odisha,ODISHA,21.0,363,Koraput,KORAPUT,398.0,3205,Bandhugaon,,3205.0,2024-10-07
28,Andhra Pradesh,ANDHRA PRADESH,28.0,755,Nandyal,Nandyal,0.0,5283,Bandi Atmakur,,5283.0,2024-10-07
8,Rajasthan,RAJASTHAN,8.0,97,Dausa,DAUSA,109.0,7210,Bandikui,बाँदीकुई,0.0,2024-10-07
9,Uttar Pradesh,UTTAR PRADESH,9.0,186,Unnao,UNNAO,156.0,6160,Bangarmau,BANGARMAU,0.0,2024-10-07
21,Odisha,ODISHA,21.0,345,Balangir,BALANGIR,393.0,3150,Bangomunda,,3150.0,2024-10-07
1,Jammu And Kashmir,JAMMU AND KASHMIR,1.0,7,Kathua,KATHUA,7.0,29,Bani,,29.0,2024-10-07
19,West Bengal,WEST BENGAL,19.0,305,Bankura,BANKURA,339.0,2362,Bankura - II,,2362.0,2024-10-07
21,Odisha,ODISHA,21.0,348,Bhadrak,BHADRAK,378.0,2920,Bansada,,2920.0,2024-10-07
9,Uttar Pradesh,UTTAR PRADESH,9.0,120,Prayagraj,PRAYAGRAJ,175.0,891,Bara,,891.0,2024-10-07
21,Odisha,ODISHA,21.0,373,Sundargarh,SUNDARGARH,374.0,2812,Baragaon,,2812.0,2024-10-07
1,Jammu And Kashmir,JAMMU AND KASHMIR,1.0,3,Baramulla,BARAMULLA,8.0,35,Baramulla,,35.0,2024-10-07
8,Rajasthan,RAJASTHAN,8.0,117,Udaipur,UDAIPUR,130.0,7361,Barapal,बारापाल,0.0,2024-10-07
21,Odisha,ODISHA,21.0,347,Bargarh,BARGARH,370.0,2763,Barapali,,2763.0,2024-10-07
6,Haryana,HARYANA,6.0,58,Ambala,AMBALA,70.0,360,Barara,,360.0,2024-10-07
10,Bihar,BIHAR,10.0,201,Katihar,कटिहार,212.0,1153,Barari,बरारी,1153.0,2024-10-07
10,Bihar,BIHAR,10.0,191,Begusarai,बेगूसराय,222.0,1312,Barauni,बरौनी,1312.0,2024-10-07
24,Gujarat,GUJARAT,24.0,459,Surat,SURAT,492.0,3940,Bardoli,,3940.0,2024-10-07
21,Odisha,ODISHA,21.0,347,Bargarh,BARGARH,370.0,2765,Bargarh,,2765.0,2024-10-07
23,Madhya Pradesh,MADHYA PRADESH,23.0,428,Seoni,सिवनी,456.0,3665,Barghat,बरघाट,3665.0,2024-10-07
33,Tamil Nadu,TAMIL NADU,33.0,577,Krishnagiri,KRISHNAGIRI,631.0,6613,Bargur,பர்கூர்,0.0,2024-10-07
10,Bihar,BIHAR,10.0,194,Buxar,बक्सर,232.0,1437,Barhampur,ब्रहम्पुर,1437.0,2024-10-07
10,Bihar,BIHAR,10.0,193,Bhojpur,भोजपुर,231.0,1423,Barhara,बरहारा,1423.0,2024-10-07
10,Bihar,BIHAR,10.0,198,Jamui,जमुई,238.0,1528,Barhat,बरहट,1528.0,2024-10-07
1,Jammu And Kashmir,JAMMU AND KASHMIR,1.0,624,Samba,SAMBA,22.0,6720,Bari Brahamana,Bari Brahamana,0.0,2024-10-07
21,Odisha,ODISHA,21.0,356,Jajapur,JAJAPUR,382.0,2985,Bari - Ramachandrapur,,2985.0,2024-10-07
8,Rajasthan,RAJASTHAN,8.0,95,Chittorgarh,CHITTORGARH,126.0,664,Bari Sadri,,664.0,2024-10-07
20,Jharkhand,झारखंड,20.0,335,Latehar,लातेहार,359.0,2641,Bariyatu,बारियातु,2641.0,2024-10-07
21,Odisha,ODISHA,21.0,351,Deogarh,DEOGARH,373.0,2801,Barkot,,2801.0,2024-10-07
8,Rajasthan,RAJASTHAN,8.0,90,Barmer,BARMER,115.0,582,Barmer,,582.0,2024-10-07
5,Uttarakhand,UTTARAKHAND,5.0,57,Uttar Kashi,UTTAR KASHI,56.0,6405,Barnigad,Barnigad,0.0,2024-10-07
19,West Bengal,WEST BENGAL,19.0,303,North 24 Parganas,NORTH TWENTY FOUR PARGANAS,337.0,2323,Barrackpur - I,,2323.0,2024-10-07
10,Bihar,BIHAR,10.0,201,Katihar,कटिहार,212.0,1147,Barsoi,बरसोइ,1147.0,2024-10-07
23,Madhya Pradesh,MADHYA PRADESH,23.0,393,Barwani,बड़वानी,441.0,3554,Barwani,बड़वानी,3554.0,2024-10-07
10,Bihar,BIHAR,10.0,223,Supaul,सुपौल,208.0,1102,Basantpur,बसंतपुर,1102.0,2024-10-07
36,Telangana,తెలంగాణ,0.0,680,Nirmal,నిర్మల్,0.0,6205,Basar,బాసర,0.0,2024-10-07
29,Karnataka,ಕರ್ನಾಟಕ,29.0,529,Bidar,ಬೀದರ್‌,558.0,5454,Basavakalyan,ಬಸವಕಲ್ಯಾಣ,5454.0,2024-10-07
22,Chhattisgarh,छत्तीसगढ़,22.0,385,Mahasamund,महासमुंद,411.0,3339,Basna,,3339.0,2024-10-07
21,Odisha,ODISHA,21.0,346,Baleshwar,BALESHWAR,377.0,2895,Basta,,2895.0,2024-10-07
9,Uttar Pradesh,UTTAR PRADESH,9.0,131,Basti,BASTI,185.0,939,Basti,,939.0,2024-10-07
8,Rajasthan,RAJASTHAN,8.0,90,Barmer,BARMER,115.0,7363,Batadu,बाटाडू,0.0,2024-10-07
22,Chhattisgarh,छत्तीसगढ़,22.0,389,Surguja,सरगुजा,401.0,3253,Batouli,,3253.0,2024-10-07
6,Haryana,HARYANA,6.0,72,Rewari,REWARI,85.0,415,Bawal,,415.0,2024-10-07
6,Haryana,HARYANA,6.0,59,Bhiwani,BHIWANI,81.0,397,Bawani Khera,,397.0,2024-10-07
36,Telangana,తెలంగాణ,0.0,501,Adilabad,ఆదిలాబాద్,532.0,4323,Bazarhatnoor,బజార్ హత్నూర్,4323.0,2024-10-07
24,Gujarat,GUJARAT,24.0,451,Mahesana,MAHESANA,471.0,3758,Becharaji,,3758.0,2024-10-07
8,Rajasthan,RAJASTHAN,8.0,95,Chittorgarh,CHITTORGARH,126.0,657,Begun,,657.0,2024-10-07
36,Telangana,తెలంగాణ,0.0,699,Kumuram Bheem Asifabad,కుమురం భీమ్ ఆసిఫాబాద్,0.0,4317,Bejjur,బెజ్జూర్,4317.0,2024-10-07
21,Odisha,ODISHA,21.0,359,Kandhamal,KANDHAMAL,390.0,3122,Belaghar,,3122.0,2024-10-07
16,Tripura,ত্রিপুরা,16.0,271,South Tripura,দক্ষিন ত্রিপুরা,290.0,6687,Belonia,বিলোনিয়া,0.0,2024-10-07
21,Odisha,ODISHA,21.0,345,Balangir,BALANGIR,393.0,3147,Belpara,,3147.0,2024-10-07
28,Andhra Pradesh,ANDHRA PRADESH,28.0,502,Ananthapuramu,అనంతపురము,553.0,5318,Beluguppa,,5318.0,2024-10-07
29,Karnataka,ಕರ್ನಾಟಕ,29.0,539,Hassan,ಹಾಸನ,574.0,5554,Belur,ಬೇಲೂರು,5554.0,2024-10-07
21,Odisha,ODISHA,21.0,346,Baleshwar,BALESHWAR,377.0,2904,Berhampur,,2904.0,2024-10-07
10,Bihar,BIHAR,10.0,211,Pashchim Champaran,पश्चिम चम्पारण,203.0,1028,Bettiah,बेतिया,1028.0,2024-10-07
8,Rajasthan,RAJASTHAN,8.0,97,Dausa,DAUSA,109.0,7373,Bhaandarej,भाण्‍डारेज,0.0,2024-10-07
29,Karnataka,ಕರ್ನಾಟಕ,29.0,547,Shivamogga,ಶಿವಮೊಗ್ಗ,568.0,5521,Bhadravati,ಭದ್ರಾವತಿ,5521.0,2024-10-07
2,Himachal Pradesh,HIMACHAL PRADESH,2.0,22,Mandi,MANDI,27.0,130,Bhadrota,,130.0,2024-10-07
19,West Bengal,WEST BENGAL,19.0,317,Purba Medinipur,PURBA MEDINIPUR,345.0,2480,Bhagawanpur - I,,2480.0,2024-10-07
19,West Bengal,WEST BENGAL,19.0,317,Purba Medinipur,PURBA MEDINIPUR,345.0,2479,Bhagawanpur - II,,2479.0,2024-10-07
5,Uttarakhand,UTTARAKHAND,5.0,50,Haridwar,HARIDWAR,68.0,6022,Bhagwanpur,,0.0,2024-10-07
10,Bihar,BIHAR,10.0,200,Kaimur (Bhabua),कैमूर ( भभुआ ),233.0,1455,Bhagwanpur,भगवानपुर,1455.0,2024-10-07
23,Madhya Pradesh,MADHYA PRADESH,23.0,414,Khargone (West Nimar),खरगोन (पश्चिम निमाड़),440.0,3552,Bhagwanpura,भगवानपुरा,3552.0,2024-10-07
20,Jharkhand,झारखंड,20.0,328,Garhwa,गढ़वा,346.0,2513,Bhandaria,भंडरिया,2513.0,2024-10-07
21,Odisha,ODISHA,21.0,348,Bhadrak,BHADRAK,378.0,2912,Bhandari Pokhari,,2912.0,2024-10-07
19,West Bengal,WEST BENGAL,19.0,304,South 24 Parganas,SOUTH 24 Parganas,343.0,2419,Bhangar - II,,2419.0,2024-10-07
8,Rajasthan,RAJASTHAN,8.0,96,Churu,CHURU,102.0,7209,Bhanipura,भानीपुरा,0.0,2024-10-07
5,Uttarakhand,UTTARAKHAND,5.0,45,Almora,ALMORA,64.0,333,Bhanoli,,333.0,2024-10-07
24,Gujarat,GUJARAT,24.0,674,Devbhumi Dwarka,DEVBHUMI DWARKA,0.0,3820,Bhanvad,,3820.0,2024-10-07
2,Himachal Pradesh,HIMACHAL PRADESH,2.0,26,Una,UNA,29.0,147,Bharwain,,147.0,2024-10-07
29,Karnataka,ಕರ್ನಾಟಕ,29.0,550,Uttara Kannada,ಉತ್ತರ ಕನ್ನಡ,563.0,5488,Bhatkal,ಭಟ್ಕಳ,5488.0,2024-10-07
28,Andhra Pradesh,ANDHRA PRADESH,28.0,750,Bapatla,Bapatla,0.0,5089,Bhattiprolu,,5089.0,2024-10-07
10,Bihar,BIHAR,10.0,214,Purnia,पूर्णिया,211.0,1130,Bhawanipur,भवानीपुर,1130.0,2024-10-07
20,Jharkhand,झारखंड,20.0,328,Garhwa,गढ़वा,346.0,2496,Bhawnathpur,भवनाथपुर,2496.0,2024-10-07
3,Punjab,PUNJAB,3.0,609,Tarn Taran,tarn taran,50.0,6853,Bhikhiwind,ਭਿਖੀਵਿੰਡ,0.0,2024-10-07
24,Gujarat,GUJARAT,24.0,672,Arvalli,,0.0,3764,Bhiloda,,3764.0,2024-10-07
8,Rajasthan,RAJASTHAN,8.0,92,Bhilwara,BHILWARA,122.0,634,Bhilwara,,634.0,2024-10-07
22,Chhattisgarh,छत्तीसगढ़,22.0,650,Bemetara,बेमेतरा,0.0,7299,Bhimbhauri,भिम्भौरी,0.0,2024-10-07
8,Rajasthan,RAJASTHAN,8.0,104,Jalore,JALORE,116.0,588,Bhinmal,,588.0,2024-10-07
27,Maharashtra,महाराष्ट्र,27.0,484,Nagpur,नागपूर,505.0,4036,Bhiwapur,भिवापूर,4036.0,2024-10-07
1,Jammu And Kashmir,JAMMU AND KASHMIR,1.0,627,Reasi,REASI,20.0,6744,Bhomag,Bhomag,0.0,2024-10-07
36,Telangana,తెలంగాణ,0.0,512,Mahabubnagar,మహబూబ్ నగర్,538.0,4574,Bhoothpur,బూత్పూర్,4574.0,2024-10-07
22,Chhattisgarh,छत्तीसगढ़,22.0,636,Bijapur,बीजापुर,417.0,3376,Bhopalpattnam,,3376.0,2024-10-07
22,Chhattisgarh,छत्तीसगढ़,22.0,762,Sakti,सक्ती,0.0,7400,Bhothiya,भोथिया,0.0,2024-10-07
21,Odisha,ODISHA,21.0,352,Dhenkanal,DHENKANAL,383.0,2990,Bhuban,,2990.0,2024-10-07
27,Maharashtra,महाराष्ट्र,27.0,488,Dharashiv,धाराशिव,525.0,4237,Bhum,भूम,4237.0,2024-10-07
21,Odisha,ODISHA,21.0,352,Dhenkanal,DHENKANAL,383.0,2995,Bhusan Steel Limited,,2995.0,2024-10-07
8,Rajasthan,RAJASTHAN,8.0,99,Dungarpur,DUNGARPUR,124.0,6058,Bichiwara,BICHIWARA,0.0,2024-10-07
29,Karnataka,ಕರ್ನಾಟಕ,29.0,529,Bidar,ಬೀದರ್‌,558.0,5457,Bidar,ಬೀದರ್,5457.0,2024-10-07
10,Bihar,BIHAR,10.0,224,Vaishali,वैशाली,220.0,1280,Bidupur,बिदुपुर,1280.0,2024-10-07
9,Uttar Pradesh,UTTAR PRADESH,9.0,186,Unnao,UNNAO,156.0,818,Bighapur,,818.0,2024-10-07
21,Odisha,ODISHA,21.0,347,Bargarh,BARGARH,370.0,2762,Bijepur,,2762.0,2024-10-07
36,Telangana,తెలంగాణ,0.0,694,Nagarkurnool,నాగర్ కర్నూల్,0.0,4584,Bijinapally,బిజినేపల్లి,4584.0,2024-10-07
8,Rajasthan,RAJASTHAN,8.0,93,Bikaner,BIKANER,101.0,473,Bikaner,,473.0,2024-10-07
22,Chhattisgarh,छत्तीसगढ़,22.0,763,Sarangarh-Bilaigarh,सारंगढ़-बिलाईगढ़,0.0,3329,Bilaigarh,,3329.0,2024-10-07
9,Uttar Pradesh,UTTAR PRADESH,9.0,171,Moradabad,MORADABAD,135.0,720,Bilari,,720.0,2024-10-07
18,Assam,ASSAM,18.0,285,Dhubri,DHUBURI,301.0,6018,Bilasipara Pt,Bilasipara Pt,2009.0,2024-10-07
2,Himachal Pradesh,HIMACHAL PRADESH,2.0,15,Bilaspur,BILASPUR,30.0,156,Bilaspur Sadar,,156.0,2024-10-07
12,Arunachal Pradesh,ARUNACHAL PRADESH,12.0,232,East Siang,EAST SIANG,251.0,1652,Bilat Circle,Bilat Circle,1652.0,2024-10-07
29,Karnataka,ಕರ್ನಾಟಕ,29.0,524,Bagalkote,ಬಾಗಲಕೋಟೆ,556.0,5444,Bilgi,ಬಿಳಗಿ,5444.0,2024-10-07
15,Mizoram,MIZORAM,15.0,263,Kolasib,KOLASIB,282.0,1900,Bilkhawthlir,,1900.0,2024-10-07
9,Uttar Pradesh,UTTAR PRADESH,9.0,133,Budaun,BUDAUN,149.0,780,Bilsi,,780.0,2024-10-07
19,West Bengal,WEST BENGAL,19.0,703,Jhargram,Jhargram,0.0,2441,Binpur - II,,2441.0,2024-10-07
20,Jharkhand,झारखंड,20.0,329,Giridih,गिरिडीह,349.0,2540,Birni,बिरनी,2540.0,2024-10-07
10,Bihar,BIHAR,10.0,191,Begusarai,बेगूसराय,222.0,1313,Birpur,वीरपुर,1313.0,2024-10-07
9,Uttar Pradesh,UTTAR PRADESH,9.0,133,Budaun,BUDAUN,149.0,779,Bisauli,,779.0,2024-10-07
21,Odisha,ODISHA,21.0,370,Rayagada,RAYAGADA,396.0,3175,Bishamakatak,,3175.0,2024-10-07
21,Odisha,ODISHA,21.0,365,Mayurbhanj,MAYURBHANJ,376.0,2864,Bisoi,,2864.0,2024-10-07
21,Odisha,ODISHA,21.0,358,Kalahandi,KALAHANDI,395.0,3163,Biswanathpur,,3163.0,2024-10-07
28,Andhra Pradesh,ANDHRA PRADESH,28.0,504,Y.S.R.,,551.0,5209,B.Kodur,,5209.0,2024-10-07
1,Jammu And Kashmir,JAMMU AND KASHMIR,1.0,2,Budgam,,2.0,6815,Bk Pora,BK Pora,0.0,2024-10-07
22,Chhattisgarh,छत्तीसगढ़,22.0,382,Kabeerdham,कबीरधाम,407.0,3299,Bodla,,3299.0,2024-10-07
36,Telangana,తెలంగాణ,0.0,683,Rajanna Sircilla,రాజన్న సిరిసిల్ల,0.0,4429,Boinpalli,బోయినిపల్లి,4429.0,2024-10-07
18,Assam,ASSAM,18.0,288,Golaghat,GOLAGHAT,313.0,2082,Bokakhat,,2082.0,2024-10-07
19,West Bengal,WEST BENGAL,19.0,307,Birbhum,BIRBHUM,334.0,2264,Bolpur Sriniketan,,2264.0,2024-10-07
6,Haryana,HARYANA,6.0,701,Charki Dadri,CHARKI DADRI,0.0,6433,Bondkalan St,बोंदकला,0.0,2024-10-07
1,Jammu And Kashmir,JAMMU AND KASHMIR,1.0,620,Kishtwar,,18.0,6770,Bounjwah,Bounjwah,0.0,2024-10-07
21,Odisha,ODISHA,21.0,359,Kandhamal,KANDHAMAL,390.0,3124,Brahmanigaon,,3124.0,2024-10-07
28,Andhra Pradesh,ANDHRA PRADESH,28.0,752,Tirupati,Tirupati,0.0,5380,Buchinaidu Kandriga,,5380.0,2024-10-07
19,West Bengal,WEST BENGAL,19.0,304,South 24 Parganas,SOUTH 24 Parganas,343.0,2414,Budge Budge - II,,2414.0,2024-10-07
36,Telangana,తెలంగాణ,0.0,681,Jagitial,జగిత్యాల,0.0,6213,Buggaram,బుగ్గారం,0.0,2024-10-07
28,Andhra Pradesh,ANDHRA PRADESH,28.0,754,Sri Sathya Sai,Sri Sathya Sai,0.0,5345,Bukkapatnam,,5345.0,2024-10-07
19,West Bengal,WEST BENGAL,19.0,321,Purulia,PURULIA,340.0,2397,Bundwan,,2397.0,2024-10-07
19,West Bengal,WEST BENGAL,19.0,306,Purba Bardhaman,PURBA BARDHAMAN,335.0,2289,Burdwan - I,,2289.0,2024-10-07
23,Madhya Pradesh,MADHYA PRADESH,23.0,397,Burhanpur,बुरहानपुर,467.0,3719,Burhanpur,बुरहानपुर,3719.0,2024-10-07
28,Andhra Pradesh,ANDHRA PRADESH,28.0,519,Srikakulam,SRIKAKULAM,542.0,4794,Burja,,4794.0,2024-10-07
10,Bihar,BIHAR,10.0,194,Buxar,बक्सर,232.0,1441,Buxar,बक्सर,1441.0,2024-10-07
30,Goa,GOA,30.0,552,South Goa,SOUTH GOA,586.0,5619,Canacona,,5619.0,2024-10-07
23,Madhya Pradesh,MADHYA PRADESH,23.0,406,Guna,गुना,458.0,3683,Chachaura,चाचोड़ा,3683.0,2024-10-07
28,Andhra Pradesh,ANDHRA PRADESH,28.0,755,Nandyal,Nandyal,0.0,5303,Chagalamarri,,5303.0,2024-10-07
12,Arunachal Pradesh,ARUNACHAL PRADESH,12.0,628,Anjaw,,260.0,1739,Chaglagam Circle,,1739.0,2024-10-07
10,Bihar,BIHAR,10.0,194,Buxar,बक्सर,232.0,1436,Chakki,चक्की,1436.0,2024-10-07
28,Andhra Pradesh,ANDHRA PRADESH,28.0,510,Krishna,KRISHNA,547.0,5035,Challapalli,చల్లపల్లి,5035.0,2024-10-07
7,Delhi,DELHI,7.0,79,New Delhi,NEW DELHI,94.0,443,Chanakya Puri,,443.0,2024-10-07
10,Bihar,BIHAR,10.0,190,Banka,बांका,225.0,1353,Chanan,चान्दन,1353.0,2024-10-07
10,Bihar,BIHAR,10.0,204,Lakhisarai,लखीसराय,227.0,1369,Chanan*,चानन,1369.0,2024-10-07
23,Madhya Pradesh,MADHYA PRADESH,23.0,399,Chhindwara,छिन्दवाड़ा,455.0,6996,Chand,चांद,0.0,2024-10-07
10,Bihar,BIHAR,10.0,200,Kaimur (Bhabua),कैमूर ( भभुआ ),233.0,1451,Chand,चाँद,1451.0,2024-10-07
21,Odisha,ODISHA,21.0,348,Bhadrak,BHADRAK,378.0,2919,Chandabali,,2919.0,2024-10-07
9,Uttar Pradesh,UTTAR PRADESH,9.0,135,Chandauli,CHANDAULI,196.0,993,Chandauli,,993.0,2024-10-07
14,Manipur,MANIPUR,14.0,253,Chandel,CHANDEL,280.0,1894,Chandel,,1894.0,2024-10-07
23,Madhya Pradesh,MADHYA PRADESH,23.0,391,Ashoknagar,अशोकनगर,459.0,3685,Chanderi,चंदेरी,3685.0,2024-10-07
27,Maharashtra,महाराष्ट्र,27.0,480,Kolhapur,कोल्हापूर,530.0,4294,Chandgad,चंदगड,4294.0,2024-10-07
19,West Bengal,WEST BENGAL,19.0,318,Paschim Medinipur,PASCHIM MEDINIPUR,344.0,2446,Chandrakona - I,,2446.0,2024-10-07
19,West Bengal,WEST BENGAL,19.0,318,Paschim Medinipur,PASCHIM MEDINIPUR,344.0,2447,Chandrakona - II,,2447.0,2024-10-07
36,Telangana,తెలంగాణ,0.0,683,Rajanna Sircilla,రాజన్న సిరిసిల్ల,0.0,4419,Chandurthi,చందుర్తి,4419.0,2024-10-07
29,Karnataka,ಕರ್ನಾಟಕ,29.0,631,Ramanagara,ರಾಮನಗರ,584.0,5607,Channapatna,,5607.0,2024-10-07
1,Jammu And Kashmir,JAMMU AND KASHMIR,1.0,13,Srinagar,SRINAGAR,10.0,6802,Channapora,Channapora,0.0,2024-10-07
1,Jammu And Kashmir,JAMMU AND KASHMIR,1.0,627,Reasi,REASI,20.0,6738,Chassana,Chassana,0.0,2024-10-07
5,Uttarakhand,UTTARAKHAND,5.0,45,Almora,ALMORA,64.0,326,Chaukhutiya,,326.0,2024-10-07
20,Jharkhand,झारखंड,20.0,332,Hazaribagh,हज़ारीबाग,360.0,2644,Chauparan,,2644.0,2024-10-07
10,Bihar,BIHAR,10.0,194,Buxar,बक्सर,232.0,1442,Chausa,चौसा,1442.0,2024-10-07
15,Mizoram,MIZORAM,15.0,264,Lawngtlai,LAWNGTLAI,287.0,1916,Chawngte,,1916.0,2024-10-07
36,Telangana,తెలంగాణ,0.0,513,Medak,మెదక్,535.0,4466,Chegunta,చేగుంట,4466.0,2024-10-07
28,Andhra Pradesh,ANDHRA PRADESH,28.0,515,Sri Potti Sriramulu Nellore,శ్రీ పొట్టి శ్రీరాములు నెల్లూరు,550.0,5172,Chejerla,,5172.0,2024-10-07
10,Bihar,BIHAR,10.0,215,Rohtas,रोहतास,234.0,1468,Chenari,चेनारी,1468.0,2024-10-07
28,Andhra Pradesh,ANDHRA PRADESH,28.0,504,Y.S.R.,,551.0,5226,Chennur,,5226.0,2024-10-07
28,Andhra Pradesh,ANDHRA PRADESH,28.0,750,Bapatla,Bapatla,0.0,5090,Cherukupalli,Cherukupalli,5090.0,2024-10-07
31,Lakshadweep,LAKSHADWEEP,31.0,553,Lakshadweep District,LAKSHADWEEP DISTRICT,587.0,5622,Chetlat,,5622.0,2024-10-07
33,Tamil Nadu,TAMIL NADU,33.0,593,Tiruvannamalai,TIRUVANNAMALAI,606.0,6617,Chetpet,சேத்துபட்டு,0.0,2024-10-07
10,Bihar,BIHAR,10.0,219,Sheikhpura,शेखपुरा,228.0,1376,Chewara,चेवाड़ा,1376.0,2024-10-07
33,Tamil Nadu,TAMIL NADU,33.0,593,Tiruvannamalai,TIRUVANNAMALAI,606.0,5722,Cheyyar,,5722.0,2024-10-07
8,Rajasthan,RAJASTHAN,8.0,89,Baran,BARAN,128.0,676,Chhabra,छ्बडा,676.0,2024-10-07
9,Uttar Pradesh,UTTAR PRADESH,9.0,167,Mathura,MATHURA,145.0,761,Chhata,,761.0,2024-10-07
10,Bihar,BIHAR,10.0,223,Supaul,सुपौल,208.0,1103,Chhatapur,छातापुर,1103.0,2024-10-07
22,Chhattisgarh,छत्तीसगढ़,22.0,637,Narayanpur,नारायणपुर,415.0,7318,Chhotedongar,छोटेडोंगर,0.0,2024-10-07
22,Chhattisgarh,छत्तीसगढ़,22.0,388,Rajnandgaon,राजनंदगांव,408.0,3306,Chhuriya,,3306.0,2024-10-07
33,Tamil Nadu,TAMIL NADU,33.0,570,Cuddalore,CUDDALORE,617.0,5791,Chidambaram,,5791.0,2024-10-07
24,Gujarat,GUJARAT,24.0,453,Navsari,NAVSARI,490.0,3925,Chikhli,,3925.0,2024-10-07
28,Andhra Pradesh,ANDHRA PRADESH,28.0,754,Sri Sathya Sai,Sri Sathya Sai,0.0,5366,Chilamathur,,5366.0,2024-10-07
28,Andhra Pradesh,ANDHRA PRADESH,28.0,752,Tirupati,Tirupati,0.0,5190,Chillakur,,5190.0,2024-10-07
20,Jharkhand,झारखंड,20.0,328,Garhwa,गढ़वा,346.0,2507,Chinia,चिनिया,2507.0,2024-10-07
36,Telangana,తెలంగాణ,0.0,512,Mahabubnagar,మహబూబ్ నగర్,538.0,4587,Chinnachintakunta,చిన్నచింతకుంట,4587.0,2024-10-07
1,Jammu And Kashmir,JAMMU AND KASHMIR,1.0,4,Doda,DODA,16.0,6758,Chiralla,Chiralla,0.0,2024-10-07
29,Karnataka,ಕರ್ನಾಟಕ,29.0,533,Chitradurga,ಚಿತ್ರದುರ್ಗ,566.0,5505,Chitradurga,ಚಿತ್ರದುರ್ಗ,5505.0,2024-10-07
36,Telangana,తెలంగాణ,0.0,687,Jayashankar Bhupalapally,జయశంకర్ భూపాలపల్లి,0.0,4681,Chityal,చిట్యాల,4681.0,2024-10-07
36,Telangana,తెలంగాణ,0.0,696,Suryapet,సూర్యాపేట,0.0,4639,Chivemla,చివ్వేంల,4639.0,2024-10-07
19,West Bengal,WEST BENGAL,19.0,311,Uttar Dinajpur,UTTAR DINAJPUR,330.0,2191,Chopra,,2191.0,2024-10-07
24,Gujarat,GUJARAT,24.0,460,Surendranagar,SURENDRANAGAR,475.0,3794,Chotila,,3794.0,2024-10-07
36,Telangana,తెలంగాణ,0.0,697,Yadadri Bhuvanagiri,యదాద్రి భువనగిరి,0.0,4631,Choutuppal,చౌట్టుప్పల్,4631.0,2024-10-07
36,Telangana,తెలంగాణ,0.0,698,Vikarabad,వికారాబాద్,0.0,7186,Chowdapur,,0.0,2024-10-07
36,Telangana,తెలంగాణ,0.0,691,Sangareddy,సంగారెడ్డి,0.0,7188,Chowtakur,,0.0,2024-10-07
13,Nagaland,NAGALAND,13.0,246,Mokokchung,MOKOKCHUNG,262.0,1762,Chuchuyimlang,,1762.0,2024-10-07
13,Nagaland,NAGALAND,13.0,758,Chumoukedima,Chumoukedima,0.0,1797,Chumukedima,,1797.0,2024-10-07
9,Uttar Pradesh,UTTAR PRADESH,9.0,170,Mirzapur,मिर्ज़ापुर,199.0,1003,Chunar,चुनार,1003.0,2024-10-07
11,Sikkim,SIKKIM,11.0,226,Mangan,Mangan,241.0,1547,Chungthang,,1547.0,2024-10-07
14,Manipur,MANIPUR,14.0,254,Churachandpur,CHURACHANDPUR,274.0,1871,Churachandpur,,1871.0,2024-10-07
7,Delhi,DELHI,7.0,77,Central,CENTRAL,95.0,433,Civil Lines,,433.0,2024-10-07
19,West Bengal,WEST BENGAL,19.0,317,Purba Medinipur,PURBA MEDINIPUR,345.0,2488,Contai - I,,2488.0,2024-10-07
19,West Bengal,WEST BENGAL,19.0,308,Cooch Behar,COOCH BEHAR,329.0,2183,Cooch Behar - I,কোচবিহার - ১,2183.0,2024-10-07
21,Odisha,ODISHA,21.0,350,Cuttack,CUTTACK,381.0,2962,Cuttack Sadar,,2962.0,2024-10-07
21,Odisha,ODISHA,21.0,366,Nabarangpur,NABARANGPUR,397.0,3192,Dabugan,,3192.0,2024-10-07
1,Jammu And Kashmir,JAMMU AND KASHMIR,1.0,620,Kishtwar,,18.0,6765,Dachhan,Dachhan,0.0,2024-10-07
2,Himachal Pradesh,HIMACHAL PRADESH,2.0,16,Chamba,CHAMBA,23.0,87,Dalhousie,,87.0,2024-10-07
8,Rajasthan,RAJASTHAN,8.0,629,Pratapgarh,PRATAPGARH,131.0,7151,Dalot,दलोट,0.0,2024-10-07
36,Telangana,తెలంగాణ,0.0,684,Mancherial,మంచిర్యాల్,0.0,4348,Dandepally,దండెపల్లి,4348.0,2024-10-07
1,Jammu And Kashmir,JAMMU AND KASHMIR,1.0,3,Baramulla,BARAMULLA,8.0,6824,Danghiwacha,Danghiwacha,0.0,2024-10-07
27,Maharashtra,महाराष्ट्र,27.0,492,Ratnagiri,रत्नागिरी,528.0,4267,Dapoli,दापोली,4267.0,2024-10-07
20,Jharkhand,झारखंड,20.0,332,Hazaribagh,हज़ारीबाग,360.0,2649,Daru,,2649.0,2024-10-07
21,Odisha,ODISHA,21.0,367,Nayagarh,NAYAGARH,385.0,3023,Dasapalla,,3023.0,2024-10-07
22,Chhattisgarh,छत्तीसगढ़,22.0,646,Balod,बालोद,0.0,3322,Daundi,Daundi,3322.0,2024-10-07
12,Arunachal Pradesh,ARUNACHAL PRADESH,12.0,236,Lower Subansiri,LOWER SUBANSIRI,255.0,6842,Deed Circle,DEED CIRCLE,0.0,2024-10-07
20,Jharkhand,झारखंड,20.0,324,Deoghar,देवघर,350.0,2545,Deoghar,देवघर,2545.0,2024-10-07
27,Maharashtra,महाराष्ट्र,27.0,476,Gondia,गोंदीया,507.0,4051,Deori,देवरी,4051.0,2024-10-07
20,Jharkhand,झारखंड,20.0,329,Giridih,गिरिडीह,349.0,2534,Deori,देवरी,2534.0,2024-10-07
9,Uttar Pradesh,UTTAR PRADESH,9.0,156,Kanpur Dehat,KANPUR DEHAT,163.0,844,Derapur,,844.0,2024-10-07
29,Karnataka,ಕರ್ನಾಟಕ,29.0,546,Raichur,ರಾಯಚೂರು,559.0,5460,Devadurga,ದೇವದುರ್ಗ,5460.0,2024-10-07
28,Andhra Pradesh,ANDHRA PRADESH,28.0,511,Kurnool,KURNOOL,552.0,5276,Devanakonda,,5276.0,2024-10-07
36,Telangana,తెలంగాణ,0.0,512,Mahabubnagar,మహబూబ్ నగర్,538.0,4573,Devarakadra,దేవర కద్ర,4573.0,2024-10-07
36,Telangana,తెలంగాణ,0.0,514,Nalgonda,నల్గొండ,539.0,4653,Devarakonda,దేవరకొండ,4653.0,2024-10-07
28,Andhra Pradesh,ANDHRA PRADESH,28.0,745,Alluri Sitharama Raju,Alluri Sitharama Raju,0.0,4885,Devipatnam,,4885.0,2024-10-07
1,Jammu And Kashmir,JAMMU AND KASHMIR,1.0,622,Kulgam,KULGAM,15.0,60,Devsar,,60.0,2024-10-07
23,Madhya Pradesh,MADHYA PRADESH,23.0,402,Dewas,देवास,437.0,7031,Dewas Nagar,देवास नगर,0.0,2024-10-07
18,Assam,ASSAM,18.0,295,Lakhimpur,LAKHIMPUR,307.0,2053,Dhakuakhana (Pt-I),,2053.0,2024-10-07
2,Himachal Pradesh,HIMACHAL PRADESH,2.0,23,Shimla,SHIMLA,33.0,6964,Dhami,,0.0,2024-10-07
9,Uttar Pradesh,UTTAR PRADESH,9.0,132,Bijnor,BIJNOR,134.0,715,Dhampur,,715.0,2024-10-07
9,Uttar Pradesh,UTTAR PRADESH,9.0,154,Amroha,AMROHA,137.0,729,Dhanaura,,729.0,2024-10-07
24,Gujarat,GUJARAT,24.0,438,Ahmedabad,AHMEDABAD,474.0,3787,Dhandhuka,,3787.0,2024-10-07
24,Gujarat,GUJARAT,24.0,445,Dahod,DAHOD,485.0,3896,Dhanpur,,3896.0,2024-10-07
13,Nagaland,NAGALAND,13.0,758,Chumoukedima,Chumoukedima,0.0,1798,Dhansiripar,,1798.0,2024-10-07
23,Madhya Pradesh,MADHYA PRADESH,23.0,403,Dhar,धार,438.0,3534,Dhar,धार,3534.0,2024-10-07
21,Odisha,ODISHA,21.0,358,Kalahandi,KALAHANDI,395.0,3168,Dharamgarh,,3168.0,2024-10-07
23,Madhya Pradesh,MADHYA PRADESH,23.0,403,Dhar,धार,438.0,3539,Dharampuri,धरमपुरी,3539.0,2024-10-07
27,Maharashtra,महाराष्ट्र,27.0,488,Dharashiv,धाराशिव,525.0,4240,Dharashiv,धाराशिव,4240.0,2024-10-07
36,Telangana,తెలంగాణ,0.0,681,Jagitial,జగిత్యాల,0.0,4397,Dharmapuri,ధర్మపురి,4397.0,2024-10-07
36,Telangana,తెలంగాణ,0.0,682,Peddapalli,పెద్దపల్లి,0.0,4411,Dharmaram,ధర్మారం,4411.0,2024-10-07
36,Telangana,తెలంగాణ,0.0,686,Hanumakonda,హనుమకొండ,0.0,4677,Dharmasagar,ధర్మసాగర్,4677.0,2024-10-07
2,Himachal Pradesh,HIMACHAL PRADESH,2.0,22,Mandi,MANDI,27.0,127,Dharmpur,,127.0,2024-10-07
2,Himachal Pradesh,HIMACHAL PRADESH,2.0,18,Kangra,KANGRA,24.0,99,Dharmsala,,99.0,2024-10-07
2,Himachal Pradesh,HIMACHAL PRADESH,2.0,16,Chamba,CHAMBA,23.0,6944,Dharwala,,0.0,2024-10-07
5,Uttarakhand,UTTARAKHAND,5.0,45,Almora,ALMORA,64.0,6338,Dhaulchhina,,0.0,2024-10-07
5,Uttarakhand,UTTARAKHAND,5.0,57,Uttar Kashi,UTTAR KASHI,56.0,6365,Dhauntari,,0.0,2024-10-07
36,Telangana,తెలంగాణ,0.0,692,Siddipet,సిద్దిపేట,0.0,7189,Dhoolmitta,,0.0,2024-10-07
27,Maharashtra,महाराष्ट्र,27.0,474,Dhule,धुळे,498.0,3959,Dhule,धुळे,3959.0,2024-10-07
18,Assam,ASSAM,18.0,286,Dibrugarh,DIBRUGARH,310.0,2064,Dibrugarh East,,2064.0,2024-10-07
18,Assam,ASSAM,18.0,286,Dibrugarh,DIBRUGARH,310.0,2063,Dibrugarh West,,2063.0,2024-10-07
23,Madhya Pradesh,MADHYA PRADESH,23.0,434,Tikamgarh,टीकमगढ़,424.0,7394,Dighora,दिगौडा,0.0,2024-10-07
33,Tamil Nadu,TAMIL NADU,33.0,572,Dindigul,DINDIGUL,612.0,5980,Dindiguleast,,0.0,2024-10-07
33,Tamil Nadu,TAMIL NADU,33.0,572,Dindigul,DINDIGUL,612.0,5979,Dindigulwest,,0.0,2024-10-07
1,Jammu And Kashmir,JAMMU AND KASHMIR,1.0,7,Kathua,KATHUA,7.0,6726,Dinga Amb,Dinga Amb,0.0,2024-10-07
19,West Bengal,WEST BENGAL,19.0,308,Cooch Behar,COOCH BEHAR,329.0,2187,Dinhata - I,,2187.0,2024-10-07
12,Arunachal Pradesh,ARUNACHAL PRADESH,12.0,723,Pakke Kessang,PAKKE KESSANG,0.0,6099,Dissing Passo Circle,,0.0,2024-10-07
12,Arunachal Pradesh,ARUNACHAL PRADESH,12.0,229,Changlang,CHANGLANG,253.0,1682,Diyun Eac,Diyun EAC,1682.0,2024-10-07
10,Bihar,BIHAR,10.0,196,Gaya,गया,236.0,1504,Dobhi,डोभी,1504.0,2024-10-07
1,Jammu And Kashmir,JAMMU AND KASHMIR,1.0,4,Doda,DODA,16.0,62,Doda,,62.0,2024-10-07
9,Uttar Pradesh,UTTAR PRADESH,9.0,182,Siddharthnagar,SIDDHARTHNAGAR,184.0,936,Domariyaganj,,936.0,2024-10-07
19,West Bengal,WEST BENGAL,19.0,313,Howrah,HOWRAH,341.0,2402,Domjur,,2402.0,2024-10-07
1,Jammu And Kashmir,JAMMU AND KASHMIR,1.0,1,Anantnag,ANANTNAG,14.0,58,Dooru,,58.0,2024-10-07
28,Andhra Pradesh,ANDHRA PRADESH,28.0,755,Nandyal,Nandyal,0.0,5299,Dornipadu,,5299.0,2024-10-07
36,Telangana,తెలంగాణ,0.0,692,Siddipet,సిద్దిపేట,0.0,4465,Doultabad,దౌల్తాబాద్,4465.0,2024-10-07
1,Jammu And Kashmir,JAMMU AND KASHMIR,1.0,620,Kishtwar,,18.0,6769,Drabshalla,Drabshalla,0.0,2024-10-07
23,Madhya Pradesh,MADHYA PRADESH,23.0,410,Indore,इन्दौर,439.0,3544,Dr. Ambedkar Nagar (Mhow),डॉ. अंबेडकर नगर (महू),3544.0,2024-10-07
37,Ladakh,Ladakh,0.0,6,Kargil,KARGIL,4.0,6191,Drass,Drass,0.0,2024-10-07
23,Madhya Pradesh,MADHYA PRADESH,23.0,638,Singrauli,सिंगरौली,463.0,7419,Dudhamania,दुधमनिया,0.0,2024-10-07
12,Arunachal Pradesh,ARUNACHAL PRADESH,12.0,238,Tawang,TAWANG,245.0,6550,Dudunghar Circle,Dudunghar Circle,0.0,2024-10-07
5,Uttarakhand,UTTARAKHAND,5.0,46,Bageshwar,BAGESHWAR,63.0,6331,Dugnakuri,,0.0,2024-10-07
2,Himachal Pradesh,HIMACHAL PRADESH,2.0,26,Una,UNA,29.0,6891,Dulahar,,0.0,2024-10-07
10,Bihar,BIHAR,10.0,212,Patna,पटना,230.0,1406,Dulhin Bazar,दुल्हिन बाज़ार,1406.0,2024-10-07
20,Jharkhand,झारखंड,20.0,607,Ramgarh,रामगढ़,361.0,2663,Dulmi,,2663.0,2024-10-07
10,Bihar,BIHAR,10.0,196,Gaya,गया,236.0,1502,Dumaria,डुमरीया,1502.0,2024-10-07
12,Arunachal Pradesh,ARUNACHAL PRADESH,12.0,241,Upper Subansiri,UPPER SUBANSIRI,249.0,1617,Dumporijo Adc,Dumporijo ADC,1617.0,2024-10-07
20,Jharkhand,झारखंड,20.0,331,Gumla,गुमला,366.0,2714,Dumri,,2714.0,2024-10-07
8,Rajasthan,RAJASTHAN,8.0,95,Chittorgarh,CHITTORGARH,126.0,661,Dungla,,661.0,2024-10-07
28,Andhra Pradesh,ANDHRA PRADESH,28.0,515,Sri Potti Sriramulu Nellore,శ్రీ పొట్టి శ్రీరాములు నెల్లూరు,550.0,5162,Duttalur,,5162.0,2024-10-07
7,Delhi,DELHI,7.0,84,South West,SOUTH WEST,97.0,6086,Dwarka,Dwarka,0.0,2024-10-07
11,Sikkim,SIKKIM,11.0,226,Mangan,Mangan,241.0,6402,Dzongu,Dzongu,0.0,2024-10-07
28,Andhra Pradesh,ANDHRA PRADESH,28.0,751,Palnadu,Palnadu,0.0,5071,Edlapadu,,5071.0,2024-10-07
10,Bihar,BIHAR,10.0,218,Saran,सारण,219.0,1254,Ekma,एकमा,1254.0,2024-10-07
36,Telangana,తెలంగాణ,0.0,509,Khammam,ఖమ్మం,541.0,4753,Enkoor,ఏనుకూరు,4753.0,2024-10-07
27,Maharashtra,महाराष्ट्र,27.0,478,Jalgaon,जळगाव,499.0,3967,Erandol,एरंडोल,3967.0,2024-10-07
12,Arunachal Pradesh,ARUNACHAL PRADESH,12.0,230,Dibang Valley,DIBANG VALLEY,257.0,1719,Etalin,,1719.0,2024-10-07
28,Andhra Pradesh,ANDHRA PRADESH,28.0,519,Srikakulam,SRIKAKULAM,542.0,4806,Etcherla,,4806.0,2024-10-07
33,Tamil Nadu,TAMIL NADU,33.0,594,Thoothukkudi,Thoothukkudi,627.0,5863,Ettayapuram,,5863.0,2024-10-07
9,Uttar Pradesh,UTTAR PRADESH,9.0,140,Ayodhya,AYODHYA,177.0,905,Faizabad,,905.0,2024-10-07
19,West Bengal,WEST BENGAL,19.0,304,South 24 Parganas,SOUTH 24 Parganas,343.0,2425,Falta,,2425.0,2024-10-07
19,West Bengal,WEST BENGAL,19.0,319,Murshidabad,MURSHIDABAD,333.0,2223,Farakka,,2223.0,2024-10-07
22,Chhattisgarh,छत्तीसगढ़,22.0,380,Jashpur,जशपुर,402.0,3261,Farsabahar,फरसाबहार,3261.0,2024-10-07
9,Uttar Pradesh,UTTAR PRADESH,9.0,118,Agra,AGRA,146.0,769,Fatehabad,,769.0,2024-10-07
9,Uttar Pradesh,UTTAR PRADESH,9.0,143,Firozabad,FIROZABAD,147.0,772,Firozabad,,772.0,2024-10-07
10,Bihar,BIHAR,10.0,188,Araria,अररिया,209.0,1113,Forbesganj,फारबिसगंज,1113.0,2024-10-07
2,Himachal Pradesh,HIMACHAL PRADESH,2.0,26,Una,UNA,29.0,6893,Gagret,,0.0,2024-10-07
19,West Bengal,WEST BENGAL,19.0,303,North 24 Parganas,NORTH TWENTY FOUR PARGANAS,337.0,2318,Gaighata,,2318.0,2024-10-07
28,Andhra Pradesh,ANDHRA PRADESH,28.0,753,Annamayya,Annamayya,0.0,5235,Galiveedu,,5235.0,2024-10-07
8,Rajasthan,RAJASTHAN,8.0,99,Dungarpur,DUNGARPUR,124.0,6060,Galiyakot,Galiyakot,0.0,2024-10-07
19,West Bengal,WEST BENGAL,19.0,306,Purba Bardhaman,PURBA BARDHAMAN,335.0,2287,Galsi - I,,2287.0,2024-10-07
36,Telangana,తెలంగాణ,0.0,683,Rajanna Sircilla,రాజన్న సిరిసిల్ల,0.0,4433,Gambhiraopet,గంభీరావు పేట,4433.0,2024-10-07
10,Bihar,BIHAR,10.0,205,Madhepura,मधेपुरा,213.0,1158,Gamharia,गम्हरिया,1158.0,2024-10-07
5,Uttarakhand,UTTARAKHAND,5.0,53,Pithoragarh,PITHORAGARH,62.0,6336,Ganai Gangoli,,0.0,2024-10-07
28,Andhra Pradesh,ANDHRA PRADESH,28.0,523,West Godavari,పశ్చిమగోదావరి,546.0,4974,Ganapavaram,,4974.0,2024-10-07
19,West Bengal,WEST BENGAL,19.0,305,Bankura,BANKURA,339.0,2358,Gangajalghati,,2358.0,2024-10-07
36,Telangana,తెలంగాణ,0.0,688,Mahabubabad,మహబుబాబాద్,0.0,6253,Gangaram,గంగారం,0.0,2024-10-07
28,Andhra Pradesh,ANDHRA PRADESH,28.0,503,Chittoor,CHITTOOR,554.0,5417,Gangavaram,,5417.0,2024-10-07
8,Rajasthan,RAJASTHAN,8.0,105,Jhalawar,JHALAWAR,129.0,684,Gangdhar,,684.0,2024-10-07
19,West Bengal,WEST BENGAL,19.0,318,Paschim Medinipur,PASCHIM MEDINIPUR,344.0,2444,Garbeta - I,,2444.0,2024-10-07
19,West Bengal,WEST BENGAL,19.0,318,Paschim Medinipur,PASCHIM MEDINIPUR,344.0,2443,Garbeta - II,,2443.0,2024-10-07
23,Madhya Pradesh,MADHYA PRADESH,23.0,425,Sagar,सागर,427.0,3450,Garhakota,गढाकोटा,3450.0,2024-10-07
8,Rajasthan,RAJASTHAN,8.0,112,Rajsamand,RAJSAMAND,123.0,6392,Garhbor,गढबोर,0.0,2024-10-07
3,Punjab,PUNJAB,3.0,33,Hoshiarpur,HOSHIARPUR,38.0,217,Garhshankar,,217.0,2024-10-07
22,Chhattisgarh,छत्तीसगढ़,22.0,645,Gariyaband,गरियाबंद,0.0,3335,Gariyaband,Gariyaband,3335.0,2024-10-07
36,Telangana,తెలంగాణ,0.0,688,Mahabubabad,మహబుబాబాద్,0.0,4743,Garla,గార్ల,4743.0,2024-10-07
27,Maharashtra,महाराष्ट्र,27.0,470,Beed,बीड,523.0,4218,Georai,गेवराई,4218.0,2024-10-07
12,Arunachal Pradesh,ARUNACHAL PRADESH,12.0,718,Kamle,KAMLE,0.0,6559,Gepen Circle,Gepen Circle,,2024-10-07
20,Jharkhand,झारखंड,20.0,331,Gumla,गुमला,366.0,2707,Ghaghra,,2707.0,2024-10-07
10,Bihar,BIHAR,10.0,205,Madhepura,मधेपुरा,213.0,1160,Ghailarh,घैलाढ़,1160.0,2024-10-07
28,Andhra Pradesh,ANDHRA PRADESH,28.0,510,Krishna,KRISHNA,547.0,5033,Ghantasala,,5033.0,2024-10-07
22,Chhattisgarh,छत्तीसगढ़,22.0,386,Raigarh,रायगढ़,403.0,3265,Gharghoda,घरघोड़ा,3265.0,2024-10-07
8,Rajasthan,RAJASTHAN,8.0,776,Anupgarh,अनूपगढ़,,463,Gharsana,,463.0,2024-10-07
21,Odisha,ODISHA,21.0,361,Kendujhar,KENDUJHAR,375.0,2853,Ghasipura,,2853.0,2024-10-07
21,Odisha,ODISHA,21.0,361,Kendujhar,KENDUJHAR,375.0,2850,Ghatgaon,,2850.0,2024-10-07
23,Madhya Pradesh,MADHYA PRADESH,23.0,435,Ujjain,उज्जैन,435.0,3511,Ghatiya,घटिया,3511.0,2024-10-07
10,Bihar,BIHAR,10.0,219,Sheikhpura,शेखपुरा,228.0,1375,Ghat Kusumbha,घाटकुसुमभा,1375.0,2024-10-07
9,Uttar Pradesh,UTTAR PRADESH,9.0,146,Ghazipur,GHAZIPUR,195.0,989,Ghazipur,,989.0,2024-10-07
9,Uttar Pradesh,UTTAR PRADESH,9.0,166,Mainpuri,MAINPURI,148.0,6873,Ghiror,,0.0,2024-10-07
23,Madhya Pradesh,MADHYA PRADESH,23.0,394,Betul,बैतूल,447.0,3602,Ghoda Dongri,घोड़ाडोंगरी,3602.0,2024-10-07
9,Uttar Pradesh,UTTAR PRADESH,9.0,168,Mau,MAU,192.0,971,Ghosi,,971.0,2024-10-07
10,Bihar,BIHAR,10.0,212,Patna,पटना,230.0,1419,Ghoswari,घोसवरी,1419.0,2024-10-07
8,Rajasthan,RAJASTHAN,8.0,775,Balotra,बालोतरा,,6907,Gida,गिडा,0.0,2024-10-07
20,Jharkhand,झारखंड,20.0,323,Chatra,चतरा,347.0,2522,Gidhaur,गिद्धौर,2522.0,2024-10-07
20,Jharkhand,झारखंड,20.0,329,Giridih,गिरिडीह,349.0,2539,Giridih,गिरिडीह,2539.0,2024-10-07
21,Odisha,ODISHA,21.0,350,Cuttack,CUTTACK,381.0,2965,Gobindpur,,2965.0,2024-10-07
20,Jharkhand,झारखंड,20.0,325,Dhanbad,धनबाद,354.0,2583,Gobindpur,गोविंदपुर,2583.0,2024-10-07
20,Jharkhand,झारखंड,20.0,330,Godda,गोड्डा,351.0,2561,Godda,,2561.0,2024-10-07
18,Assam,ASSAM,18.0,284,Dhemaji,DHEMAJI,308.0,2058,Gogamukh,,2058.0,2024-10-07
23,Madhya Pradesh,MADHYA PRADESH,23.0,414,Khargone (West Nimar),खरगोन (पश्चिम निमाड़),440.0,3551,Gogaon,गोगांव,3551.0,2024-10-07
10,Bihar,BIHAR,10.0,202,Khagaria,खगड़िया,223.0,1327,Gogri,गोगरी,1327.0,2024-10-07
23,Madhya Pradesh,MADHYA PRADESH,23.0,395,Bhind,भिण्ड,420.0,3395,Gohad,गोहाद,3395.0,2024-10-07
18,Assam,ASSAM,18.0,705,Biswanath,,0.0,2047,Gohpur,,2047.0,2024-10-07
18,Assam,ASSAM,18.0,288,Golaghat,GOLAGHAT,313.0,2085,Golaghat,,2085.0,2024-10-07
28,Andhra Pradesh,ANDHRA PRADESH,28.0,502,Ananthapuramu,అనంతపురము,553.0,5310,Gooty,,5310.0,2024-10-07
19,West Bengal,WEST BENGAL,19.0,703,Jhargram,Jhargram,0.0,2456,Gopiballavpur - II,,2456.0,2024-10-07
23,Madhya Pradesh,MADHYA PRADESH,23.0,411,Jabalpur,जबलपुर,451.0,7011,Gorakhpur,गोरखपुर,0.0,2024-10-07
18,Assam,ASSAM,18.0,756,Tamulpur,,0.0,2141,Goreswar (Pt),,2141.0,2024-10-07
19,West Bengal,WEST BENGAL,19.0,702,Kalimpong,KALIMPONG,0.0,2158,Gorubathan,,2158.0,2024-10-07
21,Odisha,ODISHA,21.0,365,Mayurbhanj,MAYURBHANJ,376.0,2862,Gorumahisani,,2862.0,2024-10-07
21,Odisha,ODISHA,21.0,371,Sambalpur,SAMBALPUR,372.0,2780,Govindpur,,2780.0,2024-10-07
33,Tamil Nadu,TAMIL NADU,33.0,587,The Nilgiris,THE NILGIRIS,611.0,5755,Gudalur,,5755.0,2024-10-07
8,Rajasthan,RAJASTHAN,8.0,106,Jhunjhunu,JHUNJHUNU,103.0,7144,Gudhagorji,गुढागौड़जी,0.0,2024-10-07
28,Andhra Pradesh,ANDHRA PRADESH,28.0,510,Krishna,KRISHNA,547.0,5029,Gudlavalleru,,5029.0,2024-10-07
28,Andhra Pradesh,ANDHRA PRADESH,28.0,511,Kurnool,KURNOOL,552.0,5257,Gudur,,5257.0,2024-10-07
28,Andhra Pradesh,ANDHRA PRADESH,28.0,752,Tirupati,Tirupati,0.0,5184,Gudur,,5184.0,2024-10-07
27,Maharashtra,महाराष्ट्र,27.0,492,Ratnagiri,रत्नागिरी,528.0,4270,Guhagar,गुहाघर,4270.0,2024-10-07
36,Telangana,తెలంగాణ,0.0,691,Sangareddy,సంగారెడ్డి,0.0,6277,Gummadidala,గుమ్మడిదల,0.0,2024-10-07
28,Andhra Pradesh,ANDHRA PRADESH,28.0,502,Ananthapuramu,అనంతపురము,553.0,5309,Guntakal,,5309.0,2024-10-07
28,Andhra Pradesh,ANDHRA PRADESH,28.0,506,Guntur,GUNTUR,548.0,5074,Guntur West,Guntur West,5074.0,2024-10-07
10,Bihar,BIHAR,10.0,196,Gaya,गया,236.0,1497,Guraru,गुरारु,1497.0,2024-10-07
23,Madhya Pradesh,MADHYA PRADESH,23.0,407,Gwalior,ग्वालियर,421.0,7395,Gwalior Gramin,ग्वालियर ग्रामीण,0.0,2024-10-07
19,West Bengal,WEST BENGAL,19.0,303,North 24 Parganas,NORTH TWENTY FOUR PARGANAS,337.0,2321,Habra - II,,2321.0,2024-10-07
29,Karnataka,ಕರ್ನಾಟಕ,29.0,738,Vijayanagar,,0.0,5496,Hadagalli,ಹಡಗಲ್ಲಿ,5496.0,2024-10-07
29,Karnataka,ಕರ್ನಾಟಕ,29.0,738,Vijayanagar,,0.0,5497,Hagaribommanahalli,ಹಗರಿ ಬೊಮ್ಮನಹಳ್ಳಿ,5497.0,2024-10-07
18,Assam,ASSAM,18.0,289,Hailakandi,HAILAKANDI,318.0,2107,Hailakandi,,2107.0,2024-10-07
36,Telangana,తెలంగాణ,0.0,684,Mancherial,మంచిర్యాల్,0.0,6227,Hajipur,హజిపూర్,0.0,2024-10-07
28,Andhra Pradesh,ANDHRA PRADESH,28.0,511,Kurnool,KURNOOL,552.0,5273,Halaharvi,,5273.0,2024-10-07
5,Uttarakhand,UTTARAKHAND,5.0,51,Nainital,NAINITAL,66.0,342,Haldwani,,342.0,2024-10-07
24,Gujarat,GUJARAT,24.0,454,Panch Mahals,PANCH MAHALS,484.0,3888,Halol,,3888.0,2024-10-07
10,Bihar,BIHAR,10.0,204,Lakhisarai,लखीसराय,227.0,1371,Halsi,हलसी,1371.0,2024-10-07
24,Gujarat,GUJARAT,24.0,673,Morbi,MORBI,0.0,3788,Halvad,,3788.0,2024-10-07
19,West Bengal,WEST BENGAL,19.0,320,Nadia,NADIA,336.0,2310,Hanskhali,,2310.0,2024-10-07
24,Gujarat,GUJARAT,24.0,442,Bharuch,BHARUCH,488.0,3919,Hansot,,3919.0,2024-10-07
9,Uttar Pradesh,UTTAR PRADESH,9.0,661,Hapur,HAPUR,0.0,740,Hapur,,740.0,2024-10-07
21,Odisha,ODISHA,21.0,349,Boudh,BOUDH,391.0,3132,Harbhanga,,3132.0,2024-10-07
20,Jharkhand,झारखंड,20.0,338,Palamu,पलामू,358.0,2618,Hariharganj,,2618.0,2024-10-07
2,Himachal Pradesh,HIMACHAL PRADESH,2.0,18,Kangra,KANGRA,24.0,6920,Haripur,,0.0,2024-10-07
19,West Bengal,WEST BENGAL,19.0,316,Malda,MALDA,332.0,2208,Harischandrapur - I,,2208.0,2024-10-07
18,Assam,ASSAM,18.0,617,Udalguri,,326.0,2151,Harisinga,,2151.0,2024-10-07
19,West Bengal,WEST BENGAL,19.0,303,North 24 Parganas,NORTH TWENTY FOUR PARGANAS,337.0,2331,Haroa,,2331.0,2024-10-07
33,Tamil Nadu,TAMIL NADU,33.0,571,Dharmapuri,DHARMAPURI,630.0,5886,Harur,,5886.0,2024-10-07
9,Uttar Pradesh,UTTAR PRADESH,9.0,186,Unnao,UNNAO,156.0,815,Hasanganj,,815.0,2024-10-07
10,Bihar,BIHAR,10.0,222,Siwan,सिवान,218.0,1245,Hasanpura,हसनपुरा,1245.0,2024-10-07
19,West Bengal,WEST BENGAL,19.0,303,North 24 Parganas,NORTH TWENTY FOUR PARGANAS,337.0,2336,Hasnabad,,2336.0,2024-10-07
23,Madhya Pradesh,MADHYA PRADESH,23.0,410,Indore,इन्दौर,439.0,3541,Hatod,हतोद,3541.0,2024-10-07
27,Maharashtra,महाराष्ट्र,27.0,490,Pune,पुणे,521.0,4193,Haveli,हवेली,4193.0,2024-10-07
29,Karnataka,ಕರ್ನಾಟಕ,29.0,545,Mysuru,ಮೈಸೂರು,577.0,5573,Heggadadevankote,ಹೆಗ್ಗಡದೇವನಕೋಟೆ,5573.0,2024-10-07
19,West Bengal,WEST BENGAL,19.0,311,Uttar Dinajpur,UTTAR DINAJPUR,330.0,2197,Hemtabad,,2197.0,2024-10-07
14,Manipur,MANIPUR,14.0,254,Churachandpur,CHURACHANDPUR,274.0,6502,Henglep,,0.0,2024-10-07
24,Gujarat,GUJARAT,24.0,458,Sabar Kantha,SABAR KANTHA,472.0,3766,Himatnagar,,3766.0,2024-10-07
27,Maharashtra,महाराष्ट्र,27.0,477,Hingoli,हिंगोली,512.0,4112,Hingoli,हिंगोली,4112.0,2024-10-07
21,Odisha,ODISHA,21.0,371,Sambalpur,SAMBALPUR,372.0,2787,Hirakud,,2787.0,2024-10-07
19,West Bengal,WEST BENGAL,19.0,305,Bankura,BANKURA,339.0,2374,Hirbandh,,2374.0,2024-10-07
29,Karnataka,ಕರ್ನಾಟಕ,29.0,533,Chitradurga,ಚಿತ್ರದುರ್ಗ,566.0,5506,Holalkere,ಹೊಳಲಕೆರೆ,5506.0,2024-10-07
29,Karnataka,ಕರ್ನಾಟಕ,29.0,550,Uttara Kannada,ಉತ್ತರ ಕನ್ನಡ,563.0,5487,Honavar,ಹೊನ್ನಾವರ,5487.0,2024-10-07
29,Karnataka,ಕರ್ನಾಟಕ,29.0,526,Bengaluru Rural,ಬೆಂಗಳೂರು ಗ್ರಾಮಾಂತರ,583.0,5604,Hosakote,ಹೊಸಕೋಟೆ,5604.0,2024-10-07
29,Karnataka,ಕರ್ನಾಟಕ,29.0,533,Chitradurga,ಚಿತ್ರದುರ್ಗ,566.0,5507,Hosdurga,ಹೊಸದುರ್ಗ,5507.0,2024-10-07
33,Tamil Nadu,TAMIL NADU,33.0,577,Krishnagiri,KRISHNAGIRI,631.0,5890,Hosur,ஓசூர்,5890.0,2024-10-07
29,Karnataka,ಕರ್ನಾಟಕ,29.0,536,Dharwad,ಧಾರವಾಡ,562.0,5475,Hubballi,ಹುಬಳ್ಳಿ,5475.0,2024-10-07
29,Karnataka,ಕರ್ನಾಟಕ,29.0,635,Yadgir,ಯಾದಗಿರಿ,580.0,7096,Hunasagi,,0.0,2024-10-07
29,Karnataka,ಕರ್ನಾಟಕ,29.0,524,Bagalkote,ಬಾಗಲಕೋಟೆ,556.0,5448,Hungund,ಹುನಗುಂದ,5448.0,2024-10-07
36,Telangana,తెలంగాణ,0.0,692,Siddipet,సిద్దిపేట,0.0,4444,Husnabad,హుస్నాబాద్,4444.0,2024-10-07
36,Telangana,తెలంగాణ,0.0,508,Karimnagar,కరీంనగర్,534.0,4446,Huzurabad,హుజురాబాద్,4446.0,2024-10-07
36,Telangana,తెలంగాణ,0.0,518,Ranga Reddy,రంగా రెడ్డి,537.0,4546,Ibrahimpatnam,ఇబ్రహీంపట్నం,4546.0,2024-10-07
29,Karnataka,ಕರ್ನಾಟಕ,29.0,530,Vijayapura,ವಿಜಯಾಪುರ,557.0,5450,Indi,ಇಂಡಿ,5450.0,2024-10-07
8,Rajasthan,RAJASTHAN,8.0,94,Bundi,BUNDI,121.0,624,Indragarh,,624.0,2024-10-07
6,Haryana,HARYANA,6.0,604,Nuh,नूँह,87.0,7172,Indri,ईण्डरी,0.0,2024-10-07
28,Andhra Pradesh,ANDHRA PRADESH,28.0,750,Bapatla,Bapatla,0.0,5110,Inkollu,,5110.0,2024-10-07
32,Kerala,KERALA,32.0,557,Kannur,കണ്ണൂര്‍,589.0,5937,Iritty,ഇരിട്ടി,0.0,2024-10-07
10,Bihar,BIHAR,10.0,209,Nalanda,नालंदा,229.0,1392,Islampur,इस्लामपुर,1392.0,2024-10-07
14,Manipur,MANIPUR,14.0,712,Kangpokpi,,0.0,6487,Island,,0.0,2024-10-07
10,Bihar,BIHAR,10.0,194,Buxar,बक्सर,232.0,1444,Itarhi,इटाढी,1444.0,2024-10-07
36,Telangana,తెలంగాణ,0.0,695,Jogulamba Gadwal,జోగులాంబ గద్వాల,0.0,4607,Itikyala,ఇటిక్యాల,4607.0,2024-10-07
9,Uttar Pradesh,UTTAR PRADESH,9.0,182,Siddharthnagar,SIDDHARTHNAGAR,184.0,935,Itwa,,935.0,2024-10-07
21,Odisha,ODISHA,21.0,354,Ganjam,GANJAM,388.0,3073,Jagannath Prasad,,3073.0,2024-10-07
22,Chhattisgarh,छत्तीसगढ़,22.0,642,Sukma,सुकमा,0.0,7356,Jagargunda,जगरगुंडा,0.0,2024-10-07
36,Telangana,తెలంగాణ,0.0,692,Siddipet,సిద్దిపేట,0.0,4484,Jagdevpur,జగదేవ్ పూర్,4484.0,2024-10-07
10,Bihar,BIHAR,10.0,193,Bhojpur,भोजपुर,231.0,1428,Jagdishpur,जगदिशपुर,1428.0,2024-10-07
3,Punjab,PUNJAB,3.0,36,Ludhiana,ਲੂਿਧਆਣਾ,41.0,230,Jagraon,,230.0,2024-10-07
2,Himachal Pradesh,HIMACHAL PRADESH,2.0,17,Hamirpur,HAMIRPUR,28.0,7413,Jahu,Jahu,0.0,2024-10-07
10,Bihar,BIHAR,10.0,206,Madhubani,मधुबनी,207.0,1083,Jainagar,जयनगर,1083.0,2024-10-07
8,Rajasthan,RAJASTHAN,8.0,102,Jaipur,JAIPUR,110.0,546,Jaipur,,546.0,2024-10-07
5,Uttarakhand,UTTARAKHAND,5.0,52,Pauri Garhwal,PAURI GARHWAL,61.0,6373,Jakhanikhal,,0.0,2024-10-07
36,Telangana,తెలంగాణ,0.0,516,Nizamabad,నిజామాబాదు,533.0,4366,Jakranpally,జక్రాన్ పల్లి,4366.0,2024-10-07
20,Jharkhand,झारखंड,20.0,342,Simdega,सिमडेगा,367.0,2725,Jaldega,,2725.0,2024-10-07
9,Uttar Pradesh,UTTAR PRADESH,9.0,138,Etah,ETAH,201.0,1009,Jalesar,,1009.0,2024-10-07
21,Odisha,ODISHA,21.0,346,Baleshwar,BALESHWAR,377.0,2890,Jaleswar,,2890.0,2024-10-07
27,Maharashtra,महाराष्ट्र,27.0,478,Jalgaon,जळगाव,499.0,3966,Jalgaon,जळगाव,3966.0,2024-10-07
27,Maharashtra,महाराष्ट्र,27.0,481,Latur,लातूर,524.0,4229,Jalkot,जलकोट,4229.0,2024-10-07
19,West Bengal,WEST BENGAL,19.0,314,Jalpaiguri,JALPAIGURI,328.0,2178,Jalpaiguri,,2178.0,2024-10-07
8,Rajasthan,RAJASTHAN,8.0,783,Jaipur (Gramin),जयपुर (ग्रामीण),,7379,Jalsu,जालसू,0.0,2024-10-07
20,Jharkhand,झारखंड,20.0,326,Dumka,दुमका,362.0,2674,Jama,,2674.0,2024-10-07
28,Andhra Pradesh,ANDHRA PRADESH,28.0,521,Vizianagaram,VIZIANAGARAM,543.0,4835,Jami,,4835.0,2024-10-07
24,Gujarat,GUJARAT,24.0,447,Jamnagar,JAMNAGAR,477.0,3814,Jamnagar Rural,,3814.0,2024-10-07
16,Tripura,ত্রিপুরা,16.0,653,Sepahijala,সিপাহিজলা,0.0,6677,Jampuijala,জম্পুইজলা,0.0,2024-10-07
9,Uttar Pradesh,UTTAR PRADESH,9.0,181,Shrawasti,SHRAWASTI,181.0,6164,Jamunaha,,0.0,2024-10-07
33,Tamil Nadu,TAMIL NADU,33.0,593,Tiruvannamalai,TIRUVANNAMALAI,606.0,6631,Jamunamarathoor,ஜமுனாமரத்தூர்,0.0,2024-10-07
19,West Bengal,WEST BENGAL,19.0,704,Paschim Bardhaman,PASCHIM BARDHAMAN,0.0,2270,Jamuria,,2270.0,2024-10-07
10,Bihar,BIHAR,10.0,224,Vaishali,वैशाली,220.0,1276,Jandaha,जन्दाहा,1276.0,2024-10-07
19,West Bengal,WEST BENGAL,19.0,312,Hooghly,HOOGHLY,338.0,2353,Jangipara,,2353.0,2024-10-07
36,Telangana,తెలంగాణ,0.0,689,Jangoan,జనగాం,0.0,4699,Jangoan,ఙనగామ,4699.0,2024-10-07
24,Gujarat,GUJARAT,24.0,457,Rajkot,RAJKOT,476.0,3806,Jasdan,,3806.0,2024-10-07
22,Chhattisgarh,छत्तीसगढ़,22.0,380,Jashpur,जशपुर,402.0,3257,Jashpur,जशपुर,3257.0,2024-10-07
27,Maharashtra,महाराष्ट्र,27.0,493,Sangli,सांगली,531.0,4304,Jat,जत,4304.0,2024-10-07
23,Madhya Pradesh,MADHYA PRADESH,23.0,424,Rewa,रीवा,430.0,3472,Jawa,जवा,3472.0,2024-10-07
2,Himachal Pradesh,HIMACHAL PRADESH,2.0,18,Kangra,KANGRA,24.0,104,Jawalamukhi,,104.0,2024-10-07
2,Himachal Pradesh,HIMACHAL PRADESH,2.0,18,Kangra,KANGRA,24.0,96,Jawali,,96.0,2024-10-07
19,West Bengal,WEST BENGAL,19.0,304,South 24 Parganas,SOUTH 24 Parganas,343.0,2431,Jaynagar - I,,2431.0,2024-10-07
24,Gujarat,GUJARAT,24.0,457,Rajkot,RAJKOT,476.0,3811,Jetpur,,3811.0,2024-10-07
24,Gujarat,GUJARAT,24.0,668,Chhotaudepur,CHHOTAUDEPUR,0.0,3900,Jetpur Pavi,,3900.0,2024-10-07
9,Uttar Pradesh,UTTAR PRADESH,9.0,144,Gautam Buddha Nagar,GAUTAM BUDDHA NAGAR,141.0,744,Jewar,,744.0,2024-10-07
10,Bihar,BIHAR,10.0,198,Jamui,जमुई,238.0,1530,Jhajha,झाझा,1530.0,2024-10-07
8,Rajasthan,RAJASTHAN,8.0,777,Salumbar,सलूम्‍बर,,7229,Jhallara,झल्लारा,0.0,2024-10-07
19,West Bengal,WEST BENGAL,19.0,703,Jhargram,Jhargram,0.0,2454,Jhargram,,2454.0,2024-10-07
21,Odisha,ODISHA,21.0,366,Nabarangpur,NABARANGPUR,397.0,3191,Jharigan,,3191.0,2024-10-07
5,Uttarakhand,UTTARAKHAND,5.0,47,Chamoli,CHAMOLI,57.0,6346,Jilasu,,0.0,2024-10-07
8,Rajasthan,RAJASTHAN,8.0,783,Jaipur (Gramin),जयपुर (ग्रामीण),,7141,Jobner,जोबनेर,0.0,2024-10-07
24,Gujarat,GUJARAT,24.0,447,Jamnagar,JAMNAGAR,477.0,3815,Jodiya,,3815.0,2024-10-07
10,Bihar,BIHAR,10.0,188,Araria,अररिया,209.0,1120,Jokihat,जोकीहाट,1120.0,2024-10-07
11,Sikkim,SIKKIM,11.0,226,Mangan,Mangan,241.0,6401,Kabi,Kabi,0.0,2024-10-07
29,Karnataka,ಕರ್ನಾಟಕ,29.0,534,Dakshina Kannada,ದಕ್ಷಿಣ ಕನ್ನಡ,575.0,7104,Kadaba,,0.0,2024-10-07
33,Tamil Nadu,TAMIL NADU,33.0,584,Salem,SALEM,608.0,6619,Kadayampatti,காடயாம்பட்டி,0.0,2024-10-07
36,Telangana,తెలంగాణ,0.0,680,Nirmal,నిర్మల్,0.0,4335,Kaddam Peddur,కడం పెద్దూర్,4335.0,2024-10-07
24,Gujarat,GUJARAT,24.0,451,Mahesana,MAHESANA,471.0,3759,Kadi,,3759.0,2024-10-07
6,Haryana,HARYANA,6.0,62,Gurugram,GURUGRAM,86.0,6422,Kadipur St,कादीपुर,0.0,2024-10-07
5,Uttarakhand,UTTARAKHAND,5.0,46,Bageshwar,BAGESHWAR,63.0,6332,Kafligair,,0.0,2024-10-07
1,Jammu And Kashmir,JAMMU AND KASHMIR,1.0,4,Doda,DODA,16.0,6756,Kahara,Kahara,0.0,2024-10-07
27,Maharashtra,महाराष्ट्र,27.0,470,Beed,बीड,523.0,4222,Kaij,केज,4222.0,2024-10-07
1,Jammu And Kashmir,JAMMU AND KASHMIR,1.0,11,Pulwama,PULWAMA,12.0,6793,Kakapora,Kakapora,0.0,2024-10-07
12,Arunachal Pradesh,ARUNACHAL PRADESH,12.0,237,Papum Pare,PAPUM PARE,248.0,6601,Kakoi Circle,Kakoi Circle,0.0,2024-10-07
29,Karnataka,ಕರ್ನಾಟಕ,29.0,532,Chikkamagaluru,ಚಿಕ್ಕಮಗಳೂರು,570.0,7194,Kalasa,Kalasa,0.0,2024-10-07
28,Andhra Pradesh,ANDHRA PRADESH,28.0,504,Y.S.R.,,551.0,5207,Kalasapadu,,5207.0,2024-10-07
6,Haryana,HARYANA,6.0,66,Kaithal,KAITHAL,73.0,6446,Kalayat,कलायत,0.0,2024-10-07
29,Karnataka,ಕರ್ನಾಟಕ,29.0,536,Dharwad,ಧಾರವಾಡ,562.0,5476,Kalghatgi,ಕಲಘಟಗಿ,5476.0,2024-10-07
36,Telangana,తెలంగాణ,0.0,691,Sangareddy,సంగారెడ్డి,0.0,4453,Kalher,కల్హేర్,4453.0,2024-10-07
18,Assam,ASSAM,18.0,297,Nagaon,NAGAON,305.0,2031,Kaliabor,,2031.0,2024-10-07
28,Andhra Pradesh,ANDHRA PRADESH,28.0,748,Eluru,Eluru,0.0,5017,Kalidindi,,5017.0,2024-10-07
19,West Bengal,WEST BENGAL,19.0,320,Nadia,NADIA,336.0,2303,Kaliganj,,2303.0,2024-10-07
28,Andhra Pradesh,ANDHRA PRADESH,28.0,523,West Godavari,పశ్చిమగోదావరి,546.0,4985,Kalla,,4985.0,2024-10-07
33,Tamil Nadu,TAMIL NADU,33.0,729,Kallakurichi,கள்ளக்குறிச்சி,0.0,5734,Kallakkurichi,,5734.0,2024-10-07
33,Tamil Nadu,TAMIL NADU,33.0,578,Madurai,MADURAI,623.0,6615,Kalligudi,,0.0,2024-10-07
28,Andhra Pradesh,ANDHRA PRADESH,28.0,511,Kurnool,KURNOOL,552.0,5258,Kallur,,5258.0,2024-10-07
19,West Bengal,WEST BENGAL,19.0,306,Purba Bardhaman,PURBA BARDHAMAN,335.0,2294,Kalna - II,,2294.0,2024-10-07
24,Gujarat,GUJARAT,24.0,446,Gandhinagar,GANDHINAGAR,473.0,3773,Kalol Gandhinagar,Kalol Gandhinagar,3773.0,2024-10-07
36,Telangana,తెలంగాణ,0.0,695,Jogulamba Gadwal,జోగులాంబ గద్వాల,0.0,6297,Kaloor Thimmandoddi,కలూరి తిమ్మన్ దొడ్డి,0.0,2024-10-07
31,Lakshadweep,LAKSHADWEEP,31.0,553,Lakshadweep District,LAKSHADWEEP DISTRICT,587.0,5628,Kalpeni,,5628.0,2024-10-07
33,Tamil Nadu,TAMIL NADU,33.0,729,Kallakurichi,கள்ளக்குறிச்சி,0.0,7055,Kalvarayan Hills,கல்வராயன் மலை,0.0,2024-10-07
8,Rajasthan,RAJASTHAN,8.0,775,Balotra,बालोतरा,,7130,Kalyanpur,कल्याणपुर,0.0,2024-10-07
12,Arunachal Pradesh,ARUNACHAL PRADESH,12.0,243,West Siang,WEST SIANG,250.0,6585,Kamba Adc,,0.0,2024-10-07
36,Telangana,తెలంగాణ,0.0,509,Khammam,ఖమ్మం,541.0,4745,Kamepalli,కామేపల్లి,4745.0,2024-10-07
14,Manipur,MANIPUR,14.0,712,Kangpokpi,,0.0,6495,Kangchup Geljang,,0.0,2024-10-07
36,Telangana,తెలంగాణ,0.0,691,Sangareddy,సంగారెడ్డి,0.0,4450,Kangti,కంగ్టి,4450.0,2024-10-07
22,Chhattisgarh,छत्तीसगढ़,22.0,381,Uttar Bastar Kanker,उत्तर बस्तर कांकेर,413.0,3351,Kanker,,3351.0,2024-10-07
27,Maharashtra,महाराष्ट्र,27.0,469,Chhatrapati Sambhajinagar,छत्रपती संभाजीनगर,515.0,4133,Kannad,कन्नड,4133.0,2024-10-07
32,Kerala,KERALA,32.0,557,Kannur,കണ്ണൂര്‍,589.0,5633,Kannur,കണ്ണൂര്‍,5633.0,2024-10-07
21,Odisha,ODISHA,21.0,350,Cuttack,CUTTACK,381.0,2945,Kanpur,,2945.0,2024-10-07
9,Uttar Pradesh,UTTAR PRADESH,9.0,171,Moradabad,MORADABAD,135.0,718,Kanth,,718.0,2024-10-07
10,Bihar,BIHAR,10.0,208,Muzaffarpur,मुजफ्फरपुर,216.0,1204,Kanti,काँटी,1204.0,2024-10-07
24,Gujarat,GUJARAT,24.0,450,Kheda,KHEDA,483.0,3869,Kapadvanj,,3869.0,2024-10-07
24,Gujarat,GUJARAT,24.0,462,Valsad,VALSAD,491.0,3930,Kaprada,,3930.0,2024-10-07
9,Uttar Pradesh,UTTAR PRADESH,9.0,160,Kushinagar,KUSHINAGAR,189.0,6879,Kaptanganj,,0.0,2024-10-07
10,Bihar,BIHAR,10.0,209,Nalanda,नालंदा,229.0,1378,Karai Parsurai,करायपरसुराय,1378.0,2024-10-07
27,Maharashtra,महाराष्ट्र,27.0,498,Wardha,वर्धा,504.0,4016,Karanja,कारंजा,4016.0,2024-10-07
21,Odisha,ODISHA,21.0,365,Mayurbhanj,MAYURBHANJ,376.0,2870,Karanjia,,2870.0,2024-10-07
9,Uttar Pradesh,UTTAR PRADESH,9.0,120,Prayagraj,PRAYAGRAJ,175.0,892,Karchhana,,892.0,2024-10-07
23,Madhya Pradesh,MADHYA PRADESH,23.0,418,Narsimhapur,नरसिंहपुर,452.0,3637,Kareli,करेली,3637.0,2024-10-07
20,Jharkhand,झारखंड,20.0,325,Dhanbad,धनबाद,354.0,6202,Kariasol,करियासोल,0.0,2024-10-07
33,Tamil Nadu,TAMIL NADU,33.0,571,Dharmapuri,DHARMAPURI,630.0,6622,Karimangalam,காரிமங்கலம்,0.0,2024-10-07
36,Telangana,తెలంగాణ,0.0,508,Karimnagar,కరీంనగర్,534.0,6231,Karimnagar,కరీంనగర్,0.0,2024-10-07
24,Gujarat,GUJARAT,24.0,461,Vadodara,VADODARA,486.0,3907,Karjan,,3907.0,2024-10-07
20,Jharkhand,झारखंड,20.0,333,Jamtara,जामताड़ा,363.0,2677,Karma Tanr Vidyasagar*,करमाटांड विद्यासागर,2677.0,2024-10-07
20,Jharkhand,झारखंड,20.0,606,Khunti,खूंटी,365.0,2700,Karra,,2700.0,2024-10-07
28,Andhra Pradesh,ANDHRA PRADESH,28.0,503,Chittoor,CHITTOOR,554.0,5408,Karvetinagar,,5408.0,2024-10-07
9,Uttar Pradesh,UTTAR PRADESH,9.0,146,Ghazipur,GHAZIPUR,195.0,6834,Kasimabad,,0.0,2024-10-07
21,Odisha,ODISHA,21.0,353,Gajapati,GAJAPATI,389.0,3104,Kasinagar,,3104.0,2024-10-07
14,Manipur,MANIPUR,14.0,717,Kamjong,,0.0,1891,Kasom Khullen,,1891.0,2024-10-07
22,Chhattisgarh,छत्तीसगढ़,22.0,376,Dakshin Bastar Dantewada,दक्षिण बस्तर दंतेवाड़ा,416.0,3371,Katekalyan,,3371.0,2024-10-07
24,Gujarat,GUJARAT,24.0,450,Kheda,KHEDA,483.0,3872,Kathlal,,3872.0,2024-10-07
1,Jammu And Kashmir,JAMMU AND KASHMIR,1.0,7,Kathua,KATHUA,7.0,30,Kathua,,30.0,2024-10-07
10,Bihar,BIHAR,10.0,197,Gopalganj,गोपालगंज,217.0,1215,Katiya,कटेया,1215.0,2024-10-07
23,Madhya Pradesh,MADHYA PRADESH,23.0,413,Katni,कटनी,450.0,7028,Katni Nagar,कटनी नगर,0.0,2024-10-07
2,Himachal Pradesh,HIMACHAL PRADESH,2.0,22,Mandi,MANDI,27.0,6945,Katoula,,0.0,2024-10-07
23,Madhya Pradesh,MADHYA PRADESH,23.0,639,Alirajpur,अलीराजपुर,465.0,6980,Katthiwara,कट्ठीवाडा,0.0,2024-10-07
28,Andhra Pradesh,ANDHRA PRADESH,28.0,519,Srikakulam,SRIKAKULAM,542.0,4779,Kaviti,,4779.0,2024-10-07
22,Chhattisgarh,छत्तीसगढ़,22.0,382,Kabeerdham,कबीरधाम,407.0,3298,Kawardha,,3298.0,2024-10-07
12,Arunachal Pradesh,ARUNACHAL PRADESH,12.0,679,Siang,,0.0,1627,Kaying Eac,,1627.0,2024-10-07
1,Jammu And Kashmir,JAMMU AND KASHMIR,1.0,625,Shopian,SHOPIAN,13.0,6092,Keegam,Keegam,0.0,2024-10-07
36,Telangana,తెలంగాణ,0.0,700,Medchal Malkajgiri,మేడ్చల్ మల్కాజిగిరి,0.0,4522,Keesara,కీసర(M),4522.0,2024-10-07
21,Odisha,ODISHA,21.0,358,Kalahandi,KALAHANDI,395.0,3165,Kegaon,,3165.0,2024-10-07
14,Manipur,MANIPUR,14.0,255,Imphal East,IMPHAL EAST,278.0,1886,Keirao Bitra,,1886.0,2024-10-07
8,Rajasthan,RAJASTHAN,8.0,781,Kekri,केकड़ी,,614,Kekri,,614.0,2024-10-07
27,Maharashtra,महाराष्ट्र,27.0,500,Yavatmal,यवतमाळ,510.0,4090,Kelapur,केलापूर,4090.0,2024-10-07
20,Jharkhand,झारखंड,20.0,332,Hazaribagh,हज़ारीबाग,360.0,2656,Keredari,,2656.0,2024-10-07
36,Telangana,తెలంగాణ,0.0,518,Ranga Reddy,రంగా రెడ్డి,537.0,4561,Keshampet,కేశంపేట,4561.0,2024-10-07
20,Jharkhand,झारखंड,20.0,328,Garhwa,गढ़वा,346.0,2497,Ketar*,केतार,2497.0,2024-10-07
22,Chhattisgarh,छत्तीसगढ़,22.0,760,Manendragarh-Chirmiri-Bharatpur(M C B),मनेन्द्रगढ़-चिरमिरी-भरतपुर(ऍम.सी.बी.),0.0,3235,Khadganva,,3235.0,2024-10-07
23,Madhya Pradesh,MADHYA PRADESH,23.0,397,Burhanpur,बुरहानपुर,467.0,3720,Khaknar,खकनार,3720.0,2024-10-07
9,Uttar Pradesh,UTTAR PRADESH,9.0,178,Sant Kabir Nagar,SANT KABIR NAGAR,186.0,942,Khalilabad,,942.0,2024-10-07
3,Punjab,PUNJAB,3.0,30,Fatehgarh Sahib,FATEHGARH SAHIB,40.0,223,Khamanon,,223.0,2024-10-07
21,Odisha,ODISHA,21.0,344,Anugul,ANUGUL,384.0,3001,Khamar,,3001.0,2024-10-07
24,Gujarat,GUJARAT,24.0,674,Devbhumi Dwarka,DEVBHUMI DWARKA,0.0,3813,Khambhalia,,3813.0,2024-10-07
27,Maharashtra,महाराष्ट्र,27.0,472,Buldhana,बुलढाणा,500.0,3981,Khamgaon,खामगाव,3981.0,2024-10-07
19,West Bengal,WEST BENGAL,19.0,312,Hooghly,HOOGHLY,338.0,2354,Khanakul - I,,2354.0,2024-10-07
27,Maharashtra,महाराष्ट्र,27.0,494,Satara,सातारा,527.0,4257,Khandala,खंडाळा,4257.0,2024-10-07
8,Rajasthan,RAJASTHAN,8.0,113,Sawai Madhopur,SAWAI MADHOPUR,108.0,532,Khandar,,532.0,2024-10-07
8,Rajasthan,RAJASTHAN,8.0,105,Jhalawar,JHALAWAR,129.0,678,Khanpur,,678.0,2024-10-07
10,Bihar,BIHAR,10.0,217,Samastipur,समस्तीपुर,221.0,1287,Khanpur,खानपुर,1287.0,2024-10-07
1,Jammu And Kashmir,JAMMU AND KASHMIR,1.0,2,Budgam,,2.0,6,Khansahib,,6.0,2024-10-07
23,Madhya Pradesh,MADHYA PRADESH,23.0,434,Tikamgarh,टीकमगढ़,424.0,3422,Khargapur,खरगापुर,3422.0,2024-10-07
21,Odisha,ODISHA,21.0,368,Nuapada,NUAPADA,394.0,3156,Khariar,,3156.0,2024-10-07
20,Jharkhand,झारखंड,20.0,341,Saraikela Kharsawan,सरायकेला खरसावां,369.0,2747,Kharsawan,,2747.0,2024-10-07
21,Odisha,ODISHA,21.0,366,Nabarangpur,NABARANGPUR,397.0,3198,Khatiguda,,3198.0,2024-10-07
27,Maharashtra,महाराष्ट्र,27.0,492,Ratnagiri,रत्नागिरी,528.0,4268,Khed,खेड,4268.0,2024-10-07
24,Gujarat,GUJARAT,24.0,453,Navsari,NAVSARI,490.0,6195,Khergam,,0.0,2024-10-07
13,Nagaland,NAGALAND,13.0,248,Phek,PHEK,266.0,1811,Khezhakeno,,1811.0,2024-10-07
36,Telangana,తెలంగాణ,0.0,522,Warangal,వరంగల్,540.0,6246,Khila Warangal,ఖిలా వరంగల్,0.0,2024-10-07
23,Madhya Pradesh,MADHYA PRADESH,23.0,422,Rajgarh,राजगढ़,442.0,3564,Khilchipur,खिलचीपुर,3564.0,2024-10-07
23,Madhya Pradesh,MADHYA PRADESH,23.0,408,Harda,हरदा,448.0,3606,Khirkiya,खिरकिया,3606.0,2024-10-07
10,Bihar,BIHAR,10.0,196,Gaya,गया,236.0,1490,Khizirsarai,खिजरसराय,1490.0,2024-10-07
1,Jammu And Kashmir,JAMMU AND KASHMIR,1.0,5,Jammu,JAMMU,21.0,6714,Khour,Khour,0.0,2024-10-07
23,Madhya Pradesh,MADHYA PRADESH,23.0,410,Indore,इन्दौर,439.0,7015,Khudel,खुडैल,0.0,2024-10-07
2,Himachal Pradesh,HIMACHAL PRADESH,2.0,18,Kangra,KANGRA,24.0,107,Khundian,,107.0,2024-10-07
12,Arunachal Pradesh,ARUNACHAL PRADESH,12.0,628,Anjaw,,260.0,1741,Kibithoo Circle,,1741.0,2024-10-07
33,Tamil Nadu,TAMIL NADU,33.0,575,Kanniyakumari,KANNIYAKUMARI,629.0,6673,Killiyoor,கிள்ளியூர்,0.0,2024-10-07
33,Tamil Nadu,TAMIL NADU,33.0,593,Tiruvannamalai,TIRUVANNAMALAI,606.0,6630,Kilpennathur,கீழ்பென்னாத்தூர்,0.0,2024-10-07
28,Andhra Pradesh,ANDHRA PRADESH,28.0,746,Kakinada,Kakinada,0.0,4899,Kirlampudi,,4899.0,2024-10-07
23,Madhya Pradesh,MADHYA PRADESH,23.0,392,Balaghat,बालाघाट,457.0,3673,Kirnapur,किरनापुर,3673.0,2024-10-07
8,Rajasthan,RAJASTHAN,8.0,770,Khairthal-Tijara,खैरथल-तिजारा,,497,Kishangarh Bas,,497.0,2024-10-07
9,Uttar Pradesh,UTTAR PRADESH,9.0,166,Mainpuri,MAINPURI,148.0,6872,Kishni,,0.0,2024-10-07
21,Odisha,ODISHA,21.0,344,Anugul,ANUGUL,384.0,3016,Kishorenagar,,3016.0,2024-10-07
10,Bihar,BIHAR,10.0,203,Kishanganj,किशनगंज,210.0,1126,Kochadhamin,कोचाधामन,1126.0,2024-10-07
21,Odisha,ODISHA,21.0,371,Sambalpur,SAMBALPUR,372.0,2782,Kochinda,,2782.0,2024-10-07
36,Telangana,తెలంగాణ,0.0,696,Suryapet,సూర్యాపేట,0.0,4668,Kodad,కోదాడ్,4668.0,2024-10-07
21,Odisha,ODISHA,21.0,354,Ganjam,GANJAM,388.0,3082,Kodala,,3082.0,2024-10-07
28,Andhra Pradesh,ANDHRA PRADESH,28.0,515,Sri Potti Sriramulu Nellore,శ్రీ పొట్టి శ్రీరాములు నెల్లూరు,550.0,5169,Kodavalur,,5169.0,2024-10-07
36,Telangana,తెలంగాణ,0.0,681,Jagitial,జగిత్యాల,0.0,4420,Kodimial,కొడిమ్యాల,4420.0,2024-10-07
1,Jammu And Kashmir,JAMMU AND KASHMIR,1.0,1,Anantnag,ANANTNAG,14.0,57,Kokernag,,57.0,2024-10-07
23,Madhya Pradesh,MADHYA PRADESH,23.0,432,Shivpuri,शिवपुरी,423.0,3411,Kolaras,कोलारस,3411.0,2024-10-07
28,Andhra Pradesh,ANDHRA PRADESH,28.0,743,Parvathipuram Manyam,Parvathipuram Manyam,0.0,4807,Komarada,,4807.0,2024-10-07
28,Andhra Pradesh,ANDHRA PRADESH,28.0,517,Prakasam,PRAKASAM,549.0,5119,Konakanamitla,,5119.0,2024-10-07
9,Uttar Pradesh,UTTAR PRADESH,9.0,151,Jalaun,JALAUN,165.0,855,Konch,,855.0,2024-10-07
36,Telangana,తెలంగాణ,0.0,691,Sangareddy,సంగారెడ్డి,0.0,4491,Kondapur,కొండాపూర్,4491.0,2024-10-07
21,Odisha,ODISHA,21.0,363,Koraput,KORAPUT,398.0,3208,Koraput Town,,3208.0,2024-10-07
29,Karnataka,ಕರ್ನಾಟಕ,29.0,548,Tumakuru,ತುಮಕೂರು,571.0,5536,Koratagere,ಕೊರಟಗೆರೆ,5536.0,2024-10-07
27,Maharashtra,महाराष्ट्र,27.0,475,Gadchiroli,गडचिरोली,508.0,4055,Korchi,कोरची,4055.0,2024-10-07
28,Andhra Pradesh,ANDHRA PRADESH,28.0,505,East Godavari,EAST GODAVARI,545.0,4905,Korukonda,,4905.0,2024-10-07
21,Odisha,ODISHA,21.0,366,Nabarangpur,NABARANGPUR,397.0,3195,Kosagumuda,,3195.0,2024-10-07
28,Andhra Pradesh,ANDHRA PRADESH,28.0,752,Tirupati,Tirupati,0.0,5191,Kota,,5191.0,2024-10-07
22,Chhattisgarh,छत्तीसगढ़,22.0,375,Bilaspur,बिलासपुर,406.0,3291,Kota,,3291.0,2024-10-07
33,Tamil Nadu,TAMIL NADU,33.0,587,The Nilgiris,THE NILGIRIS,611.0,5757,Kotagiri,,5757.0,2024-10-07
24,Gujarat,GUJARAT,24.0,457,Rajkot,RAJKOT,476.0,3805,Kotda Sangani,,3805.0,2024-10-07
5,Uttarakhand,UTTARAKHAND,5.0,52,Pauri Garhwal,PAURI GARHWAL,61.0,313,Kotdwara,,313.0,2024-10-07
1,Jammu And Kashmir,JAMMU AND KASHMIR,1.0,12,Rajouri,RAJOURI,6.0,6851,Koteranka,,0.0,2024-10-07
2,Himachal Pradesh,HIMACHAL PRADESH,2.0,23,Shimla,SHIMLA,33.0,6956,Kotgarh,,0.0,2024-10-07
28,Andhra Pradesh,ANDHRA PRADESH,28.0,754,Sri Sathya Sai,Sri Sathya Sai,0.0,5346,Kothacheruvu,,5346.0,2024-10-07
36,Telangana,తెలంగాణ,0.0,693,Wanaparthy,వనపర్తి,0.0,4593,Kothakota,కోత్తకోట,4593.0,2024-10-07
36,Telangana,తెలంగాణ,0.0,508,Karimnagar,కరీంనగర్,534.0,6230,Kothapally,కొత్తపల్లి,0.0,2024-10-07
28,Andhra Pradesh,ANDHRA PRADESH,28.0,519,Srikakulam,SRIKAKULAM,542.0,4772,Kothuru,,4772.0,2024-10-07
21,Odisha,ODISHA,21.0,363,Koraput,KORAPUT,398.0,3219,Kotiya,,3219.0,2024-10-07
2,Himachal Pradesh,HIMACHAL PRADESH,2.0,23,Shimla,SHIMLA,33.0,189,Kotkhai,,189.0,2024-10-07
8,Rajasthan,RAJASTHAN,8.0,783,Jaipur (Gramin),जयपुर (ग्रामीण),,6028,Kotkhawda,कोटखावदा,0.0,2024-10-07
29,Karnataka,ಕರ್ನಾಟಕ,29.0,738,Vijayanagar,,0.0,7108,Kotturu,,0.0,2024-10-07
36,Telangana,తెలంగాణ,0.0,699,Kumuram Bheem Asifabad,కుమురం భీమ్ ఆసిఫాబాద్,0.0,4316,Koutala,కౌటాల,4316.0,2024-10-07
33,Tamil Nadu,TAMIL NADU,33.0,594,Thoothukkudi,Thoothukkudi,627.0,5862,Kovilpatti,,5862.0,2024-10-07
28,Andhra Pradesh,ANDHRA PRADESH,28.0,505,East Godavari,EAST GODAVARI,545.0,4958,Kovvur,,4958.0,2024-10-07
21,Odisha,ODISHA,21.0,356,Jajapur,JAJAPUR,382.0,2981,Kuakhia,,2981.0,2024-10-07
13,Nagaland,NAGALAND,13.0,246,Mokokchung,MOKOKCHUNG,262.0,1763,Kubolong,,1763.0,2024-10-07
33,Tamil Nadu,TAMIL NADU,33.0,590,Thiruvarur,THIRUVARUR,619.0,5804,Kudavasal,குடவாசல்,5804.0,2024-10-07
8,Rajasthan,RAJASTHAN,8.0,778,Jodhpur (Gramin),जोधपुर (ग्रामीण),,7219,Kudi Bhagtasni,कुड़ी भगतासनी,0.0,2024-10-07
27,Maharashtra,महाराष्ट्र,27.0,484,Nagpur,नागपूर,505.0,4035,Kuhi,कुही,4035.0,2024-10-07
21,Odisha,ODISHA,21.0,355,Jagatsinghapur,JAGATSINGHAPUR,380.0,2936,Kujang,,2936.0,2024-10-07
36,Telangana,తెలంగాణ,0.0,700,Medchal Malkajgiri,మేడ్చల్ మల్కాజిగిరి,0.0,6327,Kukatpally,కూకట్ పల్లి,0.0,2024-10-07
22,Chhattisgarh,छत्तीसगढ़,22.0,382,Kabeerdham,कबीरधाम,407.0,7351,Kukdur,कुकदुर,0.0,2024-10-07
28,Andhra Pradesh,ANDHRA PRADESH,28.0,748,Eluru,Eluru,0.0,4735,Kukunoor,,4735.0,2024-10-07
6,Haryana,HARYANA,6.0,61,Fatehabad,FATEHABAD,78.0,6439,Kulan St,कुलाँ,0.0,2024-10-07
36,Telangana,తెలంగాణ,0.0,698,Vikarabad,వికారాబాద్,0.0,4539,Kulkacharla,కుల్కచర్ల(M),4539.0,2024-10-07
19,West Bengal,WEST BENGAL,19.0,664,Alipurduar,,0.0,2172,Kumargram,,2172.0,2024-10-07
10,Bihar,BIHAR,10.0,205,Madhepura,मधेपुरा,213.0,1163,Kumarkhand,कूमारखंड,1163.0,2024-10-07
8,Rajasthan,RAJASTHAN,8.0,767,Deeg,डीग,,510,Kumher,,510.0,2024-10-07
9,Uttar Pradesh,UTTAR PRADESH,9.0,174,Pratapgarh,PRATAPGARH,173.0,881,Kunda,,881.0,2024-10-07
20,Jharkhand,झारखंड,20.0,323,Chatra,चतरा,347.0,2516,Kunda,कुंदा,2516.0,2024-10-07
29,Karnataka,ಕರ್ನಾಟಕ,29.0,549,Udupi,ಉಡುಪಿ,569.0,5522,Kundapura,ಕುಂದಾಪುರ,5522.0,2024-10-07
21,Odisha,ODISHA,21.0,351,Deogarh,DEOGARH,373.0,2802,Kundheigola,,2802.0,2024-10-07
20,Jharkhand,झारखंड,20.0,333,Jamtara,जामताड़ा,363.0,2681,Kundhit,कुंडहित,2681.0,2024-10-07
24,Gujarat,GUJARAT,24.0,439,Amreli,AMRELI,480.0,3839,Kunkavav Vadia,,3839.0,2024-10-07
33,Tamil Nadu,TAMIL NADU,33.0,581,Perambalur,PERAMBALUR,615.0,5976,Kunnam,,0.0,2024-10-07
28,Andhra Pradesh,ANDHRA PRADESH,28.0,753,Annamayya,Annamayya,0.0,5389,Kurabalakota,,5389.0,2024-10-07
23,Madhya Pradesh,MADHYA PRADESH,23.0,428,Seoni,सिवनी,456.0,3666,Kurai,कुरई,3666.0,2024-10-07
10,Bihar,BIHAR,10.0,195,Darbhanga,दरभंगा,215.0,1197,Kusheshwar Asthan,कुशेश्वर स्थान,1197.0,2024-10-07
29,Karnataka,ಕರ್ನಾಟಕ,29.0,543,Koppal,ಕೊಪ್ಪಳ,560.0,5465,Kushtagi,ಕುಷ್ಟಗಿ,5465.0,2024-10-07
23,Madhya Pradesh,MADHYA PRADESH,23.0,433,Sidhi,सीधी,462.0,3702,Kusmi,कुसमी,3702.0,2024-10-07
22,Chhattisgarh,छत्तीसगढ़,22.0,649,Balrampur-Ramanujganj,बलरामपुर-रामानुजगंज,0.0,3240,Kusmi(Samri),कुसमी(सामरी),3240.0,2024-10-07
10,Bihar,BIHAR,10.0,189,Aurangabad,औरंगाबाद,235.0,1484,Kutumba,कुटुम्बा,1484.0,2024-10-07
10,Bihar,BIHAR,10.0,206,Madhubani,मधुबनी,207.0,1084,Ladania,लदनिया,1084.0,2024-10-07
2,Himachal Pradesh,HIMACHAL PRADESH,2.0,22,Mandi,MANDI,27.0,125,Lad Bharol,,125.0,2024-10-07
8,Rajasthan,RAJASTHAN,8.0,768,Didwana-Kuchaman,डीडवाना-कुचामन,,557,Ladnu,,557.0,2024-10-07
6,Haryana,HARYANA,6.0,68,Kurukshetra,KURUKSHETRA,72.0,6410,Ladwa,लाडवा,0.0,2024-10-07
21,Odisha,ODISHA,21.0,373,Sundargarh,SUNDARGARH,374.0,2827,Lahunipara,,2827.0,2024-10-07
12,Arunachal Pradesh,ARUNACHAL PRADESH,12.0,239,Tirap,TIRAP,254.0,1694,Laju Sdo,Laju,1694.0,2024-10-07
27,Maharashtra,महाराष्ट्र,27.0,471,Bhandara,भंडारा,506.0,4043,Lakhandur,लाखंदूर,4043.0,2024-10-07
18,Assam,ASSAM,18.0,282,Cachar,CACHAR,316.0,2100,Lakhipur,,2100.0,2024-10-07
10,Bihar,BIHAR,10.0,204,Lakhisarai,लखीसराय,227.0,1368,Lakhisarai,लखीसराय,1368.0,2024-10-07
10,Bihar,BIHAR,10.0,222,Siwan,सिवान,218.0,1233,Lakri Nabiganj,लकड़ी नबीगंज,1233.0,2024-10-07
5,Uttarakhand,UTTARAKHAND,5.0,50,Haridwar,HARIDWAR,68.0,6351,Laldhang,,0.0,2024-10-07
5,Uttarakhand,UTTARAKHAND,5.0,51,Nainital,NAINITAL,66.0,345,Lalkuan,,345.0,2024-10-07
22,Chhattisgarh,छत्तीसगढ़,22.0,647,Mungeli,मुंगेली,0.0,7258,Lalpur Thana,लालपुर थाना,0.0,2024-10-07
9,Uttar Pradesh,UTTAR PRADESH,9.0,185,Sultanpur,SULTANPUR,179.0,917,Lambhua,,917.0,2024-10-07
27,Maharashtra,महाराष्ट्र,27.0,492,Ratnagiri,रत्नागिरी,528.0,4273,Lanja,लांजा,4273.0,2024-10-07
5,Uttarakhand,UTTARAKHAND,5.0,52,Pauri Garhwal,PAURI GARHWAL,61.0,310,Lansdowne,,310.0,2024-10-07
20,Jharkhand,झारखंड,20.0,339,Ranchi,रांची,364.0,2697,Lapung,,2697.0,2024-10-07
1,Jammu And Kashmir,JAMMU AND KASHMIR,1.0,626,Ganderbal,GANDERBAL,11.0,45,Lar,,45.0,2024-10-07
1,Jammu And Kashmir,JAMMU AND KASHMIR,1.0,1,Anantnag,ANANTNAG,14.0,6820,Larnoo,Larnoo,0.0,2024-10-07
23,Madhya Pradesh,MADHYA PRADESH,23.0,437,Vidisha,विदिशा,443.0,3570,Lateri,लटेरी,3570.0,2024-10-07
12,Arunachal Pradesh,ARUNACHAL PRADESH,12.0,678,Namsai,,0.0,1733,Lathao Circle,Lathao Circle,1733.0,2024-10-07
21,Odisha,ODISHA,21.0,373,Sundargarh,SUNDARGARH,374.0,2823,Lathikata,,2823.0,2024-10-07
22,Chhattisgarh,छत्तीसगढ़,22.0,648,Surajpur,सूरजपुर,0.0,7236,Latori,लटोरी,0.0,2024-10-07
27,Maharashtra,महाराष्ट्र,27.0,481,Latur,लातूर,524.0,4226,Latur,लातूर,4226.0,2024-10-07
10,Bihar,BIHAR,10.0,206,Madhubani,मधुबनी,207.0,1086,Laukahi,लौकाही,1086.0,2024-10-07
19,West Bengal,WEST BENGAL,19.0,702,Kalimpong,KALIMPONG,0.0,2157,Lava,Lava,2157.0,2024-10-07
8,Rajasthan,RAJASTHAN,8.0,97,Dausa,DAUSA,109.0,6909,Lawan,लवाण,0.0,2024-10-07
28,Andhra Pradesh,ANDHRA PRADESH,28.0,504,Y.S.R.,,551.0,5218,Lingala,,5218.0,2024-10-07
28,Andhra Pradesh,ANDHRA PRADESH,28.0,748,Eluru,Eluru,0.0,4945,Lingapalem,,4945.0,2024-10-07
14,Manipur,MANIPUR,14.0,260,Ukhrul,UKHRUL,279.0,6482,LM,,0.0,2024-10-07
13,Nagaland,NAGALAND,13.0,615,Longleng,,268.0,1833,Longleng,,1833.0,2024-10-07
14,Manipur,MANIPUR,14.0,714,Noney,NONEY,0.0,6491,Longmai,NONEY,0.0,2024-10-07
13,Nagaland,NAGALAND,13.0,614,Kiphire,,269.0,1840,Longmatra,,1840.0,2024-10-07
9,Uttar Pradesh,UTTAR PRADESH,9.0,145,Ghaziabad,GHAZIABAD,140.0,6089,Loni,,0.0,2024-10-07
3,Punjab,PUNJAB,3.0,36,Ludhiana,ਲੂਿਧਆਣਾ,41.0,227,Ludhiana (East),,227.0,2024-10-07
12,Arunachal Pradesh,ARUNACHAL PRADESH,12.0,238,Tawang,TAWANG,245.0,1557,Lumla Adc,Lumla ADC,1557.0,2024-10-07
14,Manipur,MANIPUR,14.0,716,Tengnoupal,TENGNOUPAL,0.0,1892,Machi,,1892.0,2024-10-07
23,Madhya Pradesh,MADHYA PRADESH,23.0,638,Singrauli,सिंगरौली,463.0,6987,Mada,माडा,0.0,2024-10-07
33,Tamil Nadu,TAMIL NADU,33.0,634,Tiruppur,TIRUPPUR,633.0,5907,Madathukulam,,5907.0,2024-10-07
28,Andhra Pradesh,ANDHRA PRADESH,28.0,511,Kurnool,KURNOOL,552.0,5292,Maddikera (East),,5292.0,2024-10-07
28,Andhra Pradesh,ANDHRA PRADESH,28.0,517,Prakasam,PRAKASAM,549.0,5127,Maddipadu,,5127.0,2024-10-07
36,Telangana,తెలంగాణ,0.0,696,Suryapet,సూర్యాపేట,0.0,6300,Maddirala,మద్దిరాల,0.0,2024-10-07
36,Telangana,తెలంగాణ,0.0,721,Narayanpet,నారాయణ్ పేట్,0.0,4554,Maddur,మద్దూర్,4554.0,2024-10-07
36,Telangana,తెలంగాణ,0.0,692,Siddipet,సిద్దిపేట,0.0,4673,Maddur,మద్దూరు,4673.0,2024-10-07
10,Bihar,BIHAR,10.0,206,Madhubani,मधुबनी,207.0,1100,Madhepur,मधेपुर,1100.0,2024-10-07
36,Telangana,తెలంగాణ,0.0,509,Khammam,ఖమ్మం,541.0,4766,Madhira,మధిర,4766.0,2024-10-07
10,Bihar,BIHAR,10.0,206,Madhubani,मधुबनी,207.0,1080,Madhwapur,मधवापुर,1080.0,2024-10-07
28,Andhra Pradesh,ANDHRA PRADESH,28.0,744,Anakapalli,Anakapalli,0.0,4857,Madugula,,4857.0,2024-10-07
36,Telangana,తెలంగాణ,0.0,514,Nalgonda,నల్గొండ,539.0,6305,Madugulapally,మడుగుల పల్లె,0.0,2024-10-07
33,Tamil Nadu,TAMIL NADU,33.0,578,Madurai,MADURAI,623.0,5836,Madurai North,,5836.0,2024-10-07
23,Madhya Pradesh,MADHYA PRADESH,23.0,433,Sidhi,सीधी,462.0,7410,Madwas,मड़वास,0.0,2024-10-07
36,Telangana,తెలంగాణ,0.0,721,Narayanpet,నారాయణ్ పేట్,0.0,4590,Maganoor,మాగనూరు,4590.0,2024-10-07
9,Uttar Pradesh,UTTAR PRADESH,9.0,167,Mathura,MATHURA,145.0,763,Mahavan,,763.0,2024-10-07
23,Madhya Pradesh,MADHYA PRADESH,23.0,435,Ujjain,उज्जैन,435.0,3510,Mahidpur,महिदपुर,3510.0,2024-10-07
9,Uttar Pradesh,UTTAR PRADESH,9.0,183,Sitapur,SITAPUR,154.0,807,Mahmudabad,,807.0,2024-10-07
9,Uttar Pradesh,UTTAR PRADESH,9.0,183,Sitapur,SITAPUR,154.0,6880,Maholi,,0.0,2024-10-07
24,Gujarat,GUJARAT,24.0,459,Surat,SURAT,492.0,3941,Mahuva,,3941.0,2024-10-07
10,Bihar,BIHAR,10.0,211,Pashchim Champaran,पश्चिम चम्पारण,203.0,1016,Mainatanr,मैनटाड,1016.0,2024-10-07
22,Chhattisgarh,छत्तीसगढ़,22.0,645,Gariyaband,गरियाबंद,0.0,3337,Mainpur,मैनपुर,3337.0,2024-10-07
23,Madhya Pradesh,MADHYA PRADESH,23.0,433,Sidhi,सीधी,462.0,3701,Majhauli,मझौली,3701.0,2024-10-07
20,Jharkhand,झारखंड,20.0,343,West Singhbhum,पश्चिमी सिंघभूम,368.0,2745,Majhgaon,मझगाँव,2745.0,2024-10-07
10,Bihar,BIHAR,10.0,221,Sitamarhi,सीतामढी,206.0,1065,Majorganj,मेजरगंज,1065.0,2024-10-07
28,Andhra Pradesh,ANDHRA PRADESH,28.0,744,Anakapalli,Anakapalli,0.0,4875,Makavarapalem,,4875.0,2024-10-07
23,Madhya Pradesh,MADHYA PRADESH,23.0,409,Narmadapuram,नर्मदापुरम,449.0,3616,Makhan Nagar,माखन नगर,3616.0,2024-10-07
8,Rajasthan,RAJASTHAN,8.0,768,Didwana-Kuchaman,डीडवाना-कुचामन,,565,Makrana,,565.0,2024-10-07
27,Maharashtra,महाराष्ट्र,27.0,499,Washim,वाशिम,502.0,3995,Malegaon,मालेगाव,3995.0,2024-10-07
3,Punjab,PUNJAB,3.0,737,Malerkotla,,0.0,269,Malerkotla,,269.0,2024-10-07
23,Madhya Pradesh,MADHYA PRADESH,23.0,410,Indore,इन्दौर,439.0,7014,Malharganj,मल्हारगंज,0.0,2024-10-07
36,Telangana,తెలంగాణ,0.0,687,Jayashankar Bhupalapally,జయశంకర్ భూపాలపల్లి,0.0,4405,Malharrao,మల్హార్ రావు,4405.0,2024-10-07
9,Uttar Pradesh,UTTAR PRADESH,9.0,162,Lucknow,LUCKNOW,157.0,819,Malihabad,,819.0,2024-10-07
36,Telangana,తెలంగాణ,0.0,700,Medchal Malkajgiri,మేడ్చల్ మల్కాజిగిరి,0.0,4521,Malkajgiri,మల్కాజగిరి,4521.0,2024-10-07
21,Odisha,ODISHA,21.0,364,Malkangiri,MALKANGIRI,399.0,3220,Malkangiri,,3220.0,2024-10-07
22,Chhattisgarh,छत्तीसगढ़,22.0,762,Sakti,सक्ती,0.0,3285,Malkharoda,,3285.0,2024-10-07
36,Telangana,తెలంగాణ,0.0,681,Jagitial,జగిత్యాల,0.0,4413,Mallial,మల్యాల,4413.0,2024-10-07
29,Karnataka,ಕರ್ನಾಟಕ,29.0,542,Kolar,ಕೋಲಾರ,581.0,5592,Malur,ಮಾಲೂರು,5592.0,2024-10-07
33,Tamil Nadu,TAMIL NADU,33.0,568,Chennai,CHENNAI,603.0,7165,Mambalam,மாம்பலம்,0.0,2024-10-07
28,Andhra Pradesh,ANDHRA PRADESH,28.0,747,Dr. B.R. Ambedkar Konaseema,డా బి ఆర్  అంబేడ్కర్ కోనసీమ,0.0,4936,Mamidikuduru,,4936.0,2024-10-07
2,Himachal Pradesh,HIMACHAL PRADESH,2.0,25,Solan,SOLAN,31.0,6967,Mamlig,,0.0,2024-10-07
20,Jharkhand,झारखंड,20.0,338,Palamu,पलामू,358.0,2628,Manatu,,2628.0,2024-10-07
23,Madhya Pradesh,MADHYA PRADESH,23.0,403,Dhar,धार,438.0,3538,Manawar,मनावर,3538.0,2024-10-07
5,Uttarakhand,UTTARAKHAND,5.0,48,Champawat,CHAMPAWAT,65.0,6348,Manch,,0.0,2024-10-07
8,Rajasthan,RAJASTHAN,8.0,92,Bhilwara,BHILWARA,122.0,637,Mandalgarh,,637.0,2024-10-07
27,Maharashtra,महाराष्ट्र,27.0,492,Ratnagiri,रत्नागिरी,528.0,4266,Mandangad,मंडणगड,4266.0,2024-10-07
1,Jammu And Kashmir,JAMMU AND KASHMIR,1.0,10,Poonch,POONCH,5.0,17,Mandi,,17.0,2024-10-07
22,Chhattisgarh,छत्तीसगढ़,22.0,387,Raipur,रायपुर,410.0,7308,Mandir Hasoud,मंदिर हसौद,0.0,2024-10-07
23,Madhya Pradesh,MADHYA PRADESH,23.0,415,Mandla,मंडला,454.0,3643,Mandla,मंडला,3643.0,2024-10-07
20,Jharkhand,झारखंड,20.0,607,Ramgarh,रामगढ़,361.0,2661,Mandu,,2661.0,2024-10-07
22,Chhattisgarh,छत्तीसगढ़,22.0,760,Manendragarh-Chirmiri-Bharatpur(M C B),मनेन्द्रगढ़-चिरमिरी-भरतपुर(ऍम.सी.बी.),0.0,3234,Manendragarh,,3234.0,2024-10-07
11,Sikkim,SIKKIM,11.0,742,Soreng,Soreng,0.0,7178,Mangalbarey,Mangalbarey,0.0,2024-10-07
27,Maharashtra,महाराष्ट्र,27.0,496,Solapur,सोलापूर,526.0,4252,Mangalvedhe,मंगळवेढे,4252.0,2024-10-07
27,Maharashtra,महाराष्ट्र,27.0,499,Washim,वाशिम,502.0,3996,Mangrulpir,मंगरूळपीर,3996.0,2024-10-07
10,Bihar,BIHAR,10.0,195,Darbhanga,दरभंगा,215.0,1185,Manigachhi,मनीगाछी,1185.0,2024-10-07
10,Bihar,BIHAR,10.0,201,Katihar,कटिहार,212.0,1156,Manihari,मनिहारी,1156.0,2024-10-07
18,Assam,ASSAM,18.0,281,Bongaigaon,BONGAIGAON,319.0,7199,Manikpur,,0.0,2024-10-07
1,Jammu And Kashmir,JAMMU AND KASHMIR,1.0,12,Rajouri,RAJOURI,6.0,6772,Manjakote,Manjakote,0.0,2024-10-07
32,Kerala,KERALA,32.0,558,Kasaragod,കാസര്‍കോഡ്,588.0,5932,Manjeswaram,മഞ്ചേശ്വരം,0.0,2024-10-07
9,Uttar Pradesh,UTTAR PRADESH,9.0,158,Kaushambi,KAUSHAMBI,174.0,886,Manjhanpur,,886.0,2024-10-07
18,Assam,ASSAM,18.0,707,South Salmara Mancachar,,0.0,2012,Mankachar,,2012.0,2024-10-07
33,Tamil Nadu,TAMIL NADU,33.0,576,Karur,KARUR,613.0,5985,Manmangalam,,0.0,2024-10-07
20,Jharkhand,झारखंड,20.0,343,West Singhbhum,पश्चिमी सिंघभूम,368.0,2735,Manoharpur,मनोहरपुर,2735.0,2024-10-07
10,Bihar,BIHAR,10.0,196,Gaya,गया,236.0,1494,Manpur,मानपुर,1494.0,2024-10-07
10,Bihar,BIHAR,10.0,201,Katihar,कटिहार,212.0,1152,Mansahi,मनसाही,1152.0,2024-10-07
27,Maharashtra,महाराष्ट्र,27.0,489,Parbhani,परभणी,513.0,4119,Manwath,मानवत,4119.0,2024-10-07
1,Jammu And Kashmir,JAMMU AND KASHMIR,1.0,7,Kathua,KATHUA,7.0,6731,Marheen,Marheen,0.0,2024-10-07
1,Jammu And Kashmir,JAMMU AND KASHMIR,1.0,4,Doda,DODA,16.0,6751,Marmat,Marmat,0.0,2024-10-07
12,Arunachal Pradesh,ARUNACHAL PRADESH,12.0,241,Upper Subansiri,UPPER SUBANSIRI,249.0,6554,Maro Circle,Maro Circle,0.0,2024-10-07
22,Chhattisgarh,छत्तीसगढ़,22.0,734,Gaurela-Pendra-Marwahi,गौरेला-पेंड्रा-मरवाही,0.0,3288,Marwahi,,3288.0,2024-10-07
10,Bihar,BIHAR,10.0,208,Muzaffarpur,मुजफ्फरपुर,216.0,1203,Marwan,मड्वन,1203.0,2024-10-07
8,Rajasthan,RAJASTHAN,8.0,111,Pali,PALI,118.0,602,Marwar Junction,,602.0,2024-10-07
22,Chhattisgarh,छत्तीसगढ़,22.0,375,Bilaspur,बिलासपुर,406.0,3296,Masturi,,3296.0,2024-10-07
19,West Bengal,WEST BENGAL,19.0,314,Jalpaiguri,JALPAIGURI,328.0,2168,Matiali,,2168.0,2024-10-07
19,West Bengal,WEST BENGAL,19.0,309,Darjeeling,DARJEELING,327.0,2162,Matigara,,2162.0,2024-10-07
23,Madhya Pradesh,MADHYA PRADESH,23.0,766,MAUGANJ,मऊगंज,,3477,Mauganj,मऊगंज,3477.0,2024-10-07
9,Uttar Pradesh,UTTAR PRADESH,9.0,168,Mau,MAU,192.0,973,Maunath Bhanjan,,973.0,2024-10-07
9,Uttar Pradesh,UTTAR PRADESH,9.0,153,Jhansi,JHANSI,166.0,859,Mauranipur,,859.0,2024-10-07
17,Meghalaya,MEGHALAYA,17.0,274,East Khasi Hills,EAST KHASI HILLS,298.0,1993,Mawsynram,,1993.0,2024-10-07
18,Assam,ASSAM,18.0,296,Marigaon,MARIGAON,304.0,2026,Mayong,,2026.0,2024-10-07
36,Telangana,తెలంగాణ,0.0,513,Medak,మెదక్,535.0,4456,Medak,మెదక్,4456.0,2024-10-07
32,Kerala,KERALA,32.0,560,Kottayam,കോട്ടയം,597.0,5668,Meenachil,മീനച്ചില്‍,5668.0,2024-10-07
3,Punjab,PUNJAB,3.0,605,Barnala,,54.0,7409,Mehal Kalan,ਮਹਿਲ ਕਲਾਂ,0.0,2024-10-07
7,Delhi,DELHI,7.0,83,South,SOUTH,98.0,6080,Mehrauli,,0.0,2024-10-07
9,Uttar Pradesh,UTTAR PRADESH,9.0,120,Prayagraj,PRAYAGRAJ,175.0,894,Meja,,894.0,2024-10-07
19,West Bengal,WEST BENGAL,19.0,306,Purba Bardhaman,PURBA BARDHAMAN,335.0,2291,Memari - I,,2291.0,2024-10-07
20,Jharkhand,झारखंड,20.0,328,Garhwa,गढ़वा,346.0,2508,Meral (Pipra Kalan),मेराल(पिपरा कलां),2508.0,2024-10-07
13,Nagaland,NAGALAND,13.0,246,Mokokchung,MOKOKCHUNG,262.0,1765,Merangmen,,1765.0,2024-10-07
36,Telangana,తెలంగాణ,0.0,512,Mahabubnagar,మహబూబ్ నగర్,538.0,4566,Midjil,మిడ్జిల్,4566.0,2024-10-07
23,Madhya Pradesh,MADHYA PRADESH,23.0,395,Bhind,भिण्ड,420.0,3397,Mihona,मिहोना,3397.0,2024-10-07
9,Uttar Pradesh,UTTAR PRADESH,9.0,176,Rampur,RAMPUR,136.0,728,Milak,,728.0,2024-10-07
31,Lakshadweep,LAKSHADWEEP,31.0,553,Lakshadweep District,LAKSHADWEEP DISTRICT,587.0,5629,Minicoy,,5629.0,2024-10-07
36,Telangana,తెలంగాణ,0.0,514,Nalgonda,నల్గొండ,539.0,4664,Miryalaguda,మిర్యాలగూడ,4664.0,2024-10-07
9,Uttar Pradesh,UTTAR PRADESH,9.0,159,Kheri,KHERI,153.0,6875,Mitauli,,0.0,2024-10-07
33,Tamil Nadu,TAMIL NADU,33.0,573,Erode,ERODE,610.0,6636,Modakkurichi,மொடக்குறிச்சி,0.0,2024-10-07
36,Telangana,తెలంగాణ,0.0,691,Sangareddy,సంగారెడ్డి,0.0,6278,Mogudampally,మొగుడంపల్లి,0.0,2024-10-07
1,Jammu And Kashmir,JAMMU AND KASHMIR,1.0,4,Doda,DODA,16.0,6750,Mohalla,Mohalla,0.0,2024-10-07
9,Uttar Pradesh,UTTAR PRADESH,9.0,159,Kheri,KHERI,153.0,800,Mohammdi,,800.0,2024-10-07
33,Tamil Nadu,TAMIL NADU,33.0,580,Namakkal,NAMAKKAL,609.0,6635,Mohanur,மோகனூா்,0.0,2024-10-07
22,Chhattisgarh,छत्तीसगढ़,22.0,761,Mohla-Manpur-Ambagarh Chouki,मोहला-मानपुर-अम्बागढ़ चौकी,0.0,3308,Mohla,,3308.0,2024-10-07
27,Maharashtra,महाराष्ट्र,27.0,665,Palghar,पालघर,0.0,4161,Mokhada,मोखाडा,4161.0,2024-10-07
36,Telangana,తెలంగాణ,0.0,698,Vikarabad,వికారాబాద్,0.0,4513,Mominpet,మోమిన్ పేట్,4513.0,2024-10-07
13,Nagaland,NAGALAND,13.0,247,Mon,MON,261.0,1748,Mon Sadar,,1748.0,2024-10-07
36,Telangana,తెలంగాణ,0.0,512,Mahabubnagar,మహబూబ్ నగర్,538.0,6260,Moosapet,మూసాపేట్,0.0,2024-10-07
18,Assam,ASSAM,18.0,288,Golaghat,GOLAGHAT,313.0,2086,Morangi,,2086.0,2024-10-07
3,Punjab,PUNJAB,3.0,42,Rupnagar,ਰੂਪਨਗਰ,51.0,6857,Morinda,,0.0,2024-10-07
30,Goa,GOA,30.0,552,South Goa,SOUTH GOA,586.0,5615,Mormugao,,5615.0,2024-10-07
10,Bihar,BIHAR,10.0,217,Samastipur,समस्तीपुर,221.0,1291,Morwa,मोरवा,1291.0,2024-10-07
24,Gujarat,GUJARAT,24.0,454,Panch Mahals,PANCH MAHALS,484.0,3884,Morwa (Hadaf),,3884.0,2024-10-07
9,Uttar Pradesh,UTTAR PRADESH,9.0,153,Jhansi,JHANSI,166.0,856,Moth,,856.0,2024-10-07
10,Bihar,BIHAR,10.0,213,Purbi Champaran,पूर्वी चंपारण,204.0,1041,Motihari,मोतिहारी,1041.0,2024-10-07
1,Jammu And Kashmir,JAMMU AND KASHMIR,1.0,14,Udhampur,UDHAMPUR,19.0,6734,Moungri,Moungri,0.0,2024-10-07
14,Manipur,MANIPUR,14.0,254,Churachandpur,CHURACHANDPUR,274.0,6504,Mualnuam,,0.0,2024-10-07
36,Telangana,తెలంగాణ,0.0,680,Nirmal,నిర్మల్,0.0,4341,Mudhole,ముధోల్,4341.0,2024-10-07
1,Jammu And Kashmir,JAMMU AND KASHMIR,1.0,620,Kishtwar,,18.0,6764,Mughalmaidan,Mughalmaidan,0.0,2024-10-07
9,Uttar Pradesh,UTTAR PRADESH,9.0,168,Mau,MAU,192.0,974,Muhammadabad Gohna,,974.0,2024-10-07
32,Kerala,KERALA,32.0,566,Thrissur,തൃശ്ശൂര്‍,594.0,5656,Mukundapuram,മുകുന്ദപുരം,5656.0,2024-10-07
23,Madhya Pradesh,MADHYA PRADESH,23.0,394,Betul,बैतूल,447.0,3604,Multai,मुलताई,3604.0,2024-10-07
36,Telangana,తెలంగాణ,0.0,720,Mulugu,ములుగు,0.0,4689,Mulug,ములుగు,4689.0,2024-10-07
28,Andhra Pradesh,ANDHRA PRADESH,28.0,744,Anakapalli,Anakapalli,0.0,4877,Munagapaka,,4877.0,2024-10-07
28,Andhra Pradesh,ANDHRA PRADESH,28.0,745,Alluri Sitharama Raju,Alluri Sitharama Raju,0.0,4841,Munchingi Puttu,,4841.0,2024-10-07
10,Bihar,BIHAR,10.0,207,Munger,मुंगेर,226.0,1356,Munger,,1356.0,2024-10-07
36,Telangana,తెలంగాణ,0.0,516,Nizamabad,నిజామాబాదు,533.0,6238,Mupkal,ముప్ కాల్,0.0,2024-10-07
20,Jharkhand,झारखंड,20.0,606,Khunti,खूंटी,365.0,2703,Murhu,,2703.0,2024-10-07
20,Jharkhand,झारखंड,20.0,327,East Singhbum,पूर्वी सिंघभूम,357.0,2609,Musabani,,2609.0,2024-10-07
5,Uttarakhand,UTTARAKHAND,5.0,49,Dehradun,DEHRADUN,60.0,7393,Mussoorie,मसूरी,0.0,2024-10-07
36,Telangana,తెలంగాణ,0.0,687,Jayashankar Bhupalapally,జయశంకర్ భూపాలపల్లి,0.0,4404,Mutharam Mahadevpur,ముత్తారం (మహదేవ్ పూర్),4404.0,2024-10-07
36,Telangana,తెలంగాణ,0.0,682,Peddapalli,పెద్దపల్లి,0.0,4406,Mutharam (Manthani),ముత్తారం(మంథని),4406.0,2024-10-07
9,Uttar Pradesh,UTTAR PRADESH,9.0,172,Muzaffarnagar,MUZAFFARNAGAR,133.0,708,Muzaffarnagar,,708.0,2024-10-07
28,Andhra Pradesh,ANDHRA PRADESH,28.0,504,Y.S.R.,,551.0,5200,Mylavaram,,5200.0,2024-10-07
24,Gujarat,GUJARAT,24.0,450,Kheda,KHEDA,483.0,6531,Nadiad City,,0.0,2024-10-07
18,Assam,ASSAM,18.0,705,Biswanath,,0.0,2044,Na-Duar,,2044.0,2024-10-07
36,Telangana,తెలంగాణ,0.0,691,Sangareddy,సంగారెడ్డి,0.0,6280,Nagalgidda,నాగల్ గిద్ద,0.0,2024-10-07
8,Rajasthan,RAJASTHAN,8.0,116,Tonk,TONK,120.0,7155,Nagarfort,नगरफोर्ट,0.0,2024-10-07
20,Jharkhand,झारखंड,20.0,328,Garhwa,गढ़वा,346.0,2503,Nagaruntari,नगरउंटारी,2503.0,2024-10-07
27,Maharashtra,महाराष्ट्र,27.0,473,Chandrapur,चंद्रपूर,509.0,4066,Nagbhid,नागभिड,4066.0,2024-10-07
9,Uttar Pradesh,UTTAR PRADESH,9.0,132,Bijnor,BIJNOR,134.0,714,Nagina,,714.0,2024-10-07
27,Maharashtra,महाराष्ट्र,27.0,484,Nagpur,नागपूर,505.0,4032,Nagpur (Urban),नागपूर (शहर),4032.0,2024-10-07
1,Jammu And Kashmir,JAMMU AND KASHMIR,1.0,5,Jammu,JAMMU,21.0,6711,Nagrota,Nagrota,0.0,2024-10-07
23,Madhya Pradesh,MADHYA PRADESH,23.0,766,MAUGANJ,मऊगंज,,3478,Naigarhi,नईगढ़ी,3478.0,2024-10-07
2,Himachal Pradesh,HIMACHAL PRADESH,2.0,15,Bilaspur,BILASPUR,30.0,155,Naina Devi,,155.0,2024-10-07
7,Delhi,DELHI,7.0,84,South West,SOUTH WEST,97.0,451,Najafgarh,,451.0,2024-10-07
9,Uttar Pradesh,UTTAR PRADESH,9.0,132,Bijnor,BIJNOR,134.0,712,Najibabad,,712.0,2024-10-07
21,Odisha,ODISHA,21.0,371,Sambalpur,SAMBALPUR,372.0,2798,Naktideul,,2798.0,2024-10-07
33,Tamil Nadu,TAMIL NADU,33.0,580,Namakkal,NAMAKKAL,609.0,5747,Namakkal,,5747.0,2024-10-07
11,Sikkim,SIKKIM,11.0,227,Namchi,Namchi,243.0,1551,Namchi,,1551.0,2024-10-07
20,Jharkhand,झारखंड,20.0,339,Ranchi,रांची,364.0,2690,Namkum,,2690.0,2024-10-07
36,Telangana,తెలంగాణ,0.0,507,Hyderabad,హైదరాబాద్,536.0,4504,Nampally,నాంపల్లి,4504.0,2024-10-07
12,Arunachal Pradesh,ARUNACHAL PRADESH,12.0,229,Changlang,CHANGLANG,253.0,6580,Namtok Eac,Namtok EAC,0.0,2024-10-07
27,Maharashtra,महाराष्ट्र,27.0,487,Nashik,नाशिक,516.0,4147,Nandgaon,नांदगाव,4147.0,2024-10-07
27,Maharashtra,महाराष्ट्र,27.0,468,Amravati,अमरावती,503.0,4012,Nandgaon-Khandeshwar,नांदगाव खंडेश्वर,4012.0,2024-10-07
21,Odisha,ODISHA,21.0,361,Kendujhar,KENDUJHAR,375.0,2856,Nandipada,,2856.0,2024-10-07
36,Telangana,తెలంగాణ,0.0,516,Nizamabad,నిజామాబాదు,533.0,4359,Nandipet,నందిపేట్,4359.0,2024-10-07
27,Maharashtra,महाराष्ट्र,27.0,472,Buldhana,बुलढाणा,500.0,3978,Nandura,नांदुरा,3978.0,2024-10-07
6,Haryana,HARYANA,6.0,69,Mahendragarh,MAHENDRAGARH,84.0,6456,Nangal Chawdhary,नांगल चौधरी,0.0,2024-10-07
22,Chhattisgarh,छत्तीसगढ़,22.0,374,Bastar,बस्तर,414.0,7313,Nangur,नानगुर,0.0,2024-10-07
33,Tamil Nadu,TAMIL NADU,33.0,590,Thiruvarur,THIRUVARUR,619.0,5805,Nannilam,,5805.0,2024-10-07
18,Assam,ASSAM,18.0,295,Lakhimpur,LAKHIMPUR,307.0,2050,Naobaicha,,2050.0,2024-10-07
10,Bihar,BIHAR,10.0,191,Begusarai,बेगूसराय,222.0,1315,Naokothi,नावकोठी,1315.0,2024-10-07
9,Uttar Pradesh,UTTAR PRADESH,9.0,128,Banda,BANDA,170.0,874,Naraini,,874.0,2024-10-07
19,West Bengal,WEST BENGAL,19.0,318,Paschim Medinipur,PASCHIM MEDINIPUR,344.0,2465,Narayangarh,,2465.0,2024-10-07
22,Chhattisgarh,छत्तीसगढ़,22.0,381,Uttar Bastar Kanker,उत्तर बस्तर कांकेर,413.0,3352,Narharpur,,3352.0,2024-10-07
10,Bihar,BIHAR,10.0,210,Nawada,नवादा,237.0,1521,Narhat,नरहट,1521.0,2024-10-07
10,Bihar,BIHAR,10.0,211,Pashchim Champaran,पश्चिम चम्पारण,203.0,1017,Narkatiaganj,नरकटियागंज,1017.0,2024-10-07
28,Andhra Pradesh,ANDHRA PRADESH,28.0,502,Ananthapuramu,అనంతపురము,553.0,5328,Narpala,,5328.0,2024-10-07
23,Madhya Pradesh,MADHYA PRADESH,23.0,422,Rajgarh,राजगढ़,442.0,3568,Narsinghgarh,नरसिंहगढ़,3568.0,2024-10-07
1,Jammu And Kashmir,JAMMU AND KASHMIR,1.0,3,Baramulla,BARAMULLA,8.0,7202,Narvaw,,0.0,2024-10-07
23,Madhya Pradesh,MADHYA PRADESH,23.0,432,Shivpuri,शिवपुरी,423.0,3409,Narwar,नरवर,3409.0,2024-10-07
36,Telangana,తెలంగాణ,0.0,685,Kamareddy,కామారెడ్డి,0.0,6244,Nasurullabad,నసురుల్లాబాద్,0.0,2024-10-07
33,Tamil Nadu,TAMIL NADU,33.0,572,Dindigul,DINDIGUL,612.0,5763,Natham,,5763.0,2024-10-07
10,Bihar,BIHAR,10.0,192,Bhagalpur,भागलपुर,224.0,1332,Naugachhia,नवगछिया,1332.0,2024-10-07
8,Rajasthan,RAJASTHAN,8.0,87,Alwar,ALWAR,104.0,7129,Naugaon,नौगांवा,0.0,2024-10-07
10,Bihar,BIHAR,10.0,215,Rohtas,रोहतास,234.0,1469,Nauhatta,नौहट्टा,1469.0,2024-10-07
10,Bihar,BIHAR,10.0,211,Pashchim Champaran,पश्चिम चम्पारण,203.0,1030,Nautan,नौतन,1030.0,2024-10-07
8,Rajasthan,RAJASTHAN,8.0,117,Udaipur,UDAIPUR,130.0,7157,Nayagaon,नयागांव,0.0,2024-10-07
18,Assam,ASSAM,18.0,300,Sivasagar,SIVASAGAR,311.0,2073,Nazira,,2073.0,2024-10-07
8,Rajasthan,RAJASTHAN,8.0,773,Neem Ka Thana,नीम का थाना,,556,Neem-Ka-Thana,,556.0,2024-10-07
29,Karnataka,ಕರ್ನಾಟಕ,29.0,526,Bengaluru Rural,ಬೆಂಗಳೂರು ಗ್ರಾಮಾಂತರ,583.0,5601,Nelamangala,ನೆಲಮಂಗಲ,5601.0,2024-10-07
36,Telangana,తెలంగాణ,0.0,688,Mahabubabad,మహబుబాబాద్,0.0,4716,Nellikudur,నెల్లికుదురు,4716.0,2024-10-07
21,Odisha,ODISHA,21.0,350,Cuttack,CUTTACK,381.0,2959,Nemalo,,2959.0,2024-10-07
36,Telangana,తెలంగాణ,0.0,514,Nalgonda,నల్గొండ,539.0,4661,Nidmanoor,నిడమనూరు,4661.0,2024-10-07
6,Haryana,HARYANA,6.0,67,Karnal,KARNAL,74.0,6451,Nigdu St,निगडू,0.0,2024-10-07
20,Jharkhand,झारखंड,20.0,341,Saraikela Kharsawan,सरायकेला खरसावां,369.0,2751,Nimdih,,2751.0,2024-10-07
10,Bihar,BIHAR,10.0,223,Supaul,सुपौल,208.0,1101,Nirmali,निर्मली,1101.0,2024-10-07
36,Telangana,తెలంగాణ,0.0,680,Nirmal,నిర్మల్,0.0,4344,Nirmal U,నిర్మల్ (యు),4344.0,2024-10-07
36,Telangana,తెలంగాణ,0.0,685,Kamareddy,కామారెడ్డి,0.0,4385,Nizamsagar,నిజాంసాగర్,4385.0,2024-10-07
20,Jharkhand,झारखंड,20.0,343,West Singhbhum,पश्चिमी सिंघभूम,368.0,2736,Noamundi,नोवामुंडी,2736.0,2024-10-07
10,Bihar,BIHAR,10.0,209,Nalanda,नालंदा,229.0,1387,Noorsarai,नुरसराय,1387.0,2024-10-07
13,Nagaland,NAGALAND,13.0,613,Peren,,271.0,1855,Nsong,,1855.0,2024-10-07
21,Odisha,ODISHA,21.0,367,Nayagarh,NAYAGARH,385.0,3025,Nuagaon,,3025.0,2024-10-07
21,Odisha,ODISHA,21.0,368,Nuapada,NUAPADA,394.0,3154,Nuapada,,3154.0,2024-10-07
36,Telangana,తెలంగాణ,0.0,696,Suryapet,సూర్యాపేట,0.0,4621,Nuthanakal,నూతనకల్లు,4621.0,2024-10-07
9,Uttar Pradesh,UTTAR PRADESH,9.0,184,Sonbhadra,SONBHADRA,200.0,7127,Obra,ओबरा,0.0,2024-10-07
21,Odisha,ODISHA,21.0,367,Nayagarh,NAYAGARH,385.0,3031,Odagaon,,3031.0,2024-10-07
36,Telangana,తెలంగాణ,0.0,682,Peddapalli,పెద్దపల్లి,0.0,4426,Odela,ఓదెల,4426.0,2024-10-07
12,Arunachal Pradesh,ARUNACHAL PRADESH,12.0,236,Lower Subansiri,LOWER SUBANSIRI,255.0,6107,Old Ziro Sdo,Old Ziro SDO,0.0,2024-10-07
33,Tamil Nadu,TAMIL NADU,33.0,584,Salem,SALEM,608.0,5737,Omalur,,5737.0,2024-10-07
13,Nagaland,NAGALAND,13.0,246,Mokokchung,MOKOKCHUNG,262.0,1766,Ongpangkong,,1766.0,2024-10-07
9,Uttar Pradesh,UTTAR PRADESH,9.0,151,Jalaun,JALAUN,165.0,854,Orai,,854.0,2024-10-07
33,Tamil Nadu,TAMIL NADU,33.0,586,Thanjavur,THANJAVUR,620.0,5815,Orathanadu,,5815.0,2024-10-07
21,Odisha,ODISHA,21.0,357,Jharsuguda,JHARSUGUDA,371.0,2774,Orient,,2774.0,2024-10-07
21,Odisha,ODISHA,21.0,364,Malkangiri,MALKANGIRI,399.0,3226,Orkel,,3226.0,2024-10-07
12,Arunachal Pradesh,ARUNACHAL PRADESH,12.0,232,East Siang,EAST SIANG,251.0,1654,Oyan Circle,Oyan Circle,1654.0,2024-10-07
2,Himachal Pradesh,HIMACHAL PRADESH,2.0,24,Sirmaur,SIRMAUR,32.0,169,Pachhad,,169.0,2024-10-07
20,Jharkhand,झारखंड,20.0,332,Hazaribagh,हज़ारीबाग,360.0,2646,Padma,,2646.0,2024-10-07
28,Andhra Pradesh,ANDHRA PRADESH,28.0,520,Visakhapatnam,విశాఖపట్నం,544.0,4864,Padmanabham,,4864.0,2024-10-07
21,Odisha,ODISHA,21.0,347,Bargarh,BARGARH,370.0,2757,Padmapur,,2757.0,2024-10-07
21,Odisha,ODISHA,21.0,363,Koraput,KORAPUT,398.0,3213,Padua,,3213.0,2024-10-07
1,Jammu And Kashmir,JAMMU AND KASHMIR,1.0,622,Kulgam,KULGAM,15.0,6194,Pahloo,,0.0,2024-10-07
27,Maharashtra,महाराष्ट्र,27.0,469,Chhatrapati Sambhajinagar,छत्रपती संभाजीनगर,515.0,4141,Paithan,पैठण,4141.0,2024-10-07
11,Sikkim,SIKKIM,11.0,741,Pakyong,Pakyong,0.0,1554,Pakyong,,1554.0,2024-10-07
27,Maharashtra,महाराष्ट्र,27.0,489,Parbhani,परभणी,513.0,4123,Palam,पालम,4123.0,2024-10-07
28,Andhra Pradesh,ANDHRA PRADESH,28.0,503,Chittoor,CHITTOOR,554.0,5422,Palamaner,,5422.0,2024-10-07
2,Himachal Pradesh,HIMACHAL PRADESH,2.0,18,Kangra,KANGRA,24.0,111,Palampur,,111.0,2024-10-07
22,Chhattisgarh,छत्तीसगढ़,22.0,644,Balodabazar-Bhatapara,बलौदाबाजार-भाटापारा,0.0,3327,Palari,,3327.0,2024-10-07
8,Rajasthan,RAJASTHAN,8.0,99,Dungarpur,DUNGARPUR,124.0,7212,Paldewal,पालदेवल,0.0,2024-10-07
22,Chhattisgarh,छत्तीसगढ़,22.0,383,Korba,कोरबा,404.0,3274,Pali,,3274.0,2024-10-07
12,Arunachal Pradesh,ARUNACHAL PRADESH,12.0,240,Upper Siang,UPPER SIANG,252.0,1660,Palling Circle,Palling Circle,1660.0,2024-10-07
24,Gujarat,GUJARAT,24.0,459,Surat,SURAT,492.0,3939,Palsana,,3939.0,2024-10-07
23,Madhya Pradesh,MADHYA PRADESH,23.0,411,Jabalpur,जबलपुर,451.0,3632,Panagar,पनागर,3632.0,2024-10-07
27,Maharashtra,महाराष्ट्र,27.0,496,Solapur,सोलापूर,526.0,4249,Pandharpur,पंढरपूर,4249.0,2024-10-07
23,Madhya Pradesh,MADHYA PRADESH,23.0,785,Pandhurna,पांढुर्णा,,3658,Pandhurna,पांढुर्ना,3658.0,2024-10-07
9,Uttar Pradesh,UTTAR PRADESH,9.0,135,Chandauli,CHANDAULI,196.0,6869,Pandit Deendayal Upadhyay Nagar,पंडित दीन दयाल उपाध्याय,0.0,2024-10-07
20,Jharkhand,झारखंड,20.0,338,Palamu,पलामू,358.0,2622,Pandu,,2622.0,2024-10-07
2,Himachal Pradesh,HIMACHAL PRADESH,2.0,22,Mandi,MANDI,27.0,6951,Pangna,,0.0,2024-10-07
23,Madhya Pradesh,MADHYA PRADESH,23.0,393,Barwani,बड़वानी,441.0,3559,Pansemal,पानसेमल,3559.0,2024-10-07
28,Andhra Pradesh,ANDHRA PRADESH,28.0,755,Nandyal,Nandyal,0.0,5280,Panyam,,5280.0,2024-10-07
2,Himachal Pradesh,HIMACHAL PRADESH,2.0,24,Sirmaur,SIRMAUR,32.0,173,Paonta Sahib,,173.0,2024-10-07
8,Rajasthan,RAJASTHAN,8.0,97,Dausa,DAUSA,109.0,7367,Paparda,पापड़दा,0.0,2024-10-07
19,West Bengal,WEST BENGAL,19.0,321,Purulia,PURULIA,340.0,2380,Para,,2380.0,2024-10-07
21,Odisha,ODISHA,21.0,355,Jagatsinghapur,JAGATSINGHAPUR,380.0,2935,Paradeep Lock,,2935.0,2024-10-07
21,Odisha,ODISHA,21.0,355,Jagatsinghapur,JAGATSINGHAPUR,380.0,2934,Paradip,,2934.0,2024-10-07
21,Odisha,ODISHA,21.0,352,Dhenkanal,DHENKANAL,383.0,2987,Parajang,,2987.0,2024-10-07
33,Tamil Nadu,TAMIL NADU,33.0,583,Ramanathapuram,RAMANATHAPURAM,626.0,5856,Paramakudi,,5856.0,2024-10-07
33,Tamil Nadu,TAMIL NADU,33.0,580,Namakkal,NAMAKKAL,609.0,5748,Paramathi-Velur,,5748.0,2024-10-07
27,Maharashtra,महाराष्ट्र,27.0,489,Parbhani,परभणी,513.0,4118,Parbhani,परभणी,4118.0,2024-10-07
10,Bihar,BIHAR,10.0,221,Sitamarhi,सीतामढी,206.0,1071,Parsauni,परसौनी,1071.0,2024-10-07
8,Rajasthan,RAJASTHAN,8.0,773,Neem Ka Thana,नीम का थाना,,7227,Patan,पाटन,0.0,2024-10-07
27,Maharashtra,महाराष्ट्र,27.0,494,Satara,सातारा,527.0,4264,Patan,पाटण,4264.0,2024-10-07
36,Telangana,తెలంగాణ,0.0,691,Sangareddy,సంగారెడ్డి,0.0,4494,Patancheru,పటాన్ చెరు,4494.0,2024-10-07
24,Gujarat,GUJARAT,24.0,675,Gir Somnath,GIR SOMNATH,0.0,3835,Patan-Veraval,,3835.0,2024-10-07
21,Odisha,ODISHA,21.0,354,Ganjam,GANJAM,388.0,3091,Patapur,,3091.0,2024-10-07
23,Madhya Pradesh,MADHYA PRADESH,23.0,400,Damoh,दमोह,428.0,3455,Patera,पटेरा,3455.0,2024-10-07
19,West Bengal,WEST BENGAL,19.0,304,South 24 Parganas,SOUTH 24 Parganas,343.0,2440,Patharpratima,,2440.0,2024-10-07
20,Jharkhand,झारखंड,20.0,340,Sahebganj,साहेबगंज,352.0,2571,Pathna,,2571.0,2024-10-07
33,Tamil Nadu,TAMIL NADU,33.0,586,Thanjavur,THANJAVUR,620.0,5816,Pattukkottai,,5816.0,2024-10-07
28,Andhra Pradesh,ANDHRA PRADESH,28.0,751,Palnadu,Palnadu,0.0,5057,Pedakurapadu,,5057.0,2024-10-07
28,Andhra Pradesh,ANDHRA PRADESH,28.0,506,Guntur,GUNTUR,548.0,5082,Pedanandipadu,,5082.0,2024-10-07
28,Andhra Pradesh,ANDHRA PRADESH,28.0,753,Annamayya,Annamayya,0.0,5369,Peddamandyam,,5369.0,2024-10-07
28,Andhra Pradesh,ANDHRA PRADESH,28.0,502,Ananthapuramu,అనంతపురము,553.0,5314,Peddapappur,,5314.0,2024-10-07
36,Telangana,తెలంగాణ,0.0,698,Vikarabad,వికారాబాద్,0.0,4533,Peddemul,పెద్దముల్,4533.0,2024-10-07
13,Nagaland,NAGALAND,13.0,613,Peren,,271.0,1851,Pedi (Ngwalwa),,1851.0,2024-10-07
8,Rajasthan,RAJASTHAN,8.0,116,Tonk,TONK,120.0,616,Peeplu,,616.0,2024-10-07
32,Kerala,KERALA,32.0,556,Idukki,ഇടുക്കി,596.0,5667,Peerumade,പീരുമേട്,5667.0,2024-10-07
8,Rajasthan,RAJASTHAN,8.0,86,Ajmer,AJMER,119.0,608,Peesangan,,608.0,2024-10-07
36,Telangana,తెలంగాణ,0.0,696,Suryapet,సూర్యాపేట,0.0,4643,Penpahad,పెనుపహడ్,4643.0,2024-10-07
28,Andhra Pradesh,ANDHRA PRADESH,28.0,523,West Godavari,పశ్చిమగోదావరి,546.0,4980,Penugonda,,4980.0,2024-10-07
33,Tamil Nadu,TAMIL NADU,33.0,581,Perambalur,PERAMBALUR,615.0,5973,Perambalur,,0.0,2024-10-07
28,Andhra Pradesh,ANDHRA PRADESH,28.0,505,East Godavari,EAST GODAVARI,545.0,4971,Peravali,,4971.0,2024-10-07
33,Tamil Nadu,TAMIL NADU,33.0,595,Vellore,VELLORE,605.0,6663,Pernambut,பேர்ணாம்பட்டு,0.0,2024-10-07
8,Rajasthan,RAJASTHAN,8.0,103,Jaisalmer,JAISALMER,114.0,7214,Phalsund,फलसूण्ड,0.0,2024-10-07
19,West Bengal,WEST BENGAL,19.0,309,Darjeeling,DARJEELING,327.0,2164,Phansidewa,,2164.0,2024-10-07
1,Jammu And Kashmir,JAMMU AND KASHMIR,1.0,4,Doda,DODA,16.0,6757,Phigsoo,Phigsoo,0.0,2024-10-07
13,Nagaland,NAGALAND,13.0,248,Phek,PHEK,266.0,1805,Phokhungri,,1805.0,2024-10-07
10,Bihar,BIHAR,10.0,190,Banka,बांका,225.0,1351,Phulidumar,फुल्लीदुमर,1351.0,2024-10-07
23,Madhya Pradesh,MADHYA PRADESH,23.0,407,Gwalior,ग्वालियर,421.0,7412,Pichhor,पिछोर,0.0,2024-10-07
22,Chhattisgarh,छत्तीसगढ़,22.0,382,Kabeerdham,कबीरधाम,407.0,7324,Pipariya,पिपरिया,0.0,2024-10-07
8,Rajasthan,RAJASTHAN,8.0,778,Jodhpur (Gramin),जोधपुर (ग्रामीण),,6051,Pipar Shahar,,0.0,2024-10-07
21,Odisha,ODISHA,21.0,369,Puri,PURI,387.0,3057,Pipili,,3057.0,2024-10-07
23,Madhya Pradesh,MADHYA PRADESH,23.0,423,Ratlam,रतलाम,434.0,3500,Piploda,पिपलोदा,3500.0,2024-10-07
10,Bihar,BIHAR,10.0,223,Supaul,सुपौल,208.0,1110,Pipra,पिपरा,1110.0,2024-10-07
10,Bihar,BIHAR,10.0,213,Purbi Champaran,पूर्वी चंपारण,204.0,1050,Piprakothi,पिप्रकोठी,1050.0,2024-10-07
10,Bihar,BIHAR,10.0,192,Bhagalpur,भागलपुर,224.0,1335,Pirpainti,पिरपैती,1335.0,2024-10-07
28,Andhra Pradesh,ANDHRA PRADESH,28.0,517,Prakasam,PRAKASAM,549.0,5120,Podili,,5120.0,2024-10-07
23,Madhya Pradesh,MADHYA PRADESH,23.0,430,Shajapur,शाजापुर,436.0,6511,Polaykala,पोलायकला,0.0,2024-10-07
33,Tamil Nadu,TAMIL NADU,33.0,582,Pudukkottai,PUDUKKOTTAI,621.0,5823,Ponnamaravathi,,5823.0,2024-10-07
8,Rajasthan,RAJASTHAN,8.0,93,Bikaner,BIKANER,101.0,474,Poogal,,474.0,2024-10-07
33,Tamil Nadu,TAMIL NADU,33.0,589,Thiruvallur,THIRUVALLUR,602.0,5699,Poonamallee,,5699.0,2024-10-07
5,Uttarakhand,UTTARAKHAND,5.0,48,Champawat,CHAMPAWAT,65.0,337,Poornagiri,,337.0,2024-10-07
14,Manipur,MANIPUR,14.0,255,Imphal East,IMPHAL EAST,278.0,1885,Porompat,,1885.0,2024-10-07
28,Andhra Pradesh,ANDHRA PRADESH,28.0,504,Y.S.R.,,551.0,5208,Porumamilla,,5208.0,2024-10-07
10,Bihar,BIHAR,10.0,223,Supaul,सुपौल,208.0,1104,Pratapganj,प्रतापगंज,1104.0,2024-10-07
6,Haryana,HARYANA,6.0,76,Yamunanagar,YAMUNANAGAR,71.0,6417,Pratap Nagar St,प्रताप नगर,0.0,2024-10-07
28,Andhra Pradesh,ANDHRA PRADESH,28.0,506,Guntur,GUNTUR,548.0,5081,Prathipadu,,5081.0,2024-10-07
22,Chhattisgarh,छत्तीसगढ़,22.0,648,Surajpur,सूरजपुर,0.0,3246,Premnagar,प्रेमनगर,3246.0,2024-10-07
12,Arunachal Pradesh,ARUNACHAL PRADESH,12.0,718,Kamle,KAMLE,0.0,1616,Puchi Geko Circle,Puchi Geko Circle,1616.0,2024-10-07
34,Puducherry,PUDUCHERRY,34.0,600,Puducherry,புதுச்சேரி,635.0,5909,Puducherry,புதுச்சேரி,5909.0,2024-10-07
36,Telangana,తెలంగాణ,0.0,691,Sangareddy,సంగారెడ్డి,0.0,4478,Pulkal,పుల్కల్,4478.0,2024-10-07
5,Uttarakhand,UTTARAKHAND,5.0,48,Champawat,CHAMPAWAT,65.0,6349,Pulla Gumdesh,,0.0,2024-10-07
28,Andhra Pradesh,ANDHRA PRADESH,28.0,517,Prakasam,PRAKASAM,549.0,5098,Pullalacheruvu,,5098.0,2024-10-07
24,Gujarat,GUJARAT,24.0,459,Surat,SURAT,492.0,6521,Puna,Puna,0.0,2024-10-07
6,Haryana,HARYANA,6.0,604,Nuh,नूँह,87.0,424,Punahana,,424.0,2024-10-07
13,Nagaland,NAGALAND,13.0,614,Kiphire,,269.0,1841,Pungro,,1841.0,2024-10-07
10,Bihar,BIHAR,10.0,205,Madhepura,मधेपुरा,213.0,1168,Puraini,पुरैनी,1168.0,2024-10-07
5,Uttarakhand,UTTARAKHAND,5.0,57,Uttar Kashi,UTTAR KASHI,56.0,278,Puraula,,278.0,2024-10-07
21,Odisha,ODISHA,21.0,349,Boudh,BOUDH,391.0,3131,Puruna Katak,,3131.0,2024-10-07
21,Odisha,ODISHA,21.0,344,Anugul,ANUGUL,384.0,3020,Purunakot,,3020.0,2024-10-07
9,Uttar Pradesh,UTTAR PRADESH,9.0,186,Unnao,UNNAO,156.0,817,Purwa,,817.0,2024-10-07
10,Bihar,BIHAR,10.0,217,Samastipur,समस्तीपुर,221.0,1289,Pusa,पुसा,1289.0,2024-10-07
27,Maharashtra,महाराष्ट्र,27.0,500,Yavatmal,यवतमाळ,510.0,4085,Pusad,पूसद,4085.0,2024-10-07
28,Andhra Pradesh,ANDHRA PRADESH,28.0,502,Ananthapuramu,అనంతపురము,553.0,5326,Putlur,,5326.0,2024-10-07
9,Uttar Pradesh,UTTAR PRADESH,9.0,175,Rae Bareli,RAE BARELI,158.0,825,Rae Bareli,,825.0,2024-10-07
12,Arunachal Pradesh,ARUNACHAL PRADESH,12.0,718,Kamle,KAMLE,0.0,6129,Raga Adc,Raga ADC,0.0,2024-10-07
19,West Bengal,WEST BENGAL,19.0,321,Purulia,PURULIA,340.0,2382,Raghunathpur - I,,2382.0,2024-10-07
36,Telangana,తెలంగాణ,0.0,689,Jangoan,జనగాం,0.0,4698,Ragunathpally,రఘునాథపల్లి,4698.0,2024-10-07
18,Assam,ASSAM,18.0,297,Nagaon,NAGAON,305.0,2036,Raha,,2036.0,2024-10-07
20,Jharkhand,झारखंड,20.0,339,Ranchi,रांची,364.0,2687,Rahe,,2687.0,2024-10-07
21,Odisha,ODISHA,21.0,346,Baleshwar,BALESHWAR,377.0,2889,Raibania,,2889.0,2024-10-07
21,Odisha,ODISHA,21.0,373,Sundargarh,SUNDARGARH,374.0,2815,Raiboga,,2815.0,2024-10-07
36,Telangana,తెలంగాణ,0.0,681,Jagitial,జగిత్యాల,0.0,4395,Raikal,రాయికల్,4395.0,2024-10-07
21,Odisha,ODISHA,21.0,359,Kandhamal,KANDHAMAL,390.0,3126,Raikia,,3126.0,2024-10-07
19,West Bengal,WEST BENGAL,19.0,306,Purba Bardhaman,PURBA BARDHAMAN,335.0,2296,Raina - I,,2296.0,2024-10-07
6,Haryana,HARYANA,6.0,70,Panchkula,PANCHKULA,69.0,6411,Raipur Rani,रायपुर रानी,0.0,2024-10-07
21,Odisha,ODISHA,21.0,371,Sambalpur,SAMBALPUR,372.0,2797,Rairakhol,,2797.0,2024-10-07
23,Madhya Pradesh,MADHYA PRADESH,23.0,421,Raisen,रायसेन,446.0,3590,Raisen,रायसेन,3590.0,2024-10-07
8,Rajasthan,RAJASTHAN,8.0,776,Anupgarh,अनूपगढ़,,461,Raisinghnagar,,461.0,2024-10-07
28,Andhra Pradesh,ANDHRA PRADESH,28.0,505,East Godavari,EAST GODAVARI,545.0,4906,Rajamahendravaram Urban,Rajamahendravaram Urban,4906.0,2024-10-07
36,Telangana,తెలంగాణ,0.0,697,Yadadri Bhuvanagiri,యదాద్రి భువనగిరి,0.0,4615,Rajapeta,రాజాపేట,4615.0,2024-10-07
27,Maharashtra,महाराष्ट्र,27.0,492,Ratnagiri,रत्नागिरी,528.0,4274,Rajapur,राजापूर,4274.0,2024-10-07
9,Uttar Pradesh,UTTAR PRADESH,9.0,187,Varanasi,VARANASI,197.0,6093,Rajatalab,Rajatalab,0.0,2024-10-07
10,Bihar,BIHAR,10.0,190,Banka,बांका,225.0,1347,Rajaun,रजौन,1347.0,2024-10-07
24,Gujarat,GUJARAT,24.0,457,Rajkot,RAJKOT,476.0,6524,Rajkot South,,0.0,2024-10-07
10,Bihar,BIHAR,10.0,206,Madhubani,मधुबनी,207.0,1095,Rajnagar,राजनगर,1095.0,2024-10-07
1,Jammu And Kashmir,JAMMU AND KASHMIR,1.0,12,Rajouri,RAJOURI,6.0,22,Rajouri,,22.0,2024-10-07
10,Bihar,BIHAR,10.0,215,Rohtas,रोहतास,234.0,1464,Rajpur,राजपुर,1464.0,2024-10-07
3,Punjab,PUNJAB,3.0,41,Patiala,PATIALA,48.0,254,Rajpura,,254.0,2024-10-07
28,Andhra Pradesh,ANDHRA PRADESH,28.0,504,Y.S.R.,,551.0,5202,Rajupalem,,5202.0,2024-10-07
28,Andhra Pradesh,ANDHRA PRADESH,28.0,521,Vizianagaram,VIZIANAGARAM,543.0,4819,Ramabhadrapuram,,4819.0,2024-10-07
28,Andhra Pradesh,ANDHRA PRADESH,28.0,747,Dr. B.R. Ambedkar Konaseema,డా బి ఆర్  అంబేడ్కర్ కోనసీమ,0.0,4924,Ramachandrapuram,,4924.0,2024-10-07
28,Andhra Pradesh,ANDHRA PRADESH,28.0,752,Tirupati,Tirupati,0.0,5398,Ramachandrapuram,,5398.0,2024-10-07
36,Telangana,తెలంగాణ,0.0,682,Peddapalli,పెద్దపల్లి,0.0,6216,Ramagiri,రామగిరి,0.0,2024-10-07
29,Karnataka,ಕರ್ನಾಟಕ,29.0,631,Ramanagara,ರಾಮನಗರ,584.0,5606,Ramanagara,,5606.0,2024-10-07
28,Andhra Pradesh,ANDHRA PRADESH,28.0,753,Annamayya,Annamayya,0.0,5241,Ramapuram,,5241.0,2024-10-07
36,Telangana,తెలంగాణ,0.0,685,Kamareddy,కామారెడ్డి,0.0,6243,Ramareddy,రామారెడ్డి,0.0,2024-10-07
28,Andhra Pradesh,ANDHRA PRADESH,28.0,753,Annamayya,Annamayya,0.0,5414,Ramasamudram,,5414.0,2024-10-07
28,Andhra Pradesh,ANDHRA PRADESH,28.0,744,Anakapalli,Anakapalli,0.0,4883,Rambilli,,4883.0,2024-10-07
10,Bihar,BIHAR,10.0,200,Kaimur (Bhabua),कैमूर ( भभुआ ),233.0,1446,Ramgarh,रामगढ,1446.0,2024-10-07
10,Bihar,BIHAR,10.0,204,Lakhisarai,लखीसराय,227.0,1370,Ramgarh Chowk,रामगढ चौक,1370.0,2024-10-07
1,Jammu And Kashmir,JAMMU AND KASHMIR,1.0,8,Kupwara,KUPWARA,1.0,6787,Ramhal,Ramhal,0.0,2024-10-07
1,Jammu And Kashmir,JAMMU AND KASHMIR,1.0,7,Kathua,KATHUA,7.0,6728,Ramkote,,0.0,2024-10-07
23,Madhya Pradesh,MADHYA PRADESH,23.0,784,Maihar,मैहर,,3469,Ramnagar,रामनगर,3469.0,2024-10-07
10,Bihar,BIHAR,10.0,211,Pashchim Champaran,पश्चिम चम्पारण,203.0,1014,Ramnagar,रामनगर,1014.0,2024-10-07
9,Uttar Pradesh,UTTAR PRADESH,9.0,129,Bara Banki,BARA BANKI,176.0,897,Ramnagar,,897.0,2024-10-07
1,Jammu And Kashmir,JAMMU AND KASHMIR,1.0,14,Udhampur,UDHAMPUR,19.0,74,Ramnagar,,74.0,2024-10-07
27,Maharashtra,महाराष्ट्र,27.0,484,Nagpur,नागपूर,505.0,4028,Ramtek,रामटेक,4028.0,2024-10-07
28,Andhra Pradesh,ANDHRA PRADESH,28.0,519,Srikakulam,SRIKAKULAM,542.0,4805,Ranastalam,,4805.0,2024-10-07
28,Andhra Pradesh,ANDHRA PRADESH,28.0,505,East Godavari,EAST GODAVARI,545.0,4909,Rangampeta,,4909.0,2024-10-07
19,West Bengal,WEST BENGAL,19.0,309,Darjeeling,DARJEELING,327.0,2155,Rangli Rangliot,,2155.0,2024-10-07
6,Haryana,HARYANA,6.0,74,Sirsa,SIRSA,79.0,391,Rania,,391.0,2024-10-07
20,Jharkhand,झारखंड,20.0,606,Khunti,खूंटी,365.0,2702,Rania,,2702.0,2024-10-07
9,Uttar Pradesh,UTTAR PRADESH,9.0,174,Pratapgarh,PRATAPGARH,173.0,884,Raniganj,,884.0,2024-10-07
20,Jharkhand,झारखंड,20.0,328,Garhwa,गढ़वा,346.0,2511,Ranka,रंका,2511.0,2024-10-07
32,Kerala,KERALA,32.0,564,Pathanamthitta,പത്തനംതിട്ട,599.0,5681,Ranni,റാന്നി,5681.0,2024-10-07
23,Madhya Pradesh,MADHYA PRADESH,23.0,432,Shivpuri,शिवपुरी,423.0,6976,Rannod,रन्‍नौद,0.0,2024-10-07
21,Odisha,ODISHA,21.0,365,Mayurbhanj,MAYURBHANJ,376.0,2868,Raruan,,2868.0,2024-10-07
9,Uttar Pradesh,UTTAR PRADESH,9.0,126,Ballia,BALLIA,193.0,977,Rasra,,977.0,2024-10-07
22,Chhattisgarh,छत्तीसगढ़,22.0,375,Bilaspur,बिलासपुर,406.0,7239,Ratanpur,रतनपुर,0.0,2024-10-07
19,West Bengal,WEST BENGAL,19.0,316,Malda,MALDA,332.0,2213,Ratua - II,,2213.0,2024-10-07
28,Andhra Pradesh,ANDHRA PRADESH,28.0,747,Dr. B.R. Ambedkar Konaseema,డా బి ఆర్  అంబేడ్కర్ కోనసీమ,0.0,4926,Ravulapalem,,4926.0,2024-10-07
21,Odisha,ODISHA,21.0,353,Gajapati,GAJAPATI,389.0,3107,Rayagada,,3107.0,2024-10-07
29,Karnataka,ಕರ್ನಾಟಕ,29.0,527,Belagavi,ಬೆಳಗಾವಿ,555.0,5435,Raybag,ರಾಯಬಾಗ,5435.0,2024-10-07
28,Andhra Pradesh,ANDHRA PRADESH,28.0,749,Ntr,NTR,0.0,4999,Reddigudem,,4999.0,2024-10-07
36,Telangana,తెలంగాణ,0.0,513,Medak,మెదక్,535.0,4471,Regode,రేగోడు,4471.0,2024-10-07
15,Mizoram,MIZORAM,15.0,266,Mamit,MAMIT,281.0,1898,Reiek,,1898.0,2024-10-07
28,Andhra Pradesh,ANDHRA PRADESH,28.0,752,Tirupati,Tirupati,0.0,5376,Renigunta,,5376.0,2024-10-07
28,Andhra Pradesh,ANDHRA PRADESH,28.0,751,Palnadu,Palnadu,0.0,5043,Rentachintala,,5043.0,2024-10-07
8,Rajasthan,RAJASTHAN,8.0,115,Sirohi,SIROHI,117.0,596,Reodar,,596.0,2024-10-07
10,Bihar,BIHAR,10.0,218,Saran,सारण,219.0,1257,Revelganj,रिविलगंज,1257.0,2024-10-07
12,Arunachal Pradesh,ARUNACHAL PRADESH,12.0,231,East Kameng,EAST KAMENG,247.0,6101,Richukrong Circle,,0.0,2024-10-07
17,Meghalaya,MEGHALAYA,17.0,279,West Khasi Hills,WEST KHASI HILLS,296.0,7336,Ri Muliang,,0.0,2024-10-07
33,Tamil Nadu,TAMIL NADU,33.0,589,Thiruvallur,THIRUVALLUR,602.0,6674,R K Pet,ஆர் கே பேட்டை,0.0,2024-10-07
9,Uttar Pradesh,UTTAR PRADESH,9.0,184,Sonbhadra,SONBHADRA,200.0,1005,Robertsganj,,1005.0,2024-10-07
27,Maharashtra,महाराष्ट्र,27.0,491,Raigad,रायगड,520.0,4179,Roha,रोहा,4179.0,2024-10-07
2,Himachal Pradesh,HIMACHAL PRADESH,2.0,23,Shimla,SHIMLA,33.0,191,Rohru,,191.0,2024-10-07
9,Uttar Pradesh,UTTAR PRADESH,9.0,131,Basti,BASTI,185.0,940,Rudhauli,,940.0,2024-10-07
10,Bihar,BIHAR,10.0,221,Sitamarhi,सीतामढी,206.0,1073,Runisaidpur,रुनीसैदपुर,1073.0,2024-10-07
18,Assam,ASSAM,18.0,297,Nagaon,NAGAON,305.0,2033,Rupahi,,2033.0,2024-10-07
19,West Bengal,WEST BENGAL,19.0,318,Paschim Medinipur,PASCHIM MEDINIPUR,344.0,2464,Sabang,,2464.0,2024-10-07
9,Uttar Pradesh,UTTAR PRADESH,9.0,163,Hathras,HATHRAS,144.0,760,Sadabad,,760.0,2024-10-07
36,Telangana,తెలంగాణ,0.0,691,Sangareddy,సంగారెడ్డి,0.0,4490,Sadasivpet,సదాశివపేట్,4490.0,2024-10-07
2,Himachal Pradesh,HIMACHAL PRADESH,2.0,18,Kangra,KANGRA,24.0,7291,Sadwan,,0.0,2024-10-07
29,Karnataka,ಕರ್ನಾಟಕ,29.0,547,Shivamogga,ಶಿವಮೊಗ್ಗ,568.0,5515,Sagar,ಸಾಗರ,5515.0,2024-10-07
19,West Bengal,WEST BENGAL,19.0,319,Murshidabad,MURSHIDABAD,333.0,2230,Sagardighi,,2230.0,2024-10-07
24,Gujarat,GUJARAT,24.0,452,Narmada,NARMADA,487.0,3912,Sagbara,,3912.0,2024-10-07
12,Arunachal Pradesh,ARUNACHAL PRADESH,12.0,724,Leparada,LEPARADA,0.0,6840,Sago,SAGO,0.0,2024-10-07
21,Odisha,ODISHA,21.0,346,Baleshwar,BALESHWAR,377.0,2898,Sahadevkhunta,,2898.0,2024-10-07
9,Uttar Pradesh,UTTAR PRADESH,9.0,177,Saharanpur,SAHARANPUR,132.0,702,Saharanpur,,702.0,2024-10-07
19,West Bengal,WEST BENGAL,19.0,317,Purba Medinipur,PURBA MEDINIPUR,345.0,2473,Sahid Matangini,,2473.0,2024-10-07
9,Uttar Pradesh,UTTAR PRADESH,9.0,139,Etawah,ETAWAH,161.0,837,Saifai,,837.0,2024-10-07
14,Manipur,MANIPUR,14.0,712,Kangpokpi,,0.0,6493,Saikul,,0.0,2024-10-07
21,Odisha,ODISHA,21.0,345,Balangir,BALANGIR,393.0,3148,Saintala,,3148.0,2024-10-07
14,Manipur,MANIPUR,14.0,712,Kangpokpi,,0.0,1862,Saitu-Gamphazol,,1862.0,2024-10-07
22,Chhattisgarh,छत्तीसगढ़,22.0,650,Bemetara,बेमेतरा,0.0,3313,Saja,,3313.0,2024-10-07
8,Rajasthan,RAJASTHAN,8.0,88,Banswara,BANSWARA,125.0,6043,Sajjangarh,SAJJANGARH,0.0,2024-10-07
28,Andhra Pradesh,ANDHRA PRADESH,28.0,747,Dr. B.R. Ambedkar Konaseema,డా బి ఆర్  అంబేడ్కర్ కోనసీమ,0.0,4939,Sakhinetipalli,Sakhinetipalli,4939.0,2024-10-07
22,Chhattisgarh,छत्तीसगढ़,22.0,734,Gaurela-Pendra-Marwahi,गौरेला-पेंड्रा-मरवाही,0.0,7252,Sakola,सकोला,0.0,2024-10-07
13,Nagaland,NAGALAND,13.0,248,Phek,PHEK,266.0,1808,Sakraba,,1808.0,2024-10-07
22,Chhattisgarh,छत्तीसगढ़,22.0,762,Sakti,सक्ती,0.0,3282,Sakti,,3282.0,2024-10-07
19,West Bengal,WEST BENGAL,19.0,704,Paschim Bardhaman,PASCHIM BARDHAMAN,0.0,2268,Salanpur,,2268.0,2024-10-07
30,Goa,GOA,30.0,552,South Goa,SOUTH GOA,586.0,5616,Salcete,,5616.0,2024-10-07
6,Haryana,HARYANA,6.0,64,Jhajjar,JHAJJAR,83.0,6443,Salhawas St,साल्हावास,0.0,2024-10-07
9,Uttar Pradesh,UTTAR PRADESH,9.0,175,Rae Bareli,RAE BARELI,158.0,829,Salon,,829.0,2024-10-07
2,Himachal Pradesh,HIMACHAL PRADESH,2.0,16,Chamba,CHAMBA,23.0,85,Saluni,,85.0,2024-10-07
6,Haryana,HARYANA,6.0,71,Panipat,PANIPAT,75.0,377,Samalkha,,377.0,2024-10-07
1,Jammu And Kashmir,JAMMU AND KASHMIR,1.0,624,Samba,SAMBA,22.0,82,Samba,,82.0,2024-10-07
8,Rajasthan,RAJASTHAN,8.0,775,Balotra,बालोतरा,,6904,Samdari,समदड़ी,0.0,2024-10-07
3,Punjab,PUNJAB,3.0,36,Ludhiana,ਲੂਿਧਆਣਾ,41.0,224,Samrala,,224.0,2024-10-07
14,Manipur,MANIPUR,14.0,254,Churachandpur,CHURACHANDPUR,274.0,6505,Samulamlan,,0.0,2024-10-07
28,Andhra Pradesh,ANDHRA PRADESH,28.0,515,Sri Potti Sriramulu Nellore,శ్రీ పొట్టి శ్రీరాములు నెల్లూరు,550.0,5171,Sangam,,5171.0,2024-10-07
27,Maharashtra,महाराष्ट्र,27.0,466,Ahmednagar,अहमदनगर,522.0,4202,Sangamner,संगमनेर,4202.0,2024-10-07
8,Rajasthan,RAJASTHAN,8.0,109,Kota,KOTA,127.0,669,Sangod,,669.0,2024-10-07
3,Punjab,PUNJAB,3.0,43,Sangrur,SANGRUR,53.0,271,Sangrur,,271.0,2024-10-07
33,Tamil Nadu,TAMIL NADU,33.0,584,Salem,SALEM,608.0,5739,Sankari,,5739.0,2024-10-07
5,Uttarakhand,UTTARAKHAND,5.0,57,Uttar Kashi,UTTAR KASHI,56.0,6404,Sankari,Sankari,0.0,2024-10-07
37,Ladakh,Ladakh,0.0,6,Kargil,KARGIL,4.0,14,Sankoo,Sankoo,14.0,2024-10-07
19,West Bengal,WEST BENGAL,19.0,703,Jhargram,Jhargram,0.0,2459,Sankrail,,2459.0,2024-10-07
28,Andhra Pradesh,ANDHRA PRADESH,28.0,519,Srikakulam,SRIKAKULAM,542.0,4790,Santhabommali,,4790.0,2024-10-07
13,Nagaland,NAGALAND,13.0,251,Zunheboto,ZUNHEBOTO,263.0,1778,Saptiqa,,1778.0,2024-10-07
8,Rajasthan,RAJASTHAN,8.0,777,Salumbar,सलूम्‍बर,,693,Sarada,,693.0,2024-10-07
10,Bihar,BIHAR,10.0,223,Supaul,सुपौल,208.0,1106,Saraigarh Bhaptiyahi,सरायगढ़ भपटियाही,1106.0,2024-10-07
20,Jharkhand,झारखंड,20.0,341,Saraikela Kharsawan,सरायकेला खरसावां,369.0,2753,Saraikela,,2753.0,2024-10-07
21,Odisha,ODISHA,21.0,367,Nayagarh,NAYAGARH,385.0,3032,Sarankul,,3032.0,2024-10-07
8,Rajasthan,RAJASTHAN,8.0,112,Rajsamand,RAJSAMAND,123.0,7370,Sardargarh,सरदारगढ़,0.0,2024-10-07
9,Uttar Pradesh,UTTAR PRADESH,9.0,149,Hamirpur,HAMIRPUR,168.0,866,Sarila,,866.0,2024-10-07
2,Himachal Pradesh,HIMACHAL PRADESH,2.0,22,Mandi,MANDI,27.0,129,Sarkaghat,,129.0,2024-10-07
22,Chhattisgarh,छत्तीसगढ़,22.0,763,Sarangarh-Bilaigarh,सारंगढ़-बिलाईगढ़,0.0,7401,Sarsiwa,सरसीवा,0.0,2024-10-07
18,Assam,ASSAM,18.0,288,Golaghat,GOLAGHAT,313.0,2087,Sarupathar,,2087.0,2024-10-07
18,Assam,ASSAM,18.0,739,Bajali,,0.0,2025,Sarupeta (Pt),,2025.0,2024-10-07
21,Odisha,ODISHA,21.0,371,Sambalpur,SAMBALPUR,372.0,2786,Sasan,,2786.0,2024-10-07
3,Punjab,PUNJAB,3.0,608,S.A.S Nagar,,52.0,267,Sas Nagar (Mohali),,267.0,2024-10-07
13,Nagaland,NAGALAND,13.0,251,Zunheboto,ZUNHEBOTO,263.0,1777,Satakha,,1777.0,2024-10-07
33,Tamil Nadu,TAMIL NADU,33.0,594,Thoothukkudi,Thoothukkudi,627.0,5869,Sathankulam,,5869.0,2024-10-07
33,Tamil Nadu,TAMIL NADU,33.0,573,Erode,ERODE,610.0,5749,Sathyamangalam,,5749.0,2024-10-07
24,Gujarat,GUJARAT,24.0,451,Mahesana,MAHESANA,471.0,3751,Satlasana,,3751.0,2024-10-07
13,Nagaland,NAGALAND,13.0,251,Zunheboto,ZUNHEBOTO,263.0,1779,Satoi,,1779.0,2024-10-07
5,Uttarakhand,UTTARAKHAND,5.0,52,Pauri Garhwal,PAURI GARHWAL,61.0,311,Satpuli,,311.0,2024-10-07
10,Bihar,BIHAR,10.0,216,Saharsa,सहरसा,214.0,1175,Saur Bazar,सौरबाजार,1175.0,2024-10-07
29,Karnataka,ಕರ್ನಾಟಕ,29.0,527,Belagavi,ಬೆಳಗಾವಿ,555.0,5441,Savadatti,ಸವದತ್ತಿ,5441.0,2024-10-07
28,Andhra Pradesh,ANDHRA PRADESH,28.0,751,Palnadu,Palnadu,0.0,5064,Savalyapuram H/O Kanamarlapudi,,5064.0,2024-10-07
29,Karnataka,ಕರ್ನಾಟಕ,29.0,540,Haveri,ಹಾವೇರಿ,564.0,5490,Savanur,ಸವಣೂರು,5490.0,2024-10-07
8,Rajasthan,RAJASTHAN,8.0,92,Bhilwara,BHILWARA,122.0,7392,Sawaipur,सवाईपुर,0.0,2024-10-07
27,Maharashtra,महाराष्ट्र,27.0,473,Chandrapur,चंद्रपूर,509.0,4068,Sawali,सावली,4068.0,2024-10-07
36,Telangana,తెలంగాణ,0.0,507,Hyderabad,హైదరాబాద్,536.0,4498,Secunderabad,సికింద్రాబాద్,4498.0,2024-10-07
29,Karnataka,ಕರ್ನಾಟಕ,29.0,538,Kalaburagi,ಕಲಬುರಗಿ,579.0,5584,Sedam,ಸೆಡಂ,5584.0,2024-10-07
7,Delhi,DELHI,7.0,671,Shahdara,SHAHDARA,0.0,438,Seema Puri,,438.0,2024-10-07
13,Nagaland,NAGALAND,13.0,248,Phek,PHEK,266.0,1800,Sekruzu,,1800.0,2024-10-07
23,Madhya Pradesh,MADHYA PRADESH,23.0,428,Seoni,सिवनी,456.0,3664,Seoni,सिवनी,3664.0,2024-10-07
15,Mizoram,MIZORAM,15.0,268,Serchhip,SERCHHIP,285.0,1910,Serchhip,,1910.0,2024-10-07
13,Nagaland,NAGALAND,13.0,614,Kiphire,,269.0,1835,Seyochung,,1835.0,2024-10-07
9,Uttar Pradesh,UTTAR PRADESH,9.0,150,Hardoi,HARDOI,155.0,809,Shahabad,,809.0,2024-10-07
27,Maharashtra,महाराष्ट्र,27.0,497,Thane,ठाणे,517.0,4167,Shahapur,शहापूर,4167.0,2024-10-07
1,Jammu And Kashmir,JAMMU AND KASHMIR,1.0,1,Anantnag,ANANTNAG,14.0,6816,Shahbad Bala,Shahbad Bala,0.0,2024-10-07
9,Uttar Pradesh,UTTAR PRADESH,9.0,152,Jaunpur,JAUNPUR,194.0,981,Shahganj,,981.0,2024-10-07
3,Punjab,PUNJAB,3.0,34,Jalandhar,JALANDHAR,37.0,209,Shahkot,,209.0,2024-10-07
6,Haryana,HARYANA,6.0,58,Ambala,AMBALA,70.0,6431,Shahzadpur St,शहजादपुर,0.0,2024-10-07
36,Telangana,తెలంగాణ,0.0,507,Hyderabad,హైదరాబాద్,536.0,4496,Shaikpet,షేక్ పేట్,4496.0,2024-10-07
10,Bihar,BIHAR,10.0,191,Begusarai,बेगूसराय,222.0,1321,Shamho Akha Kurha,शाम्हो अकहा कुरहा,1321.0,2024-10-07
36,Telangana,తెలంగాణ,0.0,700,Medchal Malkajgiri,మేడ్చల్ మల్కాజిగిరి,0.0,4520,Shamirpet,షామీర్ పేట్,4520.0,2024-10-07
10,Bihar,BIHAR,10.0,219,Sheikhpura,शेखपुरा,228.0,1373,Shekhopur Sarai,शेखोपुरसराय,1373.0,2024-10-07
8,Rajasthan,RAJASTHAN,8.0,90,Barmer,BARMER,115.0,577,Sheo,,577.0,2024-10-07
8,Rajasthan,RAJASTHAN,8.0,115,Sirohi,SIROHI,117.0,592,Sheoganj,,592.0,2024-10-07
2,Himachal Pradesh,HIMACHAL PRADESH,2.0,23,Shimla,SHIMLA,33.0,181,Shimla ( Rural ),,181.0,2024-10-07
2,Himachal Pradesh,HIMACHAL PRADESH,2.0,23,Shimla,SHIMLA,33.0,182,Shimla (Urban),,182.0,2024-10-07
27,Maharashtra,महाराष्ट्र,27.0,493,Sangli,सांगली,531.0,4295,Shirala,शिराळा,4295.0,2024-10-07
33,Tamil Nadu,TAMIL NADU,33.0,568,Chennai,CHENNAI,603.0,5705,Sholinganallur,,5705.0,2024-10-07
27,Maharashtra,महाराष्ट्र,27.0,491,Raigad,रायगड,520.0,4183,Shrivardhan,श्रीवर्धन,4183.0,2024-10-07
23,Madhya Pradesh,MADHYA PRADESH,23.0,427,Sehore,सीहोर,445.0,3583,Shyampur,श्‍यामपुर,3583.0,2024-10-07
19,West Bengal,WEST BENGAL,19.0,313,Howrah,HOWRAH,341.0,2410,Shyampur - I,,2410.0,2024-10-07
19,West Bengal,WEST BENGAL,19.0,313,Howrah,HOWRAH,341.0,2411,Shyampur - II,,2411.0,2024-10-07
15,Mizoram,MIZORAM,15.0,267,Siaha,Siaha,288.0,1921,Siaha,Siaha,1921.0,2024-10-07
29,Karnataka,ಕರ್ನಾಟಕ,29.0,550,Uttara Kannada,ಉತ್ತರ ಕನ್ನಡ,563.0,5486,Siddapur,ಸಿದ್ದಾಪುರ,5486.0,2024-10-07
10,Bihar,BIHAR,10.0,211,Pashchim Champaran,पश्चिम चम्पारण,203.0,1013,Sidhaw,,1013.0,2024-10-07
28,Andhra Pradesh,ANDHRA PRADESH,28.0,504,Y.S.R.,,551.0,5229,Sidhout,,5229.0,2024-10-07
18,Assam,ASSAM,18.0,612,Chirang,,320.0,2114,Sidli (Pt),,2114.0,2024-10-07
24,Gujarat,GUJARAT,24.0,443,Bhavnagar,BHAVNAGAR,481.0,3856,Sihor,,3856.0,2024-10-07
2,Himachal Pradesh,HIMACHAL PRADESH,2.0,16,Chamba,CHAMBA,23.0,89,Sihunta,,89.0,2024-10-07
10,Bihar,BIHAR,10.0,198,Jamui,जमुई,238.0,1526,Sikandra,सिकन्दरा,1526.0,2024-10-07
8,Rajasthan,RAJASTHAN,8.0,114,Sikar,SIKAR,111.0,7228,Sikar Gramin,सीकर ग्रामीण,0.0,2024-10-07
8,Rajasthan,RAJASTHAN,8.0,97,Dausa,DAUSA,109.0,535,Sikrai,,535.0,2024-10-07
8,Rajasthan,RAJASTHAN,8.0,767,Deeg,डीग,,6930,Sikri,सीकरी,0.0,2024-10-07
18,Assam,ASSAM,18.0,282,Cachar,CACHAR,316.0,2097,Silchar,,2097.0,2024-10-07
20,Jharkhand,झारखंड,20.0,323,Chatra,चतरा,347.0,2524,Simaria,सिमरिया,2524.0,2024-10-07
23,Madhya Pradesh,MADHYA PRADESH,23.0,420,Panna,पन्ना,426.0,6975,Simariya,सिमरिया,0.0,2024-10-07
28,Andhra Pradesh,ANDHRA PRADESH,28.0,504,Y.S.R.,,551.0,5217,Simhadripuram,,5217.0,2024-10-07
19,West Bengal,WEST BENGAL,19.0,305,Bankura,BANKURA,339.0,2372,Simlapal,,2372.0,2024-10-07
10,Bihar,BIHAR,10.0,194,Buxar,बक्सर,232.0,1435,Simri,सिमरी,1435.0,2024-10-07
36,Telangana,తెలంగాణ,0.0,509,Khammam,ఖమ్మం,541.0,4744,Singareni,సింగరేణి,4744.0,2024-10-07
23,Madhya Pradesh,MADHYA PRADESH,23.0,638,Singrauli,सिंगरौली,463.0,7040,Singrauli Nagar,सिंगरौली नगर,0.0,2024-10-07
27,Maharashtra,महाराष्ट्र,27.0,487,Nashik,नाशिक,516.0,4154,Sinnar,सिन्नर,4154.0,2024-10-07
9,Uttar Pradesh,UTTAR PRADESH,9.0,129,Bara Banki,BARA BANKI,176.0,899,Sirauli Gauspur,,899.0,2024-10-07
10,Bihar,BIHAR,10.0,210,Nawada,नवादा,237.0,1523,Sirdala,सिरदला,1523.0,2024-10-07
36,Telangana,తెలంగాణ,0.0,501,Adilabad,ఆదిలాబాద్,532.0,6224,Sirikonda,సిరికొండ,0.0,2024-10-07
36,Telangana,తెలంగాణ,0.0,516,Nizamabad,నిజామాబాదు,533.0,4379,Sirikonda,సిరికోండ,4379.0,2024-10-07
23,Madhya Pradesh,MADHYA PRADESH,23.0,424,Rewa,रीवा,430.0,3473,Sirmour,सिरमौर,3473.0,2024-10-07
36,Telangana,తెలంగాణ,0.0,699,Kumuram Bheem Asifabad,కుమురం భీమ్ ఆసిఫాబాద్,0.0,4326,Sirpur U,సిర్పూర్ ( యు ),4326.0,2024-10-07
19,West Bengal,WEST BENGAL,19.0,308,Cooch Behar,COOCH BEHAR,329.0,2189,Sitai,,2189.0,2024-10-07
19,West Bengal,WEST BENGAL,19.0,308,Cooch Behar,COOCH BEHAR,329.0,2190,Sitalkuchi,,2190.0,2024-10-07
9,Uttar Pradesh,UTTAR PRADESH,9.0,183,Sitapur,SITAPUR,154.0,804,Sitapur,,804.0,2024-10-07
12,Arunachal Pradesh,ARUNACHAL PRADESH,12.0,241,Upper Subansiri,UPPER SUBANSIRI,249.0,1610,Siyum Adc,Siyum ADC,1610.0,2024-10-07
27,Maharashtra,महाराष्ट्र,27.0,469,Chhatrapati Sambhajinagar,छत्रपती संभाजीनगर,515.0,4134,Soegaon,सोयगाव,4134.0,2024-10-07
8,Rajasthan,RAJASTHAN,8.0,111,Pali,PALI,118.0,599,Sojat,,599.0,2024-10-07
24,Gujarat,GUJARAT,24.0,440,Anand,ANAND,482.0,3862,Sojitra,,3862.0,2024-10-07
27,Maharashtra,महाराष्ट्र,27.0,496,Solapur,सोलापूर,526.0,4253,Solapur South,दक्षिण सोलापूर,4253.0,2024-10-07
16,Tripura,ত্রিপুরা,16.0,653,Sepahijala,সিপাহিজলা,0.0,6680,Sonamura,সোনামুড়া,0.0,2024-10-07
14,Manipur,MANIPUR,14.0,257,Senapati,SENAPATI,272.0,6484,Song Song,,0.0,2024-10-07
27,Maharashtra,महाराष्ट्र,27.0,489,Parbhani,परभणी,513.0,4121,Sonpeth,सोनपेठ,4121.0,2024-10-07
20,Jharkhand,झारखंड,20.0,343,West Singhbhum,पश्चिमी सिंघभूम,368.0,2728,Sonua,सोनुवा,2728.0,2024-10-07
18,Assam,ASSAM,18.0,285,Dhubri,DHUBURI,301.0,7417,South Salmara Pt,South Salmara Pt,0.0,2024-10-07
8,Rajasthan,RAJASTHAN,8.0,773,Neem Ka Thana,नीम का थाना,,555,Sri Madhopur,,555.0,2024-10-07
36,Telangana,తెలంగాణ,0.0,682,Peddapalli,పెద్దపల్లి,0.0,4407,Srirampur,శ్రీ రాంపూర్,4407.0,2024-10-07
9,Uttar Pradesh,UTTAR PRADESH,9.0,176,Rampur,RAMPUR,136.0,723,Suar,,723.0,2024-10-07
1,Jammu And Kashmir,JAMMU AND KASHMIR,1.0,5,Jammu,JAMMU,21.0,6716,Suchetgarh,Suchetgarh,0.0,2024-10-07
10,Bihar,BIHAR,10.0,213,Purbi Champaran,पूर्वी चंपारण,204.0,1034,Sugauli,सुगौली,1034.0,2024-10-07
24,Gujarat,GUJARAT,24.0,441,Banas Kantha,BANAS KANTHA,469.0,6166,Suigam,,0.0,2024-10-07
22,Chhattisgarh,छत्तीसगढ़,22.0,642,Sukma,सुकमा,0.0,3375,Sukma,,3375.0,2024-10-07
2,Himachal Pradesh,HIMACHAL PRADESH,2.0,18,Kangra,KANGRA,24.0,7048,Sulah,,0.0,2024-10-07
21,Odisha,ODISHA,21.0,365,Mayurbhanj,MAYURBHANJ,376.0,2877,Suliapada,,2877.0,2024-10-07
5,Uttarakhand,UTTARAKHAND,5.0,45,Almora,ALMORA,64.0,327,Sult,,327.0,2024-10-07
10,Bihar,BIHAR,10.0,192,Bhagalpur,भागलपुर,224.0,1340,Sultanganj,सुलतानगंज,1340.0,2024-10-07
21,Odisha,ODISHA,21.0,373,Sundargarh,SUNDARGARH,374.0,2808,Sundargarh Town,,2808.0,2024-10-07
2,Himachal Pradesh,HIMACHAL PRADESH,2.0,22,Mandi,MANDI,27.0,132,Sundarnagar,,132.0,2024-10-07
13,Nagaland,NAGALAND,13.0,250,Wokha,WOKHA,264.0,1784,Sungro,,1784.0,2024-10-07
8,Rajasthan,RAJASTHAN,8.0,108,Karauli,KARAULI,107.0,6934,Suroth,सूरौठ,0.0,2024-10-07
23,Madhya Pradesh,MADHYA PRADESH,23.0,667,Agar-Malwa,आगर-मालवा,0.0,3515,Susner,सुसनेर,3515.0,2024-10-07
28,Andhra Pradesh,ANDHRA PRADESH,28.0,506,Guntur,GUNTUR,548.0,5054,Tadepalli,Tadepalli,5054.0,2024-10-07
28,Andhra Pradesh,ANDHRA PRADESH,28.0,523,West Godavari,పశ్చిమగోదావరి,546.0,4961,Tadepalligudem,,4961.0,2024-10-07
14,Manipur,MANIPUR,14.0,257,Senapati,SENAPATI,272.0,6508,Tadubi,,0.0,2024-10-07
22,Chhattisgarh,छत्तीसगढ़,22.0,375,Bilaspur,बिलासपुर,406.0,3294,Takhatpur,,3294.0,2024-10-07
24,Gujarat,GUJARAT,24.0,443,Bhavnagar,BHAVNAGAR,481.0,3859,Talaja,,3859.0,2024-10-07
27,Maharashtra,महाराष्ट्र,27.0,665,Palghar,पालघर,0.0,4157,Talasari,तलासरी,4157.0,2024-10-07
9,Uttar Pradesh,UTTAR PRADESH,9.0,161,Lalitpur,LALITPUR,167.0,861,Talbehat,,861.0,2024-10-07
3,Punjab,PUNJAB,3.0,28,Bathinda,BATHINDA,46.0,246,Talwandi Sabo,ਤਲਵੰਡੀ ਸਾਬੋ,246.0,2024-10-07
14,Manipur,MANIPUR,14.0,258,Tamenglong,TAMENGLONG,273.0,1866,Tamenglong,,1866.0,2024-10-07
28,Andhra Pradesh,ANDHRA PRADESH,28.0,754,Sri Sathya Sai,Sri Sathya Sai,0.0,5360,Tanakal,,5360.0,2024-10-07
3,Punjab,PUNJAB,3.0,33,Hoshiarpur,HOSHIARPUR,38.0,7193,Tanda,,0.0,2024-10-07
9,Uttar Pradesh,UTTAR PRADESH,9.0,121,Ambedkar Nagar,AMBEDKAR NAGAR,178.0,907,Tanda,,907.0,2024-10-07
36,Telangana,తెలంగాణ,0.0,680,Nirmal,నిర్మల్,0.0,4340,Tanoor,తానూర్,4340.0,2024-10-07
8,Rajasthan,RAJASTHAN,8.0,781,Kekri,केकड़ी,,6658,Tantoli,Tantoli,0.0,2024-10-07
28,Andhra Pradesh,ANDHRA PRADESH,28.0,523,West Godavari,పశ్చిమగోదావరి,546.0,4972,Tanuku,,4972.0,2024-10-07
19,West Bengal,WEST BENGAL,19.0,310,Dakshin Dinajpur,DAKSHIN DINAJPUR,331.0,2205,Tapan,,2205.0,2024-10-07
10,Bihar,BIHAR,10.0,218,Saran,सारण,219.0,1250,Taraiya,तरैया,1250.0,2024-10-07
21,Odisha,ODISHA,21.0,372,Sonepur,SONEPUR,392.0,3140,Tarbha,,3140.0,2024-10-07
3,Punjab,PUNJAB,3.0,609,Tarn Taran,tarn taran,50.0,259,Tarn Taran,,259.0,2024-10-07
2,Himachal Pradesh,HIMACHAL PRADESH,2.0,17,Hamirpur,HAMIRPUR,28.0,6883,Tauni Devi Bamson,,0.0,2024-10-07
27,Maharashtra,महाराष्ट्र,27.0,467,Akola,अकोला,501.0,3988,Telhara,तेल्हारा,3988.0,2024-10-07
2,Himachal Pradesh,HIMACHAL PRADESH,2.0,16,Chamba,CHAMBA,23.0,7286,Telka,,0.0,2024-10-07
18,Assam,ASSAM,18.0,286,Dibrugarh,DIBRUGARH,310.0,2066,Tengakhat,,2066.0,2024-10-07
33,Tamil Nadu,TAMIL NADU,33.0,733,Tenkasi,தென்காசி,0.0,5873,Tenkasi,,5873.0,2024-10-07
23,Madhya Pradesh,MADHYA PRADESH,23.0,424,Rewa,रीवा,430.0,3471,Teonthar,त्योंथर,3471.0,2024-10-07
17,Meghalaya,MEGHALAYA,17.0,275,West Jaintia Hills,WEST JAINTIA HILLS,299.0,1996,Thadlaskein,,1996.0,2024-10-07
32,Kerala,KERALA,32.0,557,Kannur,കണ്ണൂര്‍,589.0,5634,Thalassery,തലശ്ശേരി,5634.0,2024-10-07
33,Tamil Nadu,TAMIL NADU,33.0,573,Erode,ERODE,610.0,6539,Thalavadi,தாளவாடி,0.0,2024-10-07
32,Kerala,KERALA,32.0,561,Kozhikode,കോഴിക്കോട്,591.0,5938,Thamarassery,താമരശ്ശേരി,0.0,2024-10-07
1,Jammu And Kashmir,JAMMU AND KASHMIR,1.0,12,Rajouri,RAJOURI,6.0,20,Thana Mandi,,20.0,2024-10-07
33,Tamil Nadu,TAMIL NADU,33.0,593,Tiruvannamalai,TIRUVANNAMALAI,606.0,5726,Thandrampet,,5726.0,2024-10-07
6,Haryana,HARYANA,6.0,68,Kurukshetra,KURUKSHETRA,72.0,366,Thanesar,,366.0,2024-10-07
24,Gujarat,GUJARAT,24.0,460,Surendranagar,SURENDRANAGAR,475.0,6037,Thangadh,,0.0,2024-10-07
10,Bihar,BIHAR,10.0,209,Nalanda,नालंदा,229.0,1388,Tharthari,थरथरी,1388.0,2024-10-07
24,Gujarat,GUJARAT,24.0,450,Kheda,KHEDA,483.0,3878,Thasra,,3878.0,2024-10-07
18,Assam,ASSAM,18.0,301,Sonitpur,SONITPUR,306.0,7049,Thelamara,,0.0,2024-10-07
33,Tamil Nadu,TAMIL NADU,33.0,588,Theni,THENI,624.0,5844,Theni,,5844.0,2024-10-07
2,Himachal Pradesh,HIMACHAL PRADESH,2.0,23,Shimla,SHIMLA,33.0,184,Theog,,184.0,2024-10-07
12,Arunachal Pradesh,ARUNACHAL PRADESH,12.0,238,Tawang,TAWANG,245.0,6556,Thingbu Circle,Thingbu Circle,0.0,2024-10-07
33,Tamil Nadu,TAMIL NADU,33.0,585,Sivaganga,SIVAGANGA,622.0,5829,Thiruppathur,திருப்பத்தூர்,5829.0,2024-10-07
32,Kerala,KERALA,32.0,564,Pathanamthitta,പത്തനംതിട്ട,599.0,5679,Thiruvalla,തിരുവല്ല,5679.0,2024-10-07
33,Tamil Nadu,TAMIL NADU,33.0,591,Tiruchirappalli,TIRUCHIRAPPALLI,614.0,5780,Thiruverumbur,,5780.0,2024-10-07
33,Tamil Nadu,TAMIL NADU,33.0,586,Thanjavur,THANJAVUR,620.0,7406,Thiruvonam,திருவோணம்,0.0,2024-10-07
32,Kerala,KERALA,32.0,556,Idukki,ഇടുക്കി,596.0,5666,Thodupuzha,തൊടുപുഴ,5666.0,2024-10-07
33,Tamil Nadu,TAMIL NADU,33.0,594,Thoothukkudi,Thoothukkudi,627.0,5866,Thoothukkudi,,5866.0,2024-10-07
36,Telangana,తెలంగాణ,0.0,688,Mahabubabad,మహబుబాబాద్,0.0,4715,Thorrur,తొర్రూర్,4715.0,2024-10-07
28,Andhra Pradesh,ANDHRA PRADESH,28.0,515,Sri Potti Sriramulu Nellore,శ్రీ పొట్టి శ్రీరాములు నెల్లూరు,550.0,5180,Thotapalligudur,,5180.0,2024-10-07
12,Arunachal Pradesh,ARUNACHAL PRADESH,12.0,242,West Kameng,WEST KAMENG,246.0,1575,Thrizino Adc,Thrizino ADC,1575.0,2024-10-07
21,Odisha,ODISHA,21.0,358,Kalahandi,KALAHANDI,395.0,3171,Thuamul Rampur,,3171.0,2024-10-07
21,Odisha,ODISHA,21.0,359,Kandhamal,KANDHAMAL,390.0,3115,Tikabali,,3115.0,2024-10-07
10,Bihar,BIHAR,10.0,215,Rohtas,रोहतास,234.0,1474,Tilouthu,तिलौथु,1474.0,2024-10-07
23,Madhya Pradesh,MADHYA PRADESH,23.0,408,Harda,हरदा,448.0,3610,Timarni,टिमरनी,3610.0,2024-10-07
18,Assam,ASSAM,18.0,302,Tinsukia,TINSUKIA,309.0,2061,Tinsukia,,2061.0,2024-10-07
29,Karnataka,ಕರ್ನಾಟಕ,29.0,547,Shivamogga,ಶಿವಮೊಗ್ಗ,568.0,5519,Tirthahalli,ತೀರ್ಥಹಳ್ಳಿ,5519.0,2024-10-07
33,Tamil Nadu,TAMIL NADU,33.0,597,Virudhunagar,VIRUDHUNAGAR,625.0,5852,Tiruchuli,,5852.0,2024-10-07
29,Karnataka,ಕರ್ನಾಟಕ,29.0,545,Mysuru,ಮೈಸೂರು,577.0,5575,Tirumakudal - Narsipur,ಟಿ. ನರಸೀಪುರ,5575.0,2024-10-07
33,Tamil Nadu,TAMIL NADU,33.0,592,Tirunelveli,TIRUNELVELI,628.0,5876,Tirunelveli,,5876.0,2024-10-07
28,Andhra Pradesh,ANDHRA PRADESH,28.0,752,Tirupati,Tirupati,0.0,5383,Tirupati (Urban),,5383.0,2024-10-07
33,Tamil Nadu,TAMIL NADU,33.0,634,Tiruppur,TIRUPPUR,633.0,5967,Tiruppurnorth,,0.0,2024-10-07
33,Tamil Nadu,TAMIL NADU,33.0,583,Ramanathapuram,RAMANATHAPURAM,626.0,5855,Tiruvadanai,,5855.0,2024-10-07
33,Tamil Nadu,TAMIL NADU,33.0,593,Tiruvannamalai,TIRUVANNAMALAI,606.0,5727,Tiruvannamalai,,5727.0,2024-10-07
33,Tamil Nadu,TAMIL NADU,33.0,733,Tenkasi,தென்காசி,0.0,6642,Tiruvengadam,திருவேங்கடம்,0.0,2024-10-07
28,Andhra Pradesh,ANDHRA PRADESH,28.0,748,Eluru,Eluru,0.0,4946,T.Narasapuram,,4946.0,2024-10-07
8,Rajasthan,RAJASTHAN,8.0,771,Gangapurcity,गंगापुरसिटी,,520,Todabhim,,520.0,2024-10-07
13,Nagaland,NAGALAND,13.0,251,Zunheboto,ZUNHEBOTO,263.0,5988,Tokiye,,0.0,2024-10-07
21,Odisha,ODISHA,21.0,356,Jajapur,JAJAPUR,382.0,2970,Tomka,,2970.0,2024-10-07
33,Tamil Nadu,TAMIL NADU,33.0,568,Chennai,CHENNAI,603.0,7168,Tondiarpet,தண்டையார்பேட்டை,0.0,2024-10-07
23,Madhya Pradesh,MADHYA PRADESH,23.0,402,Dewas,देवास,437.0,3524,Tonk Khurd,टोंक खुर्द,3524.0,2024-10-07
20,Jharkhand,झारखंड,20.0,343,West Singhbhum,पश्चिमी सिंघभूम,368.0,2737,Tonto,टोन्टो,2737.0,2024-10-07
36,Telangana,తెలంగాణ,0.0,513,Medak,మెదక్,535.0,4482,Toopran,తూప్రాన్,4482.0,2024-10-07
29,Karnataka,ಕರ್ನಾಟಕ,29.0,548,Tumakuru,ತುಮಕೂರು,571.0,5537,Tumakuru,ತುಮಕೂರು,5537.0,2024-10-07
27,Maharashtra,महाराष्ट्र,27.0,471,Bhandara,भंडारा,506.0,4037,Tumsar,तुमसर,4037.0,2024-10-07
21,Odisha,ODISHA,21.0,345,Balangir,BALANGIR,393.0,3146,Turekela,,3146.0,2024-10-07
21,Odisha,ODISHA,21.0,361,Kendujhar,KENDUJHAR,375.0,2842,Turumunga,,2842.0,2024-10-07
14,Manipur,MANIPUR,14.0,712,Kangpokpi,,0.0,6492,T Vaichong,,0.0,2024-10-07
23,Madhya Pradesh,MADHYA PRADESH,23.0,437,Vidisha,विदिशा,443.0,3574,Tyonda,त्योंदा,3574.0,2024-10-07
16,Tripura,ত্রিপুরা,16.0,654,Gomati,গোমতি,0.0,6693,Udaipur,উদয়পুর,0.0,2024-10-07
23,Madhya Pradesh,MADHYA PRADESH,23.0,421,Raisen,रायसेन,446.0,3597,Udaipura,उदयपुरा,3597.0,2024-10-07
18,Assam,ASSAM,18.0,617,Udalguri,,326.0,2152,Udalguri,,2152.0,2024-10-07
33,Tamil Nadu,TAMIL NADU,33.0,610,Ariyalur,அரியலூர்,616.0,5786,Udayarpalayam,உடையார்பாளையம்,5786.0,2024-10-07
23,Madhya Pradesh,MADHYA PRADESH,23.0,402,Dewas,देवास,437.0,6535,Udaynagar,उदयनगर,0.0,2024-10-07
19,West Bengal,WEST BENGAL,19.0,313,Howrah,HOWRAH,341.0,2398,Udaynarayanpur,,2398.0,2024-10-07
32,Kerala,KERALA,32.0,556,Idukki,ഇടുക്കി,596.0,5665,Udumbanchola,ഉടുമ്പന്‍ ചോല,5665.0,2024-10-07
28,Andhra Pradesh,ANDHRA PRADESH,28.0,746,Kakinada,Kakinada,0.0,4912,U.Kothapalli,U.Kothapalli,4912.0,2024-10-07
27,Maharashtra,महाराष्ट्र,27.0,497,Thane,ठाणे,517.0,4169,Ulhasnagar,उल्हासनगर,4169.0,2024-10-07
24,Gujarat,GUJARAT,24.0,462,Valsad,VALSAD,491.0,3931,Umbergaon,,3931.0,2024-10-07
17,Meghalaya,MEGHALAYA,17.0,276,Ri Bhoi,RI BHOI,297.0,1987,Umsning,,1987.0,2024-10-07
24,Gujarat,GUJARAT,24.0,675,Gir Somnath,GIR SOMNATH,0.0,3838,Una,,3838.0,2024-10-07
2,Himachal Pradesh,HIMACHAL PRADESH,2.0,26,Una,UNA,29.0,150,Una,,150.0,2024-10-07
9,Uttar Pradesh,UTTAR PRADESH,9.0,175,Rae Bareli,RAE BARELI,158.0,828,Unchahar,,828.0,2024-10-07
9,Uttar Pradesh,UTTAR PRADESH,9.0,186,Unnao,UNNAO,156.0,816,Unnao,,816.0,2024-10-07
28,Andhra Pradesh,ANDHRA PRADESH,28.0,747,Dr. B.R. Ambedkar Konaseema,డా బి ఆర్  అంబేడ్కర్ కోనసీమ,0.0,4942,Uppalaguptam,,4942.0,2024-10-07
28,Andhra Pradesh,ANDHRA PRADESH,28.0,502,Ananthapuramu,అనంతపురము,553.0,5317,Uravakonda,,5317.0,2024-10-07
33,Tamil Nadu,TAMIL NADU,33.0,588,Theni,THENI,624.0,5845,Uthamapalayam,,5845.0,2024-10-07
36,Telangana,తెలంగాణ,0.0,501,Adilabad,ఆదిలాబాద్,532.0,4321,Utnoor,ఉట్నూర్,4321.0,2024-10-07
28,Andhra Pradesh,ANDHRA PRADESH,28.0,755,Nandyal,Nandyal,0.0,5302,Uyyalawada,,5302.0,2024-10-07
24,Gujarat,GUJARAT,24.0,461,Vadodara,VADODARA,486.0,6526,Vadodara South,,0.0,2024-10-07
36,Telangana,తెలంగాణ,0.0,516,Nizamabad,నిజామాబాదు,533.0,4365,Vailpoor,వేల్పూర్,4365.0,2024-10-07
24,Gujarat,GUJARAT,24.0,442,Bharuch,BHARUCH,488.0,3920,Valia,,3920.0,2024-10-07
36,Telangana,తెలంగాణ,0.0,697,Yadadri Bhuvanagiri,యదాద్రి భువనగిరి,0.0,4627,Valigonda,వలిగొండ,4627.0,2024-10-07
24,Gujarat,GUJARAT,24.0,641,Tapi,,493.0,3946,Valod,,3946.0,2024-10-07
33,Tamil Nadu,TAMIL NADU,33.0,729,Kallakurichi,கள்ளக்குறிச்சி,0.0,7405,Vanapuram,வாணாபுரம்,0.0,2024-10-07
33,Tamil Nadu,TAMIL NADU,33.0,593,Tiruvannamalai,TIRUVANNAMALAI,606.0,5723,Vandavasi,,5723.0,2024-10-07
24,Gujarat,GUJARAT,24.0,448,Junagadh,JUNAGADH,479.0,3826,Vanthali,,3826.0,2024-10-07
33,Tamil Nadu,TAMIL NADU,33.0,596,Viluppuram,VILLUPURAM,607.0,5730,Vanur,,5730.0,2024-10-07
28,Andhra Pradesh,ANDHRA PRADESH,28.0,752,Tirupati,Tirupati,0.0,5381,Varadaiahpalem,,5381.0,2024-10-07
27,Maharashtra,महाराष्ट्र,27.0,665,Palghar,पालघर,0.0,4164,Vasai,वसई,4164.0,2024-10-07
7,Delhi,DELHI,7.0,79,New Delhi,NEW DELHI,94.0,453,Vasant Vihar,,453.0,2024-10-07
27,Maharashtra,महाराष्ट्र,27.0,477,Hingoli,हिंगोली,512.0,4115,Vasmath,वसमत,4115.0,2024-10-07
36,Telangana,తెలంగాణ,0.0,691,Sangareddy,సంగారెడ్డి,0.0,6291,Vatpally,వట్ పల్లి,0.0,2024-10-07
28,Andhra Pradesh,ANDHRA PRADESH,28.0,749,Ntr,NTR,0.0,4990,Vatsavai,,4990.0,2024-10-07
24,Gujarat,GUJARAT,24.0,438,Ahmedabad,AHMEDABAD,474.0,6516,Vatva,Vatva,0.0,2024-10-07
33,Tamil Nadu,TAMIL NADU,33.0,579,Nagapattinam,NAGAPATTINAM,618.0,5802,Vedaranyam,,5802.0,2024-10-07
28,Andhra Pradesh,ANDHRA PRADESH,28.0,503,Chittoor,CHITTOOR,554.0,5397,Vedurukuppam,,5397.0,2024-10-07
36,Telangana,తెలంగాణ,0.0,508,Karimnagar,కరీంనగర్,534.0,4439,Veenavanka,వీణవంక,4439.0,2024-10-07
36,Telangana,తెలంగాణ,0.0,686,Hanumakonda,హనుమకొండ,0.0,6252,Velair,వేలేరు,0.0,2024-10-07
36,Telangana,తెలంగాణ,0.0,681,Jagitial,జగిత్యాల,0.0,4398,Velgatur,వెల్గటూరు,4398.0,2024-10-07
27,Maharashtra,महाराष्ट्र,27.0,490,Pune,पुणे,521.0,4197,Velhe,वेल्हे,4197.0,2024-10-07
28,Andhra Pradesh,ANDHRA PRADESH,28.0,517,Prakasam,PRAKASAM,549.0,5135,Veligandla,,5135.0,2024-10-07
33,Tamil Nadu,TAMIL NADU,33.0,597,Virudhunagar,VIRUDHUNAGAR,625.0,6640,Vembakottai,வெம்பக்கோட்டை,0.0,2024-10-07
28,Andhra Pradesh,ANDHRA PRADESH,28.0,504,Y.S.R.,,551.0,5233,Vempalli,వేంపల్లె,5233.0,2024-10-07
27,Maharashtra,महाराष्ट्र,27.0,495,Sindhudurg,सिंधुदुर्ग,529.0,4279,Vengurla,वेंगुर्ला,4279.0,2024-10-07
28,Andhra Pradesh,ANDHRA PRADESH,28.0,521,Vizianagaram,VIZIANAGARAM,543.0,4832,Vepada,,4832.0,2024-10-07
28,Andhra Pradesh,ANDHRA PRADESH,28.0,503,Chittoor,CHITTOOR,554.0,5405,Vijayapuram,,5405.0,2024-10-07
28,Andhra Pradesh,ANDHRA PRADESH,28.0,749,Ntr,NTR,0.0,6863,Vijayawada East,VIJAYAWADA EAST,0.0,2024-10-07
28,Andhra Pradesh,ANDHRA PRADESH,28.0,749,Ntr,NTR,0.0,6864,Vijayawada North,VIJAYAWADA NORTH,0.0,2024-10-07
28,Andhra Pradesh,ANDHRA PRADESH,28.0,749,Ntr,NTR,0.0,6865,Vijayawada West,VIJAYAWADA WEST,0.0,2024-10-07
27,Maharashtra,महाराष्ट्र,27.0,665,Palghar,पालघर,0.0,4159,Vikramgad,विक्रमगड,4159.0,2024-10-07
28,Andhra Pradesh,ANDHRA PRADESH,28.0,515,Sri Potti Sriramulu Nellore,శ్రీ పొట్టి శ్రీరాములు నెల్లూరు,550.0,5161,Vinjamur,,5161.0,2024-10-07
29,Karnataka,ಕರ್ನಾಟಕ,29.0,541,Kodagu,ಕೊಡಗು,576.0,5568,Virajpet,ವಿರಾಜಪೇಟೆ,5568.0,2024-10-07
24,Gujarat,GUJARAT,24.0,669,Mahisagar,મહિસાગર,0.0,3870,Virpur,,3870.0,2024-10-07
28,Andhra Pradesh,ANDHRA PRADESH,28.0,749,Ntr,NTR,0.0,5000,Vissannapeta,విసన్నపేట,5000.0,2024-10-07
13,Nagaland,NAGALAND,13.0,251,Zunheboto,ZUNHEBOTO,263.0,1767,V.K.,,1767.0,2024-10-07
32,Kerala,KERALA,32.0,567,Wayanad,വയനാട്,590.0,5637,Vythiri,വൈത്തിരി,5637.0,2024-10-07
36,Telangana,తెలంగాణ,0.0,695,Jogulamba Gadwal,జోగులాంబ గద్వాల,0.0,4610,Waddepally,వడ్డెపల్లి,4610.0,2024-10-07
1,Jammu And Kashmir,JAMMU AND KASHMIR,1.0,3,Baramulla,BARAMULLA,8.0,6823,Wagoora,Wagoora,0.0,2024-10-07
27,Maharashtra,महाराष्ट्र,27.0,494,Satara,सातारा,527.0,4256,Wai,वाई,4256.0,2024-10-07
12,Arunachal Pradesh,ARUNACHAL PRADESH,12.0,666,Longding,LONGDING,0.0,6012,Wakka Sdo,,0.0,2024-10-07
1,Jammu And Kashmir,JAMMU AND KASHMIR,1.0,626,Ganderbal,GANDERBAL,11.0,6808,Wakoora,Wakoora,0.0,2024-10-07
27,Maharashtra,महाराष्ट्र,27.0,468,Amravati,अमरावती,503.0,4007,Warud,वरूड,4007.0,2024-10-07
33,Tamil Nadu,TAMIL NADU,33.0,597,Virudhunagar,VIRUDHUNAGAR,625.0,6675,Watrap,வத்திராயிருப்பு,0.0,2024-10-07
10,Bihar,BIHAR,10.0,196,Gaya,गया,236.0,1507,Wazirganj,वजीरगन्ज,1507.0,2024-10-07
28,Andhra Pradesh,ANDHRA PRADESH,28.0,502,Ananthapuramu,అనంతపురము,553.0,5312,Yadiki,,5312.0,2024-10-07
5,Uttarakhand,UTTARAKHAND,5.0,52,Pauri Garhwal,PAURI GARHWAL,61.0,314,Yamkeshwar,,314.0,2024-10-07
12,Arunachal Pradesh,ARUNACHAL PRADESH,12.0,677,Kra Daadi,KRA DAADI,0.0,1704,Yangte Circle,,1704.0,2024-10-07
27,Maharashtra,महाराष्ट्र,27.0,500,Yavatmal,यवतमाळ,510.0,4082,Yavatmal,यवतमाळ,4082.0,2024-10-07
27,Maharashtra,महाराष्ट्र,27.0,478,Jalgaon,जळगाव,499.0,3961,Yawal,यावल,3961.0,2024-10-07
29,Karnataka,ಕರ್ನಾಟಕ,29.0,550,Uttara Kannada,ಉತ್ತರ ಕನ್ನಡ,563.0,5481,Yellapur,ಯಲ್ಲಾಪುರ,5481.0,2024-10-07
28,Andhra Pradesh,ANDHRA PRADESH,28.0,511,Kurnool,KURNOOL,552.0,5254,Yemmiganur,,5254.0,2024-10-07
28,Andhra Pradesh,ANDHRA PRADESH,28.0,745,Alluri Sitharama Raju,Alluri Sitharama Raju,0.0,6063,Yetapaka,,0.0,2024-10-07
27,Maharashtra,महाराष्ट्र,27.0,487,Nashik,नाशिक,516.0,4156,Yevla,येवला,4156.0,2024-10-07
12,Arunachal Pradesh,ARUNACHAL PRADESH,12.0,243,West Siang,WEST SIANG,250.0,1633,Yomcha Adc,Yomcha,1633.0,2024-10-07
13,Nagaland,NAGALAND,13.0,615,Longleng,,268.0,1832,Yongnyah,,1832.0,2024-10-07
1,Jammu And Kashmir,JAMMU AND KASHMIR,1.0,8,Kupwara,KUPWARA,1.0,6790,Zachaldara,Zachaldara,0.0,2024-10-07
9,Uttar Pradesh,UTTAR PRADESH,9.0,146,Ghazipur,GHAZIPUR,195.0,991,Zamania,,991.0,2024-10-07
28,Andhra Pradesh,ANDHRA PRADESH,28.0,517,Prakasam,PRAKASAM,549.0,5142,Zarugumalli,,5142.0,2024-10-07
8,Rajasthan,RAJASTHAN,8.0,88,Banswara,BANSWARA,125.0,6612,Abapura,Abapura,0.0,2024-10-07
36,Telangana,తెలంగాణ,0.0,518,Ranga Reddy,రంగా రెడ్డి,537.0,6319,Abdullapurmet,అబ్దుల్లాపూర్మెట్,0.0,2024-10-07
3,Punjab,PUNJAB,3.0,651,Fazilka,,0.0,238,Abohar,,238.0,2024-10-07
8,Rajasthan,RAJASTHAN,8.0,115,Sirohi,SIROHI,117.0,595,Abu Road,,595.0,2024-10-07
28,Andhra Pradesh,ANDHRA PRADESH,28.0,523,West Godavari,పశ్చిమగోదావరి,546.0,4981,Achanta,,4981.0,2024-10-07
6,Haryana,HARYANA,6.0,63,Hisar,HISAR,80.0,393,Adampur,,393.0,2024-10-07
10,Bihar,BIHAR,10.0,213,Purbi Champaran,पूर्वी चंपारण,204.0,1032,Adapur,आदापुर,1032.0,2024-10-07
27,Maharashtra,महाराष्ट्र,27.0,481,Latur,लातूर,524.0,4228,Ahmadpur,अहमदपूर,4228.0,2024-10-07
3,Punjab,PUNJAB,3.0,737,Malerkotla,,0.0,6856,Ahmedgarh,,0.0,2024-10-07
13,Nagaland,NAGALAND,13.0,250,Wokha,WOKHA,264.0,1781,Aitepyong,,1781.0,2024-10-07
22,Chhattisgarh,छत्तीसगढ़,22.0,383,Korba,कोरबा,404.0,7241,Ajgarbahar,अजगरबहार,0.0,2024-10-07
27,Maharashtra,महाराष्ट्र,27.0,480,Kolhapur,कोल्हापूर,530.0,4292,Ajra,आजरा,4292.0,2024-10-07
28,Andhra Pradesh,ANDHRA PRADESH,28.0,523,West Godavari,పశ్చిమగోదావరి,546.0,4975,Akividu,,4975.0,2024-10-07
36,Telangana,తెలంగాణ,0.0,692,Siddipet,సిద్దిపేట,0.0,6285,Akkannapet,అక్కన్నపేట,0.0,2024-10-07
28,Andhra Pradesh,ANDHRA PRADESH,28.0,747,Dr. B.R. Ambedkar Konaseema,డా బి ఆర్  అంబేడ్కర్ కోనసీమ,0.0,4925,Alamuru,,4925.0,2024-10-07
33,Tamil Nadu,TAMIL NADU,33.0,582,Pudukkottai,PUDUKKOTTAI,621.0,5824,Alangudi,,5824.0,2024-10-07
10,Bihar,BIHAR,10.0,202,Khagaria,खगड़िया,223.0,1322,Alauli,अलौली,1322.0,2024-10-07
6,Haryana,HARYANA,6.0,65,Jind,JIND,77.0,6409,Alewa,अलेवा,0.0,2024-10-07
10,Bihar,BIHAR,10.0,195,Darbhanga,दरभंगा,215.0,1187,Alinagar,अलीनगर,1187.0,2024-10-07
36,Telangana,తెలంగాణ,0.0,690,Bhadradri Kothagudem,భద్రాద్రి కొత్తగూడెం,0.0,6267,Allapalli,ఆళ్ళపల్లి,0.0,2024-10-07
9,Uttar Pradesh,UTTAR PRADESH,9.0,121,Ambedkar Nagar,AMBEDKAR NAGAR,178.0,908,Allapur,,908.0,2024-10-07
29,Karnataka,ಕರ್ನಾಟಕ,29.0,530,Vijayapura,ವಿಜಯಾಪುರ,557.0,7123,Almel,ALMEL,0.0,2024-10-07
28,Andhra Pradesh,ANDHRA PRADESH,28.0,519,Srikakulam,SRIKAKULAM,542.0,4798,Amadalavalasa,,4798.0,2024-10-07
28,Andhra Pradesh,ANDHRA PRADESH,28.0,751,Palnadu,Palnadu,0.0,5052,Amaravathi,,5052.0,2024-10-07
9,Uttar Pradesh,UTTAR PRADESH,9.0,173,Pilibhit,PILIBHIT,151.0,6867,Amariya,,0.0,2024-10-07
28,Andhra Pradesh,ANDHRA PRADESH,28.0,747,Dr. B.R. Ambedkar Konaseema,డా బి ఆర్  అంబేడ్కర్ కోనసీమ,0.0,4935,Ambajipeta,,4935.0,2024-10-07
6,Haryana,HARYANA,6.0,58,Ambala,AMBALA,70.0,6406,Ambala Cantonment,अम्बाला छावनी,0.0,2024-10-07
27,Maharashtra,महाराष्ट्र,27.0,497,Thane,ठाणे,517.0,4170,Ambarnath,अंबरनाथ,4170.0,2024-10-07
36,Telangana,తెలంగాణ,0.0,507,Hyderabad,హైదరాబాద్,536.0,4502,Amberpet,అంబర్ పేట్,4502.0,2024-10-07
10,Bihar,BIHAR,10.0,214,Purnia,पूर्णिया,211.0,1138,Amour,अमौर,1138.0,2024-10-07
36,Telangana,తెలంగాణ,0.0,694,Nagarkurnool,నాగర్ కర్నూల్,0.0,4578,Amrabad,అమ్రాబాద్,4578.0,2024-10-07
20,Jharkhand,झारखंड,20.0,337,Pakur,पाकुर,353.0,2574,Amrapara,,2574.0,2024-10-07
27,Maharashtra,महाराष्ट्र,27.0,468,Amravati,अमरावती,503.0,4009,Amravati,अमरावती,4009.0,2024-10-07
9,Uttar Pradesh,UTTAR PRADESH,9.0,141,Farrukhabad,FARRUKHABAD,159.0,831,Amritpur,,831.0,2024-10-07
33,Tamil Nadu,TAMIL NADU,33.0,569,Coimbatore,COIMBATORE,632.0,6643,Anaimalai,ஆனைமலை,0.0,2024-10-07
21,Odisha,ODISHA,21.0,361,Kendujhar,KENDUJHAR,375.0,2854,Anandapur,,2854.0,2024-10-07
28,Andhra Pradesh,ANDHRA PRADESH,28.0,505,East Godavari,EAST GODAVARI,545.0,4917,Anaparthi,Anaparthi,4917.0,2024-10-07
33,Tamil Nadu,TAMIL NADU,33.0,577,Krishnagiri,KRISHNAGIRI,631.0,6662,Anchetty,அஞ்செட்டி,0.0,2024-10-07
19,West Bengal,WEST BENGAL,19.0,704,Paschim Bardhaman,PASCHIM BARDHAMAN,0.0,2272,Andal,অন্ডাল,2272.0,2024-10-07
27,Maharashtra,महाराष्ट्र,27.0,483,Mumbai Suburban,मुंबई उपनगर,518.0,7179,Andheri,अंधेरी,0.0,2024-10-07
33,Tamil Nadu,TAMIL NADU,33.0,610,Ariyalur,அரியலூர்,616.0,5983,Andimadam,ஆண்டிமடம்,0.0,2024-10-07
24,Gujarat,GUJARAT,24.0,440,Anand,ANAND,482.0,3868,Anklav,,3868.0,2024-10-07
33,Tamil Nadu,TAMIL NADU,33.0,569,Coimbatore,COIMBATORE,632.0,5955,Annur,,0.0,2024-10-07
8,Rajasthan,RAJASTHAN,8.0,89,Baran,BARAN,128.0,671,Antah,अन्‍ता,671.0,2024-10-07
36,Telangana,తెలంగాణ,0.0,682,Peddapalli,పెద్దపల్లి,0.0,6214,Anthergaon,అంతర్ గాం,0.0,2024-10-07
33,Tamil Nadu,TAMIL NADU,33.0,576,Karur,KARUR,613.0,5768,Aravakurichi,,5768.0,2024-10-07
27,Maharashtra,महाराष्ट्र,27.0,485,Nanded,नांदेड,511.0,4099,Ardhapur,अर्धापूर,4099.0,2024-10-07
27,Maharashtra,महाराष्ट्र,27.0,500,Yavatmal,यवतमाळ,510.0,4088,Arni,अर्नी,4088.0,2024-10-07
8,Rajasthan,RAJASTHAN,8.0,629,Pratapgarh,PRATAPGARH,131.0,700,Arnod,,700.0,2024-10-07
23,Madhya Pradesh,MADHYA PRADESH,23.0,406,Guna,गुना,458.0,3682,Aron,आरोन,3682.0,2024-10-07
24,Gujarat,GUJARAT,24.0,438,Ahmedabad,AHMEDABAD,474.0,6512,Asarva,Asarva,0.0,2024-10-07
6,Haryana,HARYANA,6.0,67,Karnal,KARNAL,74.0,373,Assandh,,373.0,2024-10-07
1,Jammu And Kashmir,JAMMU AND KASHMIR,1.0,4,Doda,DODA,16.0,6752,Assar,Assar,0.0,2024-10-07
36,Telangana,తెలంగాణ,0.0,690,Bhadradri Kothagudem,భద్రాద్రి కొత్తగూడెం,0.0,4728,Aswapuram,అశ్వాపురం,4728.0,2024-10-07
28,Andhra Pradesh,ANDHRA PRADESH,28.0,751,Palnadu,Palnadu,0.0,5050,Atchampet,,5050.0,2024-10-07
28,Andhra Pradesh,ANDHRA PRADESH,28.0,744,Anakapalli,Anakapalli,0.0,4878,Atchuthapuram,Atchuthapuram,4878.0,2024-10-07
1,Jammu And Kashmir,JAMMU AND KASHMIR,1.0,620,Kishtwar,,18.0,71,Atholi (Paddar),,71.0,2024-10-07
28,Andhra Pradesh,ANDHRA PRADESH,28.0,747,Dr. B.R. Ambedkar Konaseema,డా బి ఆర్  అంబేడ్కర్ కోనసీమ,0.0,4919,Atreyapuram,,4919.0,2024-10-07
21,Odisha,ODISHA,21.0,347,Bargarh,BARGARH,370.0,2769,Attabira,,2769.0,2024-10-07
10,Bihar,BIHAR,10.0,208,Muzaffarpur,मुजफ्फरपुर,216.0,1207,Aurai,औराई,1207.0,2024-10-07
27,Maharashtra,महाराष्ट्र,27.0,481,Latur,लातूर,524.0,4232,Ausa,औसा,4232.0,2024-10-07
19,West Bengal,WEST BENGAL,19.0,306,Purba Bardhaman,PURBA BARDHAMAN,335.0,2276,Ausgram - II,,2276.0,2024-10-07
2,Himachal Pradesh,HIMACHAL PRADESH,2.0,22,Mandi,MANDI,27.0,134,Aut,,134.0,2024-10-07
33,Tamil Nadu,TAMIL NADU,33.0,634,Tiruppur,TIRUPPUR,633.0,5903,Avinashi,,5903.0,2024-10-07
9,Uttar Pradesh,UTTAR PRADESH,9.0,123,Azamgarh,AZAMGARH,191.0,966,Azamgarh,,966.0,2024-10-07
9,Uttar Pradesh,UTTAR PRADESH,9.0,128,Banda,BANDA,170.0,872,Baberu,,872.0,2024-10-07
23,Madhya Pradesh,MADHYA PRADESH,23.0,398,Chhatarpur,छ्तरपुर,425.0,3431,Bada Malhera,बडामलहरा,3431.0,2024-10-07
2,Himachal Pradesh,HIMACHAL PRADESH,2.0,25,Solan,SOLAN,31.0,162,Baddi,,162.0,2024-10-07
22,Chhattisgarh,छत्तीसगढ़,22.0,643,Kondagaon,कोंडागांव,0.0,3356,Baderajpur,बड़ेराजपुर,3356.0,2024-10-07
23,Madhya Pradesh,MADHYA PRADESH,23.0,421,Raisen,रायसेन,446.0,3595,Badi,बाडी,3595.0,2024-10-07
6,Haryana,HARYANA,6.0,64,Jhajjar,JHAJJAR,83.0,6444,Badli,बादली,0.0,2024-10-07
22,Chhattisgarh,छत्तीसगढ़,22.0,385,Mahasamund,महासमुंद,411.0,3343,Bagbahra,,3343.0,2024-10-07
18,Assam,ASSAM,18.0,280,Barpeta,BARPETA,303.0,2020,Baghbor,,2020.0,2024-10-07
13,Nagaland,NAGALAND,13.0,250,Wokha,WOKHA,264.0,1783,Baghty,,1783.0,2024-10-07
19,West Bengal,WEST BENGAL,19.0,313,Howrah,HOWRAH,341.0,2408,Bagnan - I,,2408.0,2024-10-07
20,Jharkhand,झारखंड,20.0,329,Giridih,गिरिडीह,349.0,2541,Bagodar,बगोदर,2541.0,2024-10-07
36,Telangana,తెలంగాణ,0.0,507,Hyderabad,హైదరాబాద్,536.0,4508,Bahadurpura,బహదూర్ పుర,4508.0,2024-10-07
21,Odisha,ODISHA,21.0,365,Mayurbhanj,MAYURBHANJ,376.0,2859,Bahalda,,2859.0,2024-10-07
1,Jammu And Kashmir,JAMMU AND KASHMIR,1.0,5,Jammu,JAMMU,21.0,6707,Bahu,Bahu,0.0,2024-10-07
23,Madhya Pradesh,MADHYA PRADESH,23.0,392,Balaghat,बालाघाट,457.0,3674,Baihar,बैहर,3674.0,2024-10-07
2,Himachal Pradesh,HIMACHAL PRADESH,2.0,18,Kangra,KANGRA,24.0,112,Baijnath,,112.0,2024-10-07
10,Bihar,BIHAR,10.0,211,Pashchim Champaran,पश्चिम चम्पारण,203.0,1029,Bairia,बैरिया,1029.0,2024-10-07
10,Bihar,BIHAR,10.0,214,Purnia,पूर्णिया,211.0,1139,Baisa,बैसा,1139.0,2024-10-07
18,Assam,ASSAM,18.0,739,Bajali,,0.0,2024,Bajali (Pt),,2024.0,2024-10-07
8,Rajasthan,RAJASTHAN,8.0,93,Bikaner,BIKANER,101.0,6913,Bajju,बज्जू,0.0,2024-10-07
3,Punjab,PUNJAB,3.0,40,Shahid Bhagat Singh Nagar,Shahid Bhagat Singh Nagar,39.0,219,Balachaur,,219.0,2024-10-07
21,Odisha,ODISHA,21.0,346,Baleshwar,BALESHWAR,377.0,2900,Balaramgadi Marine,,2900.0,2024-10-07
24,Gujarat,GUJARAT,24.0,669,Mahisagar,મહિસાગર,0.0,3871,Balasinor,,3871.0,2024-10-07
28,Andhra Pradesh,ANDHRA PRADESH,28.0,752,Tirupati,Tirupati,0.0,5188,Balayapalli,బాలయపల్లి,5188.0,2024-10-07
2,Himachal Pradesh,HIMACHAL PRADESH,2.0,22,Mandi,MANDI,27.0,6947,Balh,,0.0,2024-10-07
21,Odisha,ODISHA,21.0,356,Jajapur,JAJAPUR,382.0,2983,Balichandrapur,,2983.0,2024-10-07
2,Himachal Pradesh,HIMACHAL PRADESH,2.0,22,Mandi,MANDI,27.0,135,Bali Chowki,,135.0,2024-10-07
18,Assam,ASSAM,18.0,287,Goalpara,GOALPARA,302.0,2014,Balijana,,2014.0,2024-10-07
21,Odisha,ODISHA,21.0,355,Jagatsinghapur,JAGATSINGHAPUR,380.0,2943,Balikuda,,2943.0,2024-10-07
21,Odisha,ODISHA,21.0,352,Dhenkanal,DHENKANAL,383.0,2996,Balimi,,2996.0,2024-10-07
28,Andhra Pradesh,ANDHRA PRADESH,28.0,755,Nandyal,Nandyal,0.0,5288,Banaganapalli,బనగానపల్లి,5288.0,2024-10-07
21,Odisha,ODISHA,21.0,362,Khordha,KHORDHA,386.0,3054,Banapur,,3054.0,2024-10-07
12,Arunachal Pradesh,ARUNACHAL PRADESH,12.0,237,Papum Pare,PAPUM PARE,248.0,6603,Banderdewa Circle,,0.0,2024-10-07
20,Jharkhand,झारखंड,20.0,343,West Singhbhum,पश्चिमी सिंघभूम,368.0,2730,Bandgaon,बन्दगाँव,2730.0,2024-10-07
36,Telangana,తెలంగాణ,0.0,507,Hyderabad,హైదరాబాద్,536.0,4509,Bandlaguda,బండ్లగూడ,4509.0,2024-10-07
3,Punjab,PUNJAB,3.0,40,Shahid Bhagat Singh Nagar,Shahid Bhagat Singh Nagar,39.0,5993,Banga,,0.0,2024-10-07
2,Himachal Pradesh,HIMACHAL PRADESH,2.0,26,Una,UNA,29.0,149,Bangana,,149.0,2024-10-07
29,Karnataka,ಕರ್ನಾಟಕ,29.0,542,Kolar,ಕೋಲಾರ,581.0,5593,Bangarapet,ಬಂಗಾರಪೇಟೆ,5593.0,2024-10-07
2,Himachal Pradesh,HIMACHAL PRADESH,2.0,20,Kullu,KULLU,26.0,120,Banjar,,120.0,2024-10-07
10,Bihar,BIHAR,10.0,190,Banka,बांका,225.0,1350,Banka,बांका,1350.0,2024-10-07
19,West Bengal,WEST BENGAL,19.0,305,Bankura,BANKURA,339.0,2361,Bankura - I,,2361.0,2024-10-07
10,Bihar,BIHAR,10.0,216,Saharsa,सहरसा,214.0,1180,Banma Itahri,बनमा इटहरी,1180.0,2024-10-07
29,Karnataka,ಕರ್ನಾಟಕ,29.0,534,Dakshina Kannada,ದಕ್ಷಿಣ ಕನ್ನಡ,575.0,5562,Bantval,ಬಂಟ್ವಾಳ,5562.0,2024-10-07
36,Telangana,తెలంగాణ,0.0,698,Vikarabad,వికారాబాద్,0.0,4532,Bantwaram,బంట్వారం,4532.0,2024-10-07
8,Rajasthan,RAJASTHAN,8.0,772,Phalodi,फलाैदी,,6916,Bapini,बापिणी,0.0,2024-10-07
6,Haryana,HARYANA,6.0,71,Panipat,PANIPAT,75.0,6462,Bapoli,बपोली,0.0,2024-10-07
28,Andhra Pradesh,ANDHRA PRADESH,28.0,510,Krishna,KRISHNA,547.0,5004,Bapulapadu,,5004.0,2024-10-07
5,Uttarakhand,UTTARAKHAND,5.0,48,Champawat,CHAMPAWAT,65.0,6377,Barakot,,0.0,2024-10-07
18,Assam,ASSAM,18.0,298,Nalbari,NALBARI,323.0,2135,Barbhag,,2135.0,2024-10-07
10,Bihar,BIHAR,10.0,219,Sheikhpura,शेखपुरा,228.0,1372,Barbigha,बरबीघा,1372.0,2024-10-07
20,Jharkhand,झारखंड,20.0,328,Garhwa,गढ़वा,346.0,2500,Bardiha,बरडीहा,2500.0,2024-10-07
9,Uttar Pradesh,UTTAR PRADESH,9.0,130,Bareilly,BAREILLY,150.0,787,Bareilly,,787.0,2024-10-07
20,Jharkhand,झारखंड,20.0,328,Garhwa,गढ़वा,346.0,6329,Bargarh,,0.0,2024-10-07
10,Bihar,BIHAR,10.0,222,Siwan,सिवान,218.0,1231,Barharia,बड़हरिया,1231.0,2024-10-07
20,Jharkhand,झारखंड,20.0,340,Sahebganj,साहेबगंज,352.0,2572,Barharwa,,2572.0,2024-10-07
8,Rajasthan,RAJASTHAN,8.0,98,Dholpur,DHOLPUR,106.0,516,Bari,,516.0,2024-10-07
10,Bihar,BIHAR,10.0,207,Munger,मुंगेर,226.0,1357,Bariarpur,बरियारपुर,1357.0,2024-10-07
20,Jharkhand,झारखंड,20.0,332,Hazaribagh,हज़ारीबाग,360.0,2657,Barkagaon,,2657.0,2024-10-07
18,Assam,ASSAM,18.0,280,Barpeta,BARPETA,303.0,2022,Barpeta,,2022.0,2024-10-07
21,Odisha,ODISHA,21.0,365,Mayurbhanj,MAYURBHANJ,376.0,2882,Barsahi,,2882.0,2024-10-07
2,Himachal Pradesh,HIMACHAL PRADESH,2.0,17,Hamirpur,HAMIRPUR,28.0,144,Barsar,,144.0,2024-10-07
6,Haryana,HARYANA,6.0,63,Hisar,HISAR,80.0,6440,Barwala,बरवाला,0.0,2024-10-07
8,Rajasthan,RAJASTHAN,8.0,98,Dholpur,DHOLPUR,106.0,7372,Basai Nawab,बसई नवाब,0.0,2024-10-07
19,West Bengal,WEST BENGAL,19.0,304,South 24 Parganas,SOUTH 24 Parganas,343.0,2434,Basanti,,2434.0,2024-10-07
29,Karnataka,ಕರ್ನಾಟಕ,29.0,530,Vijayapura,ವಿಜಯಾಪುರ,557.0,5452,Basavana Bagevadi,ಬಸವನ ಬಾಗೇವಾಡಿ,5452.0,2024-10-07
8,Rajasthan,RAJASTHAN,8.0,98,Dholpur,DHOLPUR,106.0,515,Baseri,,515.0,2024-10-07
23,Madhya Pradesh,MADHYA PRADESH,23.0,437,Vidisha,विदिशा,443.0,3573,Basoda,बासौदा,3573.0,2024-10-07
1,Jammu And Kashmir,JAMMU AND KASHMIR,1.0,7,Kathua,KATHUA,7.0,28,Basohli,,28.0,2024-10-07
1,Jammu And Kashmir,JAMMU AND KASHMIR,1.0,621,Ramban,RAMBAN,17.0,6761,Batote,Batote,0.0,2024-10-07
24,Gujarat,GUJARAT,24.0,672,Arvalli,,0.0,3772,Bayad,,3772.0,2024-10-07
36,Telangana,తెలంగాణ,0.0,681,Jagitial,జగిత్యాల,0.0,6212,Beerpur,బీర్ పూర్,0.0,2024-10-07
8,Rajasthan,RAJASTHAN,8.0,782,Kotputli-Behror,कोटपूतली-बहरोड,,493,Behror,,493.0,2024-10-07
22,Chhattisgarh,छत्तीसगढ़,22.0,377,Dhamtari,धमतरी,412.0,7316,Belargaon,बेलरगाँव,0.0,2024-10-07
10,Bihar,BIHAR,10.0,190,Banka,बांका,225.0,1352,Belhar,बेलहर,1352.0,2024-10-07
21,Odisha,ODISHA,21.0,357,Jharsuguda,JHARSUGUDA,371.0,2772,Belpahar,,2772.0,2024-10-07
22,Chhattisgarh,छत्तीसगढ़,22.0,375,Bilaspur,बिलासपुर,406.0,7281,Beltara,बेलतरा,0.0,2024-10-07
9,Uttar Pradesh,UTTAR PRADESH,9.0,126,Ballia,BALLIA,193.0,975,Belthara Road,,975.0,2024-10-07
10,Bihar,BIHAR,10.0,209,Nalanda,नालंदा,229.0,1393,Ben,बेन,1393.0,2024-10-07
20,Jharkhand,झारखंड,20.0,329,Giridih,गिरिडीह,349.0,2537,Bengabad,बेंगाबाद,2537.0,2024-10-07
19,West Bengal,WEST BENGAL,19.0,319,Murshidabad,MURSHIDABAD,333.0,2241,Berhampore,,2241.0,2024-10-07
22,Chhattisgarh,छत्तीसगढ़,22.0,650,Bemetara,बेमेतरा,0.0,3315,Berla,,3315.0,2024-10-07
20,Jharkhand,झारखंड,20.0,322,Bokaro,बोकारो,355.0,2590,Bermo,,2590.0,2024-10-07
27,Maharashtra,महाराष्ट्र,27.0,478,Jalgaon,जळगाव,499.0,3971,Bhadgaon,भडगाव,3971.0,2024-10-07
8,Rajasthan,RAJASTHAN,8.0,101,Hanumangarh,HANUMANGARH,100.0,472,Bhadra,,472.0,2024-10-07
36,Telangana,తెలంగాణ,0.0,690,Bhadradri Kothagudem,భద్రాద్రి కొత్తగూడెం,0.0,4730,Bhadrachalam,భద్రాచలం,4730.0,2024-10-07
1,Jammu And Kashmir,JAMMU AND KASHMIR,1.0,4,Doda,DODA,16.0,6747,Bhagwah,Bhagwah,0.0,2024-10-07
10,Bihar,BIHAR,10.0,222,Siwan,सिवान,218.0,1235,Bhagwanpur Hat,भगवानपुर हाट,1235.0,2024-10-07
36,Telangana,తెలంగాణ,0.0,680,Nirmal,నిర్మల్,0.0,4339,Bhainsa,భైంసా,4339.0,2024-10-07
21,Odisha,ODISHA,21.0,363,Koraput,KORAPUT,398.0,3201,Bhairabsingipur,,3201.0,2024-10-07
22,Chhattisgarh,छत्तीसगढ़,22.0,636,Bijapur,बीजापुर,417.0,3379,Bhairamgarh,,3379.0,2024-10-07
22,Chhattisgarh,छत्तीसगढ़,22.0,377,Dhamtari,धमतरी,412.0,7315,Bhakhara,भखारा,0.0,2024-10-07
29,Karnataka,ಕರ್ನಾಟಕ,29.0,529,Bidar,ಬೀದರ್‌,558.0,5455,Bhalki,ಬಾಲ್ಕಿ,5455.0,2024-10-07
23,Madhya Pradesh,MADHYA PRADESH,23.0,401,Datia,दतिया,422.0,3406,Bhander,भांडेर,3406.0,2024-10-07
20,Jharkhand,झारखंड,20.0,336,Lohardaga,लोहरदगा,356.0,2603,Bhandra,,2603.0,2024-10-07
19,West Bengal,WEST BENGAL,19.0,304,South 24 Parganas,SOUTH 24 Parganas,343.0,2418,Bhangar - I,,2418.0,2024-10-07
1,Jammu And Kashmir,JAMMU AND KASHMIR,1.0,4,Doda,DODA,16.0,6746,Bharath Bagla,Bharath Bagla,0.0,2024-10-07
6,Haryana,HARYANA,6.0,61,Fatehabad,FATEHABAD,78.0,6436,Bhattukalan St,भट्टूकलां,0.0,2024-10-07
36,Telangana,తెలంగాణ,0.0,684,Mancherial,మంచిర్యాల్,0.0,6228,Bheemaram,భీమారం,0.0,2024-10-07
36,Telangana,తెలంగాణ,0.0,516,Nizamabad,నిజామాబాదు,533.0,4364,Bheemgal,భీంగల్,4364.0,2024-10-07
36,Telangana,తెలంగాణ,0.0,684,Mancherial,మంచిర్యాల్,0.0,4328,Bheemini,భీమిని,4328.0,2024-10-07
8,Rajasthan,RAJASTHAN,8.0,112,Rajsamand,RAJSAMAND,123.0,639,Bhim,,639.0,2024-10-07
8,Rajasthan,RAJASTHAN,8.0,781,Kekri,केकड़ी,,612,Bhinay,,612.0,2024-10-07
23,Madhya Pradesh,MADHYA PRADESH,23.0,395,Bhind,भिण्ड,420.0,3392,Bhind,भिंड,3392.0,2024-10-07
9,Uttar Pradesh,UTTAR PRADESH,9.0,181,Shrawasti,SHRAWASTI,181.0,923,Bhinga,,923.0,2024-10-07
17,Meghalaya,MEGHALAYA,17.0,276,Ri Bhoi,RI BHOI,297.0,6543,Bhoirymbong,Bhoirymbong,0.0,2024-10-07
27,Maharashtra,महाराष्ट्र,27.0,479,Jalna,जालना,514.0,4125,Bhokardan,भोकरदन,4125.0,2024-10-07
8,Rajasthan,RAJASTHAN,8.0,778,Jodhpur (Gramin),जोधपुर (ग्रामीण),,569,Bhopalgarh,,569.0,2024-10-07
24,Gujarat,GUJARAT,24.0,449,Kachchh,KACHCHH,468.0,3726,Bhuj,,3726.0,2024-10-07
6,Haryana,HARYANA,6.0,61,Fatehabad,FATEHABAD,78.0,6437,Bhuna St,भुना,0.0,2024-10-07
27,Maharashtra,महाराष्ट्र,27.0,478,Jalgaon,जळगाव,499.0,3965,Bhusawal,भुसावळ,3965.0,2024-10-07
23,Madhya Pradesh,MADHYA PRADESH,23.0,422,Rajgarh,राजगढ़,442.0,3566,Biaora,ब्यावरा,3566.0,2024-10-07
28,Andhra Pradesh,ANDHRA PRADESH,28.0,505,East Godavari,EAST GODAVARI,545.0,4916,Biccavolu,,4916.0,2024-10-07
23,Madhya Pradesh,MADHYA PRADESH,23.0,415,Mandla,मंडला,454.0,3645,Bichhiya,बिछिया,3645.0,2024-10-07
36,Telangana,తెలంగాణ,0.0,685,Kamareddy,కామారెడ్డి,0.0,4374,Bichkunda,బిచ్కుంద,4374.0,2024-10-07
18,Assam,ASSAM,18.0,295,Lakhimpur,LAKHIMPUR,307.0,2049,Bihpuria,,2049.0,2024-10-07
23,Madhya Pradesh,MADHYA PRADESH,23.0,398,Chhatarpur,छ्तरपुर,425.0,3433,Bijawar,बिजावर,3433.0,2024-10-07
8,Rajasthan,RAJASTHAN,8.0,92,Bhilwara,BHILWARA,122.0,638,Bijoliya,Bijoliya,638.0,2024-10-07
9,Uttar Pradesh,UTTAR PRADESH,9.0,140,Ayodhya,AYODHYA,177.0,906,Bikapur,,906.0,2024-10-07
10,Bihar,BIHAR,10.0,212,Patna,पटना,230.0,1405,Bikram,बिक्रम,1405.0,2024-10-07
8,Rajasthan,RAJASTHAN,8.0,778,Jodhpur (Gramin),जोधपुर (ग्रामीण),,573,Bilara,,573.0,2024-10-07
6,Haryana,HARYANA,6.0,76,Yamunanagar,YAMUNANAGAR,71.0,362,Bilaspur,,362.0,2024-10-07
21,Odisha,ODISHA,21.0,372,Sonepur,SONEPUR,392.0,3137,Biramaharajpur,,3137.0,2024-10-07
9,Uttar Pradesh,UTTAR PRADESH,9.0,173,Pilibhit,PILIBHIT,151.0,791,Bisalpur,,791.0,2024-10-07
16,Tripura,ত্রিপুরা,16.0,653,Sepahijala,সিপাহিজলা,0.0,6699,Bishalgarh,বিশালগড়,0.0,2024-10-07
36,Telangana,తెలంగాణ,0.0,516,Nizamabad,నిజామాబాదు,533.0,4370,Bodhan,బోధన్,4370.0,2024-10-07
21,Odisha,ODISHA,21.0,363,Koraput,KORAPUT,398.0,3211,Boipariguda,,3211.0,2024-10-07
21,Odisha,ODISHA,21.0,362,Khordha,KHORDHA,386.0,3034,Bolagad,,3034.0,2024-10-07
28,Andhra Pradesh,ANDHRA PRADESH,28.0,751,Palnadu,Palnadu,0.0,5061,Bollapalli,బొల్లాపల్లి,5061.0,2024-10-07
28,Andhra Pradesh,ANDHRA PRADESH,28.0,502,Ananthapuramu,అనంతపురము,553.0,5307,Bommanahal,,5307.0,2024-10-07
36,Telangana,తెలంగాణ,0.0,509,Khammam,ఖమ్మం,541.0,4765,Bonakal,బోనకల్,4765.0,2024-10-07
12,Arunachal Pradesh,ARUNACHAL PRADESH,12.0,238,Tawang,TAWANG,245.0,6557,Bongkhar Circle,Bongkhar Circle,0.0,2024-10-07
12,Arunachal Pradesh,ARUNACHAL PRADESH,12.0,239,Tirap,TIRAP,254.0,6594,Borduria Circle,Borduria,0.0,2024-10-07
22,Chhattisgarh,छत्तीसगढ़,22.0,378,Durg,दुर्ग,409.0,7330,Bori,बोरी,0.0,2024-10-07
13,Nagaland,NAGALAND,13.0,245,Kohima,KOHIMA,270.0,1846,Botsa,,1846.0,2024-10-07
21,Odisha,ODISHA,21.0,369,Puri,PURI,387.0,3067,Brahmagiri,,3067.0,2024-10-07
27,Maharashtra,महाराष्ट्र,27.0,473,Chandrapur,चंद्रपूर,509.0,4067,Brahmapuri,ब्रम्हपुरी,4067.0,2024-10-07
29,Karnataka,ಕರ್ನಾಟಕ,29.0,549,Udupi,ಉಡುಪಿ,569.0,7068,Brahmavara,ಬ್ರಹ್ಮಾವರ,0.0,2024-10-07
9,Uttar Pradesh,UTTAR PRADESH,9.0,172,Muzaffarnagar,MUZAFFARNAGAR,133.0,709,Budhana,,709.0,2024-10-07
21,Odisha,ODISHA,21.0,354,Ganjam,GANJAM,388.0,3072,Buguda,,3072.0,2024-10-07
9,Uttar Pradesh,UTTAR PRADESH,9.0,134,Bulandshahr,BULANDSHAHR,142.0,746,Bulandshahr,,746.0,2024-10-07
21,Odisha,ODISHA,21.0,347,Bargarh,BARGARH,370.0,2758,Burdenp.S.,,2758.0,2024-10-07
19,West Bengal,WEST BENGAL,19.0,306,Purba Bardhaman,PURBA BARDHAMAN,335.0,2290,Burdwan - II,,2290.0,2024-10-07
36,Telangana,తెలంగాణ,0.0,690,Bhadradri Kothagudem,భద్రాద్రి కొత్తగూడెం,0.0,4736,Burgampahad,బూర్గంపాడు,4736.0,2024-10-07
23,Madhya Pradesh,MADHYA PRADESH,23.0,429,Shahdol,शहडोल,460.0,6988,Burhar,बुढार,0.0,2024-10-07
29,Karnataka,ಕರ್ನಾಟಕ,29.0,540,Haveri,ಹಾವೇರಿ,564.0,5493,Byadgi,ಬ್ಯಾಡಗಿ,5493.0,2024-10-07
19,West Bengal,WEST BENGAL,19.0,304,South 24 Parganas,SOUTH 24 Parganas,343.0,2420,Canning - I,,2420.0,2024-10-07
18,Assam,ASSAM,18.0,286,Dibrugarh,DIBRUGARH,310.0,2065,Chabua,,2065.0,2024-10-07
2,Himachal Pradesh,HIMACHAL PRADESH,2.0,22,Mandi,MANDI,27.0,137,Chachyot,,137.0,2024-10-07
2,Himachal Pradesh,HIMACHAL PRADESH,2.0,18,Kangra,KANGRA,24.0,6897,Chadiyar,,0.0,2024-10-07
20,Jharkhand,झारखंड,20.0,331,Gumla,गुमला,366.0,2713,Chainpur,,2713.0,2024-10-07
9,Uttar Pradesh,UTTAR PRADESH,9.0,139,Etawah,ETAWAH,161.0,840,Chakarnagar,,840.0,2024-10-07
19,West Bengal,WEST BENGAL,19.0,320,Nadia,NADIA,336.0,2314,Chakdah,,2314.0,2024-10-07
20,Jharkhand,झारखंड,20.0,327,East Singhbum,पूर्वी सिंघभूम,357.0,2613,Chakulia,,2613.0,2024-10-07
22,Chhattisgarh,छत्तीसगढ़,22.0,649,Balrampur-Ramanujganj,बलरामपुर-रामानुजगंज,0.0,7340,Chalgali,चलगली,0.0,2024-10-07
27,Maharashtra,महाराष्ट्र,27.0,478,Jalgaon,जळगाव,499.0,3972,Chalisgaon,चाळीसगाव,3972.0,2024-10-07
18,Assam,ASSAM,18.0,291,Kamrup,KAMRUP,321.0,2122,Chamaria,,2122.0,2024-10-07
2,Himachal Pradesh,HIMACHAL PRADESH,2.0,16,Chamba,CHAMBA,23.0,90,Chamba,,90.0,2024-10-07
12,Arunachal Pradesh,ARUNACHAL PRADESH,12.0,677,Kra Daadi,KRA DAADI,0.0,1709,Chambang Circle,,1709.0,2024-10-07
22,Chhattisgarh,छत्तीसगढ़,22.0,379,Janjgir-Champa,जांजगीर - चाम्पा,405.0,3281,Champa,,3281.0,2024-10-07
23,Madhya Pradesh,MADHYA PRADESH,23.0,398,Chhatarpur,छ्तरपुर,425.0,3426,Chandla,चंदला,3426.0,2024-10-07
18,Assam,ASSAM,18.0,618,Kamrup Metro,KAMRUP MOHANAGAR,322.0,2131,Chandrapur,,2131.0,2024-10-07
27,Maharashtra,महाराष्ट्र,27.0,473,Chandrapur,चंद्रपूर,509.0,4071,Chandrapur,चंद्रपूर,4071.0,2024-10-07
20,Jharkhand,झारखंड,20.0,322,Bokaro,बोकारो,355.0,2589,Chandrapura,,2589.0,2024-10-07
28,Andhra Pradesh,ANDHRA PRADESH,28.0,517,Prakasam,PRAKASAM,549.0,5145,Chandra Sekhara Puram,,5145.0,2024-10-07
36,Telangana,తెలంగాణ,0.0,516,Nizamabad,నిజామాబాదు,533.0,6669,Chandur,చందూర్,0.0,2024-10-07
36,Telangana,తెలంగాణ,0.0,514,Nalgonda,నల్గొండ,539.0,4655,Chandur,చండూరు,4655.0,2024-10-07
27,Maharashtra,महाराष्ट्र,27.0,487,Nashik,नाशिक,516.0,4148,Chandvad,चांदवड,4148.0,2024-10-07
32,Kerala,KERALA,32.0,560,Kottayam,കോട്ടയം,597.0,5671,Changanassery,ചങ്ങനാശ്ശേരി,5671.0,2024-10-07
12,Arunachal Pradesh,ARUNACHAL PRADESH,12.0,229,Changlang,CHANGLANG,253.0,1671,Changlang Hq,Changlang HQ,1671.0,2024-10-07
13,Nagaland,NAGALAND,13.0,249,Tuensang,TUENSANG,267.0,1815,Chare,,1815.0,2024-10-07
18,Assam,ASSAM,18.0,301,Sonitpur,SONITPUR,306.0,2042,Chariduar,,2042.0,2024-10-07
28,Andhra Pradesh,ANDHRA PRADESH,28.0,506,Guntur,GUNTUR,548.0,5079,Chebrolu,,5079.0,2024-10-07
28,Andhra Pradesh,ANDHRA PRADESH,28.0,521,Vizianagaram,VIZIANAGARAM,543.0,4827,Cheepurupalli,Cheepurupalli,4827.0,2024-10-07
1,Jammu And Kashmir,JAMMU AND KASHMIR,1.0,14,Udhampur,UDHAMPUR,19.0,73,Chenani,,73.0,2024-10-07
18,Assam,ASSAM,18.0,280,Barpeta,BARPETA,303.0,2021,Chenga,,2021.0,2024-10-07
33,Tamil Nadu,TAMIL NADU,33.0,730,Chengalpattu,செங்கல்பட்டு,0.0,5706,Chengalpattu,,5706.0,2024-10-07
33,Tamil Nadu,TAMIL NADU,33.0,593,Tiruvannamalai,TIRUVANNAMALAI,606.0,5725,Chengam,,5725.0,2024-10-07
36,Telangana,తెలంగాణ,0.0,522,Warangal,వరంగల్,540.0,4712,Chennaraopet,చెన్నారావుపేట,4712.0,2024-10-07
32,Kerala,KERALA,32.0,554,Alappuzha,ആലപ്പുഴ,598.0,5673,Cherthala,ചേര്‍ത്തല,5673.0,2024-10-07
22,Chhattisgarh,छत्तीसगढ़,22.0,386,Raigarh,रायगढ़,403.0,7240,Chhal,छाल,0.0,2024-10-07
2,Himachal Pradesh,HIMACHAL PRADESH,2.0,22,Mandi,MANDI,27.0,6950,Chhatri,,0.0,2024-10-07
18,Assam,ASSAM,18.0,291,Kamrup,KAMRUP,321.0,2120,Chhaygaon,,2120.0,2024-10-07
21,Odisha,ODISHA,21.0,344,Anugul,ANUGUL,384.0,3014,Chhendipada,,3014.0,2024-10-07
23,Madhya Pradesh,MADHYA PRADESH,23.0,399,Chhindwara,छिन्दवाड़ा,455.0,3654,Chhindwara,छिंदवाड़ा,3654.0,2024-10-07
10,Bihar,BIHAR,10.0,191,Begusarai,बेगूसराय,222.0,1305,Chhorahi,छौड़ाही,1305.0,2024-10-07
24,Gujarat,GUJARAT,24.0,668,Chhotaudepur,CHHOTAUDEPUR,0.0,3901,Chhota Udaipur,,3901.0,2024-10-07
27,Maharashtra,महाराष्ट्र,27.0,472,Buldhana,बुलढाणा,500.0,3983,Chikhli,चिखली,3983.0,2024-10-07
28,Andhra Pradesh,ANDHRA PRADESH,28.0,748,Eluru,Eluru,0.0,4944,Chintalapudi,,4944.0,2024-10-07
29,Karnataka,ಕರ್ನಾಟಕ,29.0,630,Chikkaballapura,ಚಿಕ್ಕಬಳ್ಳಾಪುರ,582.0,5600,Chintamani,ಚಿಂತಾಮಣಿ,5600.0,2024-10-07
5,Uttarakhand,UTTARAKHAND,5.0,57,Uttar Kashi,UTTAR KASHI,56.0,282,Chinyali Saur,,282.0,2024-10-07
21,Odisha,ODISHA,21.0,364,Malkangiri,MALKANGIRI,399.0,3223,Chitrakonda,,3223.0,2024-10-07
28,Andhra Pradesh,ANDHRA PRADESH,28.0,752,Tirupati,Tirupati,0.0,5193,Chittamur,,5193.0,2024-10-07
13,Nagaland,NAGALAND,13.0,248,Phek,PHEK,266.0,1812,Chizami,,1812.0,2024-10-07
28,Andhra Pradesh,ANDHRA PRADESH,28.0,744,Anakapalli,Anakapalli,0.0,4872,Chodavaram,,4872.0,2024-10-07
8,Rajasthan,RAJASTHAN,8.0,90,Barmer,BARMER,115.0,584,Chohtan,,584.0,2024-10-07
36,Telangana,తెలంగాణ,0.0,508,Karimnagar,కరీంనగర్,534.0,4424,Choppadandi,చొప్పదండి,4424.0,2024-10-07
1,Jammu And Kashmir,JAMMU AND KASHMIR,1.0,5,Jammu,JAMMU,21.0,6703,Chowki Choura,Chowki Choura,0.0,2024-10-07
13,Nagaland,NAGALAND,13.0,250,Wokha,WOKHA,264.0,1791,Chukitong,,1791.0,2024-10-07
36,Telangana,తెలంగాణ,0.0,690,Bhadradri Kothagudem,భద్రాద్రి కొత్తగూడెం,0.0,6376,Chunchupalli,చుంచుపల్లి,0.0,2024-10-07
20,Jharkhand,झारखंड,20.0,332,Hazaribagh,हज़ारीबाग,360.0,2658,Churchu,,2658.0,2024-10-07
8,Rajasthan,RAJASTHAN,8.0,96,Churu,CHURU,102.0,484,Churu,,484.0,2024-10-07
21,Odisha,ODISHA,21.0,350,Cuttack,CUTTACK,381.0,2964,C.R.R.I.,,2964.0,2024-10-07
28,Andhra Pradesh,ANDHRA PRADESH,28.0,751,Palnadu,Palnadu,0.0,5045,Dachepalli,దాచేపల్లి,5045.0,2024-10-07
12,Arunachal Pradesh,ARUNACHAL PRADESH,12.0,239,Tirap,TIRAP,254.0,1687,Dadam Circle,Dadam,1687.0,2024-10-07
36,Telangana,తెలంగాణ,0.0,699,Kumuram Bheem Asifabad,కుమురం భీమ్ ఆసిఫాబాద్,0.0,4329,Dahegoan,దహెగాం,4329.0,2024-10-07
23,Madhya Pradesh,MADHYA PRADESH,23.0,403,Dhar,धार,438.0,3537,Dahi,दही,3537.0,2024-10-07
18,Assam,ASSAM,18.0,283,Darrang,DARRANG,325.0,2149,Dalgaon (Pt),,2149.0,2024-10-07
9,Uttar Pradesh,UTTAR PRADESH,9.0,175,Rae Bareli,RAE BARELI,158.0,827,Dalmau,,827.0,2024-10-07
10,Bihar,BIHAR,10.0,217,Samastipur,समस्तीपुर,221.0,1297,Dalsinghsarai,दलसिंघसराय,1297.0,2024-10-07
17,Meghalaya,MEGHALAYA,17.0,278,West Garo Hills,WEST GARO HILLS,293.0,1969,Dalu,,1969.0,2024-10-07
17,Meghalaya,MEGHALAYA,17.0,273,East Garo Hills,EAST GARO HILLS,294.0,1971,Dambo Rongjeng,,1971.0,2024-10-07
12,Arunachal Pradesh,ARUNACHAL PRADESH,12.0,230,Dibang Valley,DIBANG VALLEY,257.0,6591,Dambuen Circle,Dambuen Circle,0.0,2024-10-07
36,Telangana,తెలంగాణ,0.0,686,Hanumakonda,హనుమకొండ,0.0,6375,Damera,దామెర,0.0,2024-10-07
36,Telangana,తెలంగాణ,0.0,690,Bhadradri Kothagudem,భద్రాద్రి కొత్తగూడెం,0.0,4750,Dammapeta,దమ్మపేట,4750.0,2024-10-07
21,Odisha,ODISHA,21.0,363,Koraput,KORAPUT,398.0,3217,Damonjodi,,3217.0,2024-10-07
20,Jharkhand,झारखंड,20.0,328,Garhwa,गढ़वा,346.0,2506,Dandai,दंडई,2506.0,2024-10-07
10,Bihar,BIHAR,10.0,191,Begusarai,बेगूसराय,222.0,1317,Dandari,डंडारी,1317.0,2024-10-07
1,Jammu And Kashmir,JAMMU AND KASHMIR,1.0,3,Baramulla,BARAMULLA,8.0,6827,Dangarpora,,0.0,2024-10-07
10,Bihar,BIHAR,10.0,212,Patna,पटना,230.0,1412,Daniawan,दनियावा,1412.0,2024-10-07
36,Telangana,తెలంగాణ,0.0,688,Mahabubabad,మహబుబాబాద్,0.0,6255,Danthalapalle,దంతాలపల్లి,0.0,2024-10-07
10,Bihar,BIHAR,10.0,195,Darbhanga,दरभंगा,215.0,1184,Darbhanga,दरभंगा,1184.0,2024-10-07
2,Himachal Pradesh,HIMACHAL PRADESH,2.0,25,Solan,SOLAN,31.0,159,Darlaghat,,159.0,2024-10-07
27,Maharashtra,महाराष्ट्र,27.0,500,Yavatmal,यवतमाळ,510.0,4083,Darwha,धारवा,4083.0,2024-10-07
24,Gujarat,GUJARAT,24.0,460,Surendranagar,SURENDRANAGAR,475.0,3790,Dasada,,3790.0,2024-10-07
27,Maharashtra,महाराष्ट्र,27.0,490,Pune,पुणे,521.0,4195,Daund,दौंड,4195.0,2024-10-07
9,Uttar Pradesh,UTTAR PRADESH,9.0,134,Bulandshahr,BULANDSHAHR,142.0,749,Debai,,749.0,2024-10-07
8,Rajasthan,RAJASTHAN,8.0,767,Deeg,डीग,,508,Deeg,,508.0,2024-10-07
24,Gujarat,GUJARAT,24.0,441,Banas Kantha,BANAS KANTHA,469.0,3740,Deesa,,3740.0,2024-10-07
7,Delhi,DELHI,7.0,670,South East,SOUTH EAST,0.0,455,Defence Colony,,455.0,2024-10-07
19,West Bengal,WEST BENGAL,19.0,303,North 24 Parganas,NORTH TWENTY FOUR PARGANAS,337.0,2327,Deganga,,2327.0,2024-10-07
2,Himachal Pradesh,HIMACHAL PRADESH,2.0,22,Mandi,MANDI,27.0,6949,Dehar,,0.0,2024-10-07
24,Gujarat,GUJARAT,24.0,446,Gandhinagar,GANDHINAGAR,473.0,3776,Dehgam,,3776.0,2024-10-07
17,Meghalaya,MEGHALAYA,17.0,278,West Garo Hills,WEST GARO HILLS,293.0,6546,Demdema,Demdema,0.0,2024-10-07
10,Bihar,BIHAR,10.0,189,Aurangabad,औरंगाबाद,235.0,1485,Deo,देव,1485.0,2024-10-07
9,Uttar Pradesh,UTTAR PRADESH,9.0,177,Saharanpur,SAHARANPUR,132.0,704,Deoband,,704.0,2024-10-07
8,Rajasthan,RAJASTHAN,8.0,112,Rajsamand,RAJSAMAND,123.0,640,Deogarh,,640.0,2024-10-07
8,Rajasthan,RAJASTHAN,8.0,116,Tonk,TONK,120.0,620,Deoli,,620.0,2024-10-07
12,Arunachal Pradesh,ARUNACHAL PRADESH,12.0,239,Tirap,TIRAP,254.0,1684,Deomali Adc,Deomali,1684.0,2024-10-07
27,Maharashtra,महाराष्ट्र,27.0,481,Latur,लातूर,524.0,4234,Deoni,देवनी,4234.0,2024-10-07
21,Odisha,ODISHA,21.0,360,Kendrapara,KENDRAPARA,379.0,2930,Derabish,,2930.0,2024-10-07
8,Rajasthan,RAJASTHAN,8.0,111,Pali,PALI,118.0,603,Desuri,,603.0,2024-10-07
29,Karnataka,ಕರ್ನಾಟಕ,29.0,526,Bengaluru Rural,ಬೆಂಗಳೂರು ಗ್ರಾಮಾಂತರ,583.0,5603,Devanahalli,ದೇವನಹಳ್ಳಿ,5603.0,2024-10-07
29,Karnataka,ಕರ್ನಾಟಕ,29.0,530,Vijayapura,ವಿಜಯಾಪುರ,557.0,7071,Devara Hipparagi,,0.0,2024-10-07
28,Andhra Pradesh,ANDHRA PRADESH,28.0,505,East Godavari,EAST GODAVARI,545.0,4957,Devarapalle,,4957.0,2024-10-07
24,Gujarat,GUJARAT,24.0,445,Dahod,DAHOD,485.0,3895,Devgadbaria,,3895.0,2024-10-07
23,Madhya Pradesh,MADHYA PRADESH,23.0,402,Dewas,देवास,437.0,3526,Dewas,देवास,3526.0,2024-10-07
10,Bihar,BIHAR,10.0,213,Purbi Champaran,पूर्वी चंपारण,204.0,1039,Dhaka,ढाका,1039.0,2024-10-07
21,Odisha,ODISHA,21.0,371,Sambalpur,SAMBALPUR,372.0,2795,Dhama,,2795.0,2024-10-07
21,Odisha,ODISHA,21.0,348,Bhadrak,BHADRAK,378.0,2921,Dhamara Marine,,2921.0,2024-10-07
20,Jharkhand,झारखंड,20.0,325,Dhanbad,धनबाद,354.0,2584,Dhanbad-Cum-Kenduadih-Cum-Jagata,धनबाद,2584.0,2024-10-07
6,Haryana,HARYANA,6.0,66,Kaithal,KAITHAL,73.0,6448,Dhand St,ढांड,0.0,2024-10-07
27,Maharashtra,महाराष्ट्र,27.0,475,Gadchiroli,गडचिरोली,508.0,4056,Dhanora,धानोरा,4056.0,2024-10-07
23,Madhya Pradesh,MADHYA PRADESH,23.0,428,Seoni,सिवनी,456.0,3662,Dhanora,धनोरा,3662.0,2024-10-07
24,Gujarat,GUJARAT,24.0,672,Arvalli,,0.0,3770,Dhansura,,3770.0,2024-10-07
20,Jharkhand,झारखंड,20.0,329,Giridih,गिरिडीह,349.0,2535,Dhanwar,धनवार,2535.0,2024-10-07
10,Bihar,BIHAR,10.0,207,Munger,मुंगेर,226.0,1359,Dharhara,धरहरा,1359.0,2024-10-07
29,Karnataka,ಕರ್ನಾಟಕ,29.0,536,Dharwad,ಧಾರವಾಡ,562.0,5473,Dharwad,ಧಾರವಾಡ,5473.0,2024-10-07
2,Himachal Pradesh,HIMACHAL PRADESH,2.0,17,Hamirpur,HAMIRPUR,28.0,145,Dhatwal,,145.0,2024-10-07
9,Uttar Pradesh,UTTAR PRADESH,9.0,159,Kheri,KHERI,153.0,802,Dhaurahara,,802.0,2024-10-07
10,Bihar,BIHAR,10.0,208,Muzaffarpur,मुजफ्फरपुर,216.0,1211,Dholi (Moraul),ढोली (मुरौल),1211.0,2024-10-07
5,Uttarakhand,UTTARAKHAND,5.0,52,Pauri Garhwal,PAURI GARHWAL,61.0,309,Dhoomakot,,309.0,2024-10-07
18,Assam,ASSAM,18.0,285,Dhubri,DHUBURI,301.0,6014,Dhubri,Dhubri,2008.0,2024-10-07
20,Jharkhand,झारखंड,20.0,328,Garhwa,गढ़वा,346.0,2504,Dhurki,धुरकी,2504.0,2024-10-07
21,Odisha,ODISHA,21.0,348,Bhadrak,BHADRAK,378.0,2918,Dhusuri,,2918.0,2024-10-07
35,Andaman And Nicobar Islands,ANDAMAN AND NICOBAR ISLANDS,35.0,632,North And Middle Andaman,NORTH AND MIDDLE ANDAMAN,639.0,5919,Diglipur,,5919.0,2024-10-07
8,Rajasthan,RAJASTHAN,8.0,109,Kota,KOTA,127.0,666,Digod,,666.0,2024-10-07
27,Maharashtra,महाराष्ट्र,27.0,500,Yavatmal,यवतमाळ,510.0,4084,Digras,दिग्रस,4084.0,2024-10-07
13,Nagaland,NAGALAND,13.0,244,Dimapur,DIMAPUR,265.0,1796,Dimapur Sadar,,1796.0,2024-10-07
27,Maharashtra,महाराष्ट्र,27.0,495,Sindhudurg,सिंधुदुर्ग,529.0,4282,Dodamarg,दोडामार्ग,4282.0,2024-10-07
12,Arunachal Pradesh,ARUNACHAL PRADESH,12.0,237,Papum Pare,PAPUM PARE,248.0,1598,Doimukh Sdo,,1598.0,2024-10-07
23,Madhya Pradesh,MADHYA PRADESH,23.0,409,Narmadapuram,नर्मदापुरम,449.0,3615,Dolariya,डोलरिया,3615.0,2024-10-07
12,Arunachal Pradesh,ARUNACHAL PRADESH,12.0,718,Kamle,KAMLE,0.0,1701,Dollungmukh Circle,Dollungmukh Circle,1701.0,2024-10-07
36,Telangana,తెలంగాణ,0.0,698,Vikarabad,వికారాబాద్,0.0,4537,Doma,దోమ(M),4537.0,2024-10-07
22,Chhattisgarh,छत्तीसगढ़,22.0,388,Rajnandgaon,राजनंदगांव,408.0,3307,Dongargaon,,3307.0,2024-10-07
18,Assam,ASSAM,18.0,710,West Karbi Anglong,,0.0,2088,Donka,,2088.0,2024-10-07
18,Assam,ASSAM,18.0,302,Tinsukia,TINSUKIA,309.0,2060,Doom Dooma,,2060.0,2024-10-07
21,Odisha,ODISHA,21.0,370,Rayagada,RAYAGADA,396.0,3180,Doraguda,,3180.0,2024-10-07
9,Uttar Pradesh,UTTAR PRADESH,9.0,184,Sonbhadra,SONBHADRA,200.0,1006,Dudhi,,1006.0,2024-10-07
18,Assam,ASSAM,18.0,287,Goalpara,GOALPARA,302.0,2016,Dudhnai,,2016.0,2024-10-07
36,Telangana,తెలంగాణ,0.0,522,Warangal,వరంగల్,540.0,4693,Duggondi,దుగ్గొండి,4693.0,2024-10-07
22,Chhattisgarh,छत्तीसगढ़,22.0,380,Jashpur,जशपुर,402.0,3260,Duldula,दुलदुला,3260.0,2024-10-07
19,West Bengal,WEST BENGAL,19.0,704,Paschim Bardhaman,PASCHIM BARDHAMAN,0.0,2274,Durgapur Faridpur,দুর্গাপুর ফরিদপুর,2274.0,2024-10-07
10,Bihar,BIHAR,10.0,200,Kaimur (Bhabua),कैमूर ( भभुआ ),233.0,1450,Durgawati,दुर्गावती,1450.0,2024-10-07
22,Chhattisgarh,छत्तीसगढ़,22.0,381,Uttar Bastar Kanker,उत्तर बस्तर कांकेर,413.0,3350,Durgkondal,,3350.0,2024-10-07
33,Tamil Nadu,TAMIL NADU,33.0,568,Chennai,CHENNAI,603.0,7164,Egmore,எழும்பூர்,0.0,2024-10-07
10,Bihar,BIHAR,10.0,209,Nalanda,नालंदा,229.0,1391,Ekangarsarai,एकंगरसराय,1391.0,2024-10-07
19,West Bengal,WEST BENGAL,19.0,316,Malda,MALDA,332.0,2218,English Bazar,,2218.0,2024-10-07
20,Jharkhand,झारखंड,20.0,606,Khunti,खूंटी,365.0,2705,Erki(Tamar Ii),,2705.0,2024-10-07
32,Kerala,KERALA,32.0,562,Malappuram,മലപ്പുറം,592.0,5641,Ernad,ഏറനാട്,5641.0,2024-10-07
19,West Bengal,WEST BENGAL,19.0,664,Alipurduar,,0.0,2175,Falakata,,2175.0,2024-10-07
10,Bihar,BIHAR,10.0,201,Katihar,कटिहार,212.0,1142,Falka,फलका,1142.0,2024-10-07
9,Uttar Pradesh,UTTAR PRADESH,9.0,141,Farrukhabad,FARRUKHABAD,159.0,832,Farrukhabad,,832.0,2024-10-07
6,Haryana,HARYANA,6.0,61,Fatehabad,FATEHABAD,78.0,388,Fatehabad,,388.0,2024-10-07
9,Uttar Pradesh,UTTAR PRADESH,9.0,129,Bara Banki,BARA BANKI,176.0,896,Fatehpur,,896.0,2024-10-07
6,Haryana,HARYANA,6.0,66,Kaithal,KAITHAL,73.0,369,Fatehpur Pundri,,369.0,2024-10-07
35,Andaman And Nicobar Islands,ANDAMAN AND NICOBAR ISLANDS,35.0,602,South Andamans,SOUTH ANDAMANS,640.0,5922,Ferrargunj,,5922.0,2024-10-07
22,Chhattisgarh,छत्तीसगढ़,22.0,645,Gariyaband,गरियाबंद,0.0,7343,Fingeshwar,फिंगेश्वर,0.0,2024-10-07
3,Punjab,PUNJAB,3.0,31,Ferozepur,FEROZEPUR,43.0,235,Firozpur,,235.0,2024-10-07
1,Jammu And Kashmir,JAMMU AND KASHMIR,1.0,622,Kulgam,KULGAM,15.0,6780,Frisal,Frisal,0.0,2024-10-07
28,Andhra Pradesh,ANDHRA PRADESH,28.0,749,Ntr,NTR,0.0,5006,Gaddamanugu Konduru,గడ్డమనుగు కొండూరు,5006.0,2024-10-07
24,Gujarat,GUJARAT,24.0,676,Botad,BOTAD,0.0,3852,Gadhada,,3852.0,2024-10-07
36,Telangana,తెలంగాణ,0.0,501,Adilabad,ఆదిలాబాద్,532.0,6225,Gadiguda,గాదిగూడ,0.0,2024-10-07
27,Maharashtra,महाराष्ट्र,27.0,480,Kolhapur,कोल्हापूर,530.0,4288,Gaganbawada,गगनबावडा,4288.0,2024-10-07
28,Andhra Pradesh,ANDHRA PRADESH,28.0,520,Visakhapatnam,విశాఖపట్నం,544.0,4869,Gajuwaka,,4869.0,2024-10-07
24,Gujarat,GUJARAT,24.0,450,Kheda,KHEDA,483.0,6025,Galteshwar,ગલતેશ્વર,0.0,2024-10-07
8,Rajasthan,RAJASTHAN,8.0,99,Dungarpur,DUNGARPUR,124.0,7138,Gamdi Ahada,गामडी अहाड़ा,0.0,2024-10-07
22,Chhattisgarh,छत्तीसगढ़,22.0,759,Khairagarh-Chhuikhadan-Gandai,खैरागढ़-छुईखदान-गंडई,0.0,7264,Gandai,गंडई,0.0,2024-10-07
28,Andhra Pradesh,ANDHRA PRADESH,28.0,746,Kakinada,Kakinada,0.0,4904,Gandepalli,Gandepalli,4904.0,2024-10-07
20,Jharkhand,झारखंड,20.0,329,Giridih,गिरिडीह,349.0,2538,Gandey,गाण्डेय,2538.0,2024-10-07
7,Delhi,DELHI,7.0,78,East,EAST,93.0,439,Gandhi Nagar,,439.0,2024-10-07
23,Madhya Pradesh,MADHYA PRADESH,23.0,403,Dhar,धार,438.0,3535,Gandhwani,गंधवानी,3535.0,2024-10-07
36,Telangana,తెలంగాణ,0.0,700,Medchal Malkajgiri,మేడ్చల్ మల్కాజిగిరి,0.0,6316,Gandimaisamma Dundigal,గండిమైసమ్మ దుండిగల్,0.0,2024-10-07
36,Telangana,తెలంగాణ,0.0,508,Karimnagar,కరీంనగర్,534.0,4422,Gangadhara,గంగాధర,4422.0,2024-10-07
22,Chhattisgarh,छत्तीसगढ़,22.0,636,Bijapur,बीजापुर,417.0,7263,Gangaloor,गंगालूर,0.0,2024-10-07
21,Odisha,ODISHA,21.0,354,Ganjam,GANJAM,388.0,3075,Gangapur,,3075.0,2024-10-07
33,Tamil Nadu,TAMIL NADU,33.0,584,Salem,SALEM,608.0,5744,Gangavalli,,5744.0,2024-10-07
8,Rajasthan,RAJASTHAN,8.0,95,Chittorgarh,CHITTORGARH,126.0,656,Gangrar,,656.0,2024-10-07
28,Andhra Pradesh,ANDHRA PRADESH,28.0,521,Vizianagaram,VIZIANAGARAM,543.0,4830,Gantyada,,4830.0,2024-10-07
9,Uttar Pradesh,UTTAR PRADESH,9.0,153,Jhansi,JHANSI,166.0,857,Garautha,,857.0,2024-10-07
19,West Bengal,WEST BENGAL,19.0,318,Paschim Medinipur,PASCHIM MEDINIPUR,344.0,2445,Garbeta - III,,2445.0,2024-10-07
9,Uttar Pradesh,UTTAR PRADESH,9.0,661,Hapur,HAPUR,0.0,741,Garhmukteshwar,,741.0,2024-10-07
28,Andhra Pradesh,ANDHRA PRADESH,28.0,521,Vizianagaram,VIZIANAGARAM,543.0,4826,Garividi,,4826.0,2024-10-07
24,Gujarat,GUJARAT,24.0,452,Narmada,NARMADA,487.0,6029,Garudeshwar,ગરૂડેશ્વર,0.0,2024-10-07
6,Haryana,HARYANA,6.0,60,Faridabad,FARIDABAD,88.0,6416,Gaunchi St,गौन्च्छी,0.0,2024-10-07
9,Uttar Pradesh,UTTAR PRADESH,9.0,640,Amethi,Amethi,0.0,913,Gauriganj,,913.0,2024-10-07
20,Jharkhand,झारखंड,20.0,329,Giridih,गिरिडीह,349.0,2532,Gawan,गावां,2532.0,2024-10-07
10,Bihar,BIHAR,10.0,196,Gaya,गया,236.0,1495,Gaya Town C.D.Block,,1495.0,2024-10-07
5,Uttarakhand,UTTARAKHAND,5.0,47,Chamoli,CHAMOLI,57.0,6343,Ghaat,,0.0,2024-10-07
21,Odisha,ODISHA,21.0,365,Mayurbhanj,MAYURBHANJ,376.0,2869,Ghagarbeda,,2869.0,2024-10-07
36,Telangana,తెలంగాణ,0.0,693,Wanaparthy,వనపర్తి,0.0,4585,Ghanpur,ఘనపూర్,4585.0,2024-10-07
23,Madhya Pradesh,MADHYA PRADESH,23.0,428,Seoni,सिवनी,456.0,3661,Ghansaur,घंसौर,3661.0,2024-10-07
8,Rajasthan,RAJASTHAN,8.0,117,Udaipur,UDAIPUR,130.0,7377,Ghasa,घासा,0.0,2024-10-07
19,West Bengal,WEST BENGAL,19.0,318,Paschim Medinipur,PASCHIM MEDINIPUR,344.0,2448,Ghatal,,2448.0,2024-10-07
9,Uttar Pradesh,UTTAR PRADESH,9.0,157,Kanpur Nagar,KANPUR NAGAR,164.0,850,Ghatampur,,850.0,2024-10-07
13,Nagaland,NAGALAND,13.0,251,Zunheboto,ZUNHEBOTO,263.0,1776,Ghathashi,,1776.0,2024-10-07
23,Madhya Pradesh,MADHYA PRADESH,23.0,407,Gwalior,ग्वालियर,421.0,7026,Ghatigaon,घाटीगांव,0.0,2024-10-07
8,Rajasthan,RAJASTHAN,8.0,88,Banswara,BANSWARA,125.0,650,Ghatol,,650.0,2024-10-07
10,Bihar,BIHAR,10.0,213,Purbi Champaran,पूर्वी चंपारण,204.0,1038,Ghorasahan,घोडासहन,1038.0,2024-10-07
2,Himachal Pradesh,HIMACHAL PRADESH,2.0,15,Bilaspur,BILASPUR,30.0,152,Ghumarwin,,152.0,2024-10-07
22,Chhattisgarh,छत्तीसगढ़,22.0,388,Rajnandgaon,राजनंदगांव,408.0,7352,Ghumka,घुमका,0.0,2024-10-07
23,Madhya Pradesh,MADHYA PRADESH,23.0,398,Chhatarpur,छ्तरपुर,425.0,3432,Ghuwara,घुवारा,3432.0,2024-10-07
12,Arunachal Pradesh,ARUNACHAL PRADESH,12.0,241,Upper Subansiri,UPPER SUBANSIRI,249.0,1613,Giba Circle,Giba Circle,1613.0,2024-10-07
28,Andhra Pradesh,ANDHRA PRADESH,28.0,517,Prakasam,PRAKASAM,549.0,5133,Giddalur,,5133.0,2024-10-07
8,Rajasthan,RAJASTHAN,8.0,117,Udaipur,UDAIPUR,130.0,689,Girwa,,689.0,2024-10-07
19,West Bengal,WEST BENGAL,19.0,311,Uttar Dinajpur,UTTAR DINAJPUR,330.0,2194,Goalpokher - II,গোয়ালপোখের - 2,2194.0,2024-10-07
10,Bihar,BIHAR,10.0,210,Nawada,नवादा,237.0,1518,Gobindpur,गोविंदपुर,1518.0,2024-10-07
19,West Bengal,WEST BENGAL,19.0,312,Hooghly,HOOGHLY,338.0,2338,Goghat - I,,2338.0,2024-10-07
23,Madhya Pradesh,MADHYA PRADESH,23.0,421,Raisen,रायसेन,446.0,3593,Goharganj,गोहरगंज,3593.0,2024-10-07
23,Madhya Pradesh,MADHYA PRADESH,23.0,429,Shahdol,शहडोल,460.0,6979,Gohparu,गोह्पारू,0.0,2024-10-07
28,Andhra Pradesh,ANDHRA PRADESH,28.0,746,Kakinada,Kakinada,0.0,4902,Gollaprolu,,4902.0,2024-10-07
20,Jharkhand,झारखंड,20.0,322,Bokaro,बोकारो,355.0,2591,Gomia,गोमिया,2591.0,2024-10-07
27,Maharashtra,महाराष्ट्र,27.0,476,Gondia,गोंदीया,507.0,4046,Gondiya,गोंदिया,4046.0,2024-10-07
1,Jammu And Kashmir,JAMMU AND KASHMIR,1.0,621,Ramban,RAMBAN,17.0,6763,Gool,Gool,0.0,2024-10-07
21,Odisha,ODISHA,21.0,354,Ganjam,GANJAM,388.0,3094,Gopalpur,,3094.0,2024-10-07
19,West Bengal,WEST BENGAL,19.0,703,Jhargram,Jhargram,0.0,2457,Gopiballavpur - I,,2457.0,2024-10-07
18,Assam,ASSAM,18.0,291,Kamrup,KAMRUP,321.0,2121,Goroimari,,2121.0,2024-10-07
18,Assam,ASSAM,18.0,294,Kokrajhar,KOKRAJHAR,300.0,2001,Gossaigaon (Pt),,2001.0,2024-10-07
23,Madhya Pradesh,MADHYA PRADESH,23.0,418,Narsimhapur,नरसिंहपुर,452.0,3634,Gotegaon,गोटेगांव,3634.0,2024-10-07
36,Telangana,తెలంగాణ,0.0,720,Mulugu,ములుగు,0.0,4688,Govindaraopet,గోవిందరావుపేట,4688.0,2024-10-07
8,Rajasthan,RAJASTHAN,8.0,87,Alwar,ALWAR,104.0,6383,Govindgarh,गोविन्दगढ़,0.0,2024-10-07
28,Andhra Pradesh,ANDHRA PRADESH,28.0,510,Krishna,KRISHNA,547.0,5021,Gudivada,,5021.0,2024-10-07
28,Andhra Pradesh,ANDHRA PRADESH,28.0,515,Sri Potti Sriramulu Nellore,శ్రీ పొట్టి శ్రీరాములు నెల్లూరు,550.0,5151,Gudluru,,5151.0,2024-10-07
20,Jharkhand,झारखंड,20.0,343,West Singhbhum,पश्चिमी सिंघभूम,368.0,2729,Gudri,गुदड़ी,2729.0,2024-10-07
23,Madhya Pradesh,MADHYA PRADESH,23.0,430,Shajapur,शाजापुर,436.0,3520,Gulana,गुलाना,3520.0,2024-10-07
20,Jharkhand,झारखंड,20.0,327,East Singhbum,पूर्वी सिंघभूम,357.0,2612,Gurbandha,,2612.0,2024-10-07
11,Sikkim,SIKKIM,11.0,228,Gyalshing,Gyalshing,242.0,1549,Gyalshing,,1549.0,2024-10-07
19,West Bengal,WEST BENGAL,19.0,316,Malda,MALDA,332.0,2216,Habibpur,,2216.0,2024-10-07
19,West Bengal,WEST BENGAL,19.0,303,North 24 Parganas,NORTH TWENTY FOUR PARGANAS,337.0,2320,Habra - I,,2320.0,2024-10-07
18,Assam,ASSAM,18.0,299,Dima Hasao,DIMA HASAO,315.0,2093,Haflong,,2093.0,2024-10-07
1,Jammu And Kashmir,JAMMU AND KASHMIR,1.0,623,Bandipora,BANDIPORA,9.0,6811,Hajin,Hajin,0.0,2024-10-07
18,Assam,ASSAM,18.0,291,Kamrup,KAMRUP,321.0,2119,Hajo,,2119.0,2024-10-07
2,Himachal Pradesh,HIMACHAL PRADESH,2.0,17,Hamirpur,HAMIRPUR,28.0,143,Hamirpur,,143.0,2024-10-07
9,Uttar Pradesh,UTTAR PRADESH,9.0,120,Prayagraj,PRAYAGRAJ,175.0,893,Handia,,893.0,2024-10-07
1,Jammu And Kashmir,JAMMU AND KASHMIR,1.0,8,Kupwara,KUPWARA,1.0,2,Handwara,,2.0,2024-10-07
29,Karnataka,ಕರ್ನಾಟಕ,29.0,540,Haveri,ಹಾವೇರಿ,564.0,5491,Hangal,ಹಾನಗಲ್‌,5491.0,2024-10-07
6,Haryana,HARYANA,6.0,63,Hisar,HISAR,80.0,396,Hansi,,396.0,2024-10-07
23,Madhya Pradesh,MADHYA PRADESH,23.0,766,MAUGANJ,मऊगंज,,3476,Hanumana,हनुमना,3476.0,2024-10-07
29,Karnataka,ಕರ್ನಾಟಕ,29.0,531,Chamarajanagara,ಚಾಮರಾಜನಗರ,578.0,7077,Hanur,,0.0,2024-10-07
36,Telangana,తెలంగాణ,0.0,512,Mahabubnagar,మహబూబ్ నగర్,538.0,4555,Hanwada,హన్వాడ,4555.0,2024-10-07
14,Manipur,MANIPUR,14.0,714,Noney,NONEY,0.0,6039,Haochong,,0.0,2024-10-07
21,Odisha,ODISHA,21.0,361,Kendujhar,KENDUJHAR,375.0,2851,Harichandanpur,,2851.0,2024-10-07
19,West Bengal,WEST BENGAL,19.0,310,Dakshin Dinajpur,DAKSHIN DINAJPUR,331.0,2207,Harirampur,,2207.0,2024-10-07
10,Bihar,BIHAR,10.0,209,Nalanda,नालंदा,229.0,1380,Harnaut,हरनौत,1380.0,2024-10-07
2,Himachal Pradesh,HIMACHAL PRADESH,2.0,26,Una,UNA,29.0,151,Haroli,,151.0,2024-10-07
9,Uttar Pradesh,UTTAR PRADESH,9.0,131,Basti,BASTI,185.0,938,Harraiya,,938.0,2024-10-07
8,Rajasthan,RAJASTHAN,8.0,770,Khairthal-Tijara,खैरथल-तिजारा,,7208,Harsauli,हरसौली,0.0,2024-10-07
23,Madhya Pradesh,MADHYA PRADESH,23.0,405,Khandwa (East Nimar),खण्डवा (पूर्व निमाड़),466.0,3714,Harsud,हरसूद,3714.0,2024-10-07
10,Bihar,BIHAR,10.0,201,Katihar,कटिहार,212.0,1144,Hasanganj,हसनगंज,1144.0,2024-10-07
6,Haryana,HARYANA,6.0,619,Palwal,,89.0,6478,Hassanpur St,हसनपुर,0.0,2024-10-07
9,Uttar Pradesh,UTTAR PRADESH,9.0,160,Kushinagar,KUSHINAGAR,189.0,956,Hata,,956.0,2024-10-07
9,Uttar Pradesh,UTTAR PRADESH,9.0,163,Hathras,HATHRAS,144.0,759,Hathras,,759.0,2024-10-07
20,Jharkhand,झारखंड,20.0,335,Latehar,लातेहार,359.0,2642,Herhanj,हेरहंज,2642.0,2024-10-07
10,Bihar,BIHAR,10.0,209,Nalanda,नालंदा,229.0,1390,Hilsa,हिलसा,1390.0,2024-10-07
36,Telangana,తెలంగాణ,0.0,507,Hyderabad,హైదరాబాద్,536.0,4503,Himayatnagar,హిమాయత్ నగర్,4503.0,2024-10-07
21,Odisha,ODISHA,21.0,352,Dhenkanal,DHENKANAL,383.0,2997,Hindol,,2997.0,2024-10-07
21,Odisha,ODISHA,21.0,354,Ganjam,GANJAM,388.0,3090,Hinjili,,3090.0,2024-10-07
28,Andhra Pradesh,ANDHRA PRADESH,28.0,519,Srikakulam,SRIKAKULAM,542.0,4783,Hiramandalam,,4783.0,2024-10-07
28,Andhra Pradesh,ANDHRA PRADESH,28.0,511,Kurnool,KURNOOL,552.0,5272,Holagunda,,5272.0,2024-10-07
29,Karnataka,ಕರ್ನಾಟಕ,29.0,529,Bidar,ಬೀದರ್‌,558.0,5458,Homnabad,ಹುಮನಾಬಾದ,5458.0,2024-10-07
29,Karnataka,ಕರ್ನಾಟಕ,29.0,545,Mysuru,ಮೈಸೂರು,577.0,5570,Hunsur,ಹುಣಸೂರು,5570.0,2024-10-07
19,West Bengal,WEST BENGAL,19.0,321,Purulia,PURULIA,340.0,2386,Hura,,2386.0,2024-10-07
8,Rajasthan,RAJASTHAN,8.0,92,Bhilwara,BHILWARA,122.0,628,Hurda,,628.0,2024-10-07
20,Jharkhand,झारखंड,20.0,338,Palamu,पलामू,358.0,2615,Hussainabad,,2615.0,2024-10-07
28,Andhra Pradesh,ANDHRA PRADESH,28.0,749,Ntr,NTR,0.0,5009,Ibrahimpatnam,,5009.0,2024-10-07
36,Telangana,తెలంగాణ,0.0,501,Adilabad,ఆదిలాబాద్,532.0,4322,Ichoda,ఇచ్చోడ,4322.0,2024-10-07
24,Gujarat,GUJARAT,24.0,458,Sabar Kantha,SABAR KANTHA,472.0,3763,Idar,,3763.0,2024-10-07
36,Telangana,తెలంగాణ,0.0,695,Jogulamba Gadwal,జోగులాంబ గద్వాల,0.0,4606,Ieeja,అయిజ,4606.0,2024-10-07
33,Tamil Nadu,TAMIL NADU,33.0,585,Sivaganga,SIVAGANGA,622.0,5834,Ilayangudi,,5834.0,2024-10-07
19,West Bengal,WEST BENGAL,19.0,307,Birbhum,BIRBHUM,334.0,2265,Illambazar,,2265.0,2024-10-07
2,Himachal Pradesh,HIMACHAL PRADESH,2.0,18,Kangra,KANGRA,24.0,94,Indora,,94.0,2024-10-07
19,West Bengal,WEST BENGAL,19.0,305,Bankura,BANKURA,339.0,2360,Indpur,,2360.0,2024-10-07
23,Madhya Pradesh,MADHYA PRADESH,23.0,391,Ashoknagar,अशोकनगर,459.0,3684,Isagarh,ईसागढ़,3684.0,2024-10-07
6,Haryana,HARYANA,6.0,68,Kurukshetra,KURUKSHETRA,72.0,6453,Ismailabad St,इस्माईलाबाद,0.0,2024-10-07
10,Bihar,BIHAR,10.0,192,Bhagalpur,भागलपुर,224.0,1337,Ismailpur,इस्‍माईलपुर,1337.0,2024-10-07
19,West Bengal,WEST BENGAL,19.0,311,Uttar Dinajpur,UTTAR DINAJPUR,330.0,2199,Itahar,,2199.0,2024-10-07
36,Telangana,తెలంగాణ,0.0,512,Mahabubnagar,మహబూబ్ నగర్,538.0,4567,Jadcherla,జడ్చర్ల,4567.0,2024-10-07
6,Haryana,HARYANA,6.0,76,Yamunanagar,YAMUNANAGAR,71.0,361,Jagadhri,,361.0,2024-10-07
21,Odisha,ODISHA,21.0,350,Cuttack,CUTTACK,381.0,2961,Jagatpur,,2961.0,2024-10-07
22,Chhattisgarh,छत्तीसगढ़,22.0,374,Bastar,बस्तर,414.0,3360,Jagdalpur,,3360.0,2024-10-07
20,Jharkhand,झारखंड,20.0,334,Koderma,कोडरमा,348.0,2529,Jainagar,जयनगर,2529.0,2024-10-07
36,Telangana,తెలంగాణ,0.0,684,Mancherial,మంచిర్యాల్,0.0,4355,Jaipur,జైపూర్,4355.0,2024-10-07
2,Himachal Pradesh,HIMACHAL PRADESH,2.0,18,Kangra,KANGRA,24.0,110,Jaisinghpur,,110.0,2024-10-07
6,Haryana,HARYANA,6.0,61,Fatehabad,FATEHABAD,78.0,6438,Jakhal St,जाखल,0.0,2024-10-07
13,Nagaland,NAGALAND,13.0,245,Kohima,KOHIMA,270.0,1848,Jakhama,,1848.0,2024-10-07
21,Odisha,ODISHA,21.0,356,Jajapur,JAJAPUR,382.0,2973,Jakhapura,,2973.0,2024-10-07
18,Assam,ASSAM,18.0,616,Baksa,,324.0,2140,Jalah (Pt),,2140.0,2024-10-07
10,Bihar,BIHAR,10.0,214,Purnia,पूर्णिया,211.0,1137,Jalalgarh,जलालगढ,1137.0,2024-10-07
5,Uttarakhand,UTTARAKHAND,5.0,45,Almora,ALMORA,64.0,6340,Jalali,,0.0,2024-10-07
9,Uttar Pradesh,UTTAR PRADESH,9.0,151,Jalaun,JALAUN,165.0,852,Jalaun,,852.0,2024-10-07
2,Himachal Pradesh,HIMACHAL PRADESH,2.0,23,Shimla,SHIMLA,33.0,6961,Jalog,,0.0,2024-10-07
28,Andhra Pradesh,ANDHRA PRADESH,28.0,519,Srikakulam,SRIKAKULAM,542.0,4792,Jalumuru,,4792.0,2024-10-07
21,Odisha,ODISHA,21.0,371,Sambalpur,SAMBALPUR,372.0,2792,Jamankira,,2792.0,2024-10-07
21,Odisha,ODISHA,21.0,360,Kendrapara,KENDRAPARA,379.0,2924,Jamboo Marine,,2924.0,2024-10-07
24,Gujarat,GUJARAT,24.0,442,Bharuch,BHARUCH,488.0,3913,Jambusar,,3913.0,2024-10-07
12,Arunachal Pradesh,ARUNACHAL PRADESH,12.0,242,West Kameng,WEST KAMENG,246.0,6563,Jamiri Circle,Jamiri Circle,0.0,2024-10-07
24,Gujarat,GUJARAT,24.0,447,Jamnagar,JAMNAGAR,477.0,3821,Jamjodhpur,,3821.0,2024-10-07
28,Andhra Pradesh,ANDHRA PRADESH,28.0,504,Y.S.R.,,551.0,5215,Jammalamadugu,,5215.0,2024-10-07
36,Telangana,తెలంగాణ,0.0,508,Karimnagar,కరీంనగర్,534.0,4440,Jammikunta,జమ్మికుంట,4440.0,2024-10-07
1,Jammu And Kashmir,JAMMU AND KASHMIR,1.0,5,Jammu,JAMMU,21.0,6706,Jammu South,Jammu South,0.0,2024-10-07
27,Maharashtra,महाराष्ट्र,27.0,478,Jalgaon,जळगाव,499.0,3974,Jamner,जामनेर,3974.0,2024-10-07
8,Rajasthan,RAJASTHAN,8.0,783,Jaipur (Gramin),जयपुर (ग्रामीण),,548,Jamwa Ramgarh,,548.0,2024-10-07
22,Chhattisgarh,छत्तीसगढ़,22.0,379,Janjgir-Champa,जांजगीर - चाम्पा,405.0,3277,Janjgir,,3277.0,2024-10-07
36,Telangana,తెలంగాణ,0.0,684,Mancherial,మంచిర్యాల్,0.0,4334,Jannaram,జన్నారం,4334.0,2024-10-07
23,Madhya Pradesh,MADHYA PRADESH,23.0,423,Ratlam,रतलाम,434.0,3501,Jaora,जावरा,3501.0,2024-10-07
2,Himachal Pradesh,HIMACHAL PRADESH,2.0,20,Kullu,KULLU,26.0,7283,Jari,,0.0,2024-10-07
5,Uttarakhand,UTTARAKHAND,5.0,56,Udam Singh Nagar,UDAM SINGH NAGAR,67.0,347,Jaspur,,347.0,2024-10-07
9,Uttar Pradesh,UTTAR PRADESH,9.0,143,Firozabad,FIROZABAD,147.0,773,Jasrana,,773.0,2024-10-07
2,Himachal Pradesh,HIMACHAL PRADESH,2.0,18,Kangra,KANGRA,24.0,105,Jaswan,,105.0,2024-10-07
23,Madhya Pradesh,MADHYA PRADESH,23.0,434,Tikamgarh,टीकमगढ़,424.0,3418,Jatara,जतारा,3418.0,2024-10-07
23,Madhya Pradesh,MADHYA PRADESH,23.0,427,Sehore,सीहोर,445.0,3585,Jawar,जावर,3585.0,2024-10-07
19,West Bengal,WEST BENGAL,19.0,304,South 24 Parganas,SOUTH 24 Parganas,343.0,2432,Jaynagar - II,,2432.0,2024-10-07
28,Andhra Pradesh,ANDHRA PRADESH,28.0,748,Eluru,Eluru,0.0,4947,Jeelugu Milli,,4947.0,2024-10-07
24,Gujarat,GUJARAT,24.0,443,Bhavnagar,BHAVNAGAR,481.0,6203,Jesar,,0.0,2024-10-07
29,Karnataka,ಕರ್ನಾಟಕ,29.0,538,Kalaburagi,ಕಲಬುರಗಿ,579.0,5586,Jevargi,ಜೆವರಗಿ,5586.0,2024-10-07
23,Madhya Pradesh,MADHYA PRADESH,23.0,412,Jhabua,झाबुआ,464.0,3709,Jhabua,झाबुआ,3709.0,2024-10-07
8,Rajasthan,RAJASTHAN,8.0,117,Udaipur,UDAIPUR,130.0,688,Jhadol,,688.0,2024-10-07
6,Haryana,HARYANA,6.0,64,Jhajjar,JHAJJAR,83.0,409,Jhajjar,,409.0,2024-10-07
19,West Bengal,WEST BENGAL,19.0,321,Purulia,PURULIA,340.0,2390,Jhalda - I,,2390.0,2024-10-07
24,Gujarat,GUJARAT,24.0,445,Dahod,DAHOD,485.0,3891,Jhalod,,3891.0,2024-10-07
2,Himachal Pradesh,HIMACHAL PRADESH,2.0,15,Bilaspur,BILASPUR,30.0,154,Jhanduta,,154.0,2024-10-07
9,Uttar Pradesh,UTTAR PRADESH,9.0,153,Jhansi,JHANSI,166.0,860,Jhansi,,860.0,2024-10-07
20,Jharkhand,झारखंड,20.0,343,West Singhbhum,पश्चिमी सिंघभूम,368.0,2742,Jhinkpani,झींकपानी,2742.0,2024-10-07
21,Odisha,ODISHA,21.0,361,Kendujhar,KENDUJHAR,375.0,2840,Jhumpura,,2840.0,2024-10-07
23,Madhya Pradesh,MADHYA PRADESH,23.0,639,Alirajpur,अलीराजपुर,465.0,3712,Jobat,जोबट,3712.0,2024-10-07
10,Bihar,BIHAR,10.0,211,Pashchim Champaran,पश्चिम चम्पारण,203.0,1024,Jogapatti,योगापट्टी,1024.0,2024-10-07
21,Odisha,ODISHA,21.0,368,Nuapada,NUAPADA,394.0,3153,Jonk,,3153.0,2024-10-07
18,Assam,ASSAM,18.0,290,Jorhat,JORHAT,312.0,2078,Jorhat East,,2078.0,2024-10-07
18,Assam,ASSAM,18.0,290,Jorhat,JORHAT,312.0,2077,Jorhat West,,2077.0,2024-10-07
5,Uttarakhand,UTTARAKHAND,5.0,47,Chamoli,CHAMOLI,57.0,284,Joshimath,,284.0,2024-10-07
24,Gujarat,GUJARAT,24.0,451,Mahesana,MAHESANA,471.0,6021,Jotana,,0.0,2024-10-07
23,Madhya Pradesh,MADHYA PRADESH,23.0,417,Morena,मुरैना,419.0,3388,Joura,जौरा,3388.0,2024-10-07
2,Himachal Pradesh,HIMACHAL PRADESH,2.0,23,Shimla,SHIMLA,33.0,188,Jubbal,,188.0,2024-10-07
21,Odisha,ODISHA,21.0,371,Sambalpur,SAMBALPUR,372.0,2794,Jujomura,,2794.0,2024-10-07
36,Telangana,తెలంగాణ,0.0,682,Peddapalli,పెద్దపల్లి,0.0,4409,Julapalli,జూలపల్లి,4409.0,2024-10-07
24,Gujarat,GUJARAT,24.0,448,Junagadh,JUNAGADH,479.0,6517,Junagadh City,Junagadh City,0.0,2024-10-07
28,Andhra Pradesh,ANDHRA PRADESH,28.0,755,Nandyal,Nandyal,0.0,5262,Jupadu Bunglow,Jupadu Bunglow,5262.0,2024-10-07
18,Assam,ASSAM,18.0,295,Lakhimpur,LAKHIMPUR,307.0,2051,Kadam,,2051.0,2024-10-07
24,Gujarat,GUJARAT,24.0,669,Mahisagar,મહિસાગર,0.0,3880,Kadana,,3880.0,2024-10-07
33,Tamil Nadu,TAMIL NADU,33.0,576,Karur,KARUR,613.0,5772,Kadavur,,5772.0,2024-10-07
28,Andhra Pradesh,ANDHRA PRADESH,28.0,754,Sri Sathya Sai,Sri Sathya Sai,0.0,5343,Kadiri,,5343.0,2024-10-07
23,Madhya Pradesh,MADHYA PRADESH,23.0,417,Morena,मुरैना,419.0,3389,Kailaras,कैलारस,3389.0,2024-10-07
9,Uttar Pradesh,UTTAR PRADESH,9.0,141,Farrukhabad,FARRUKHABAD,159.0,830,Kaimganj,,830.0,2024-10-07
28,Andhra Pradesh,ANDHRA PRADESH,28.0,746,Kakinada,Kakinada,0.0,4923,Kajuluru,,4923.0,2024-10-07
28,Andhra Pradesh,ANDHRA PRADESH,28.0,746,Kakinada,Kakinada,0.0,4914,Kakinada (Urban),,4914.0,2024-10-07
10,Bihar,BIHAR,10.0,199,Jehanabad,जहानाबाद,239.0,1537,Kako,काको,1537.0,2024-10-07
5,Uttarakhand,UTTARAKHAND,5.0,51,Nainital,NAINITAL,66.0,344,Kaladhungi,,344.0,2024-10-07
29,Karnataka,ಕರ್ನಾಟಕ,29.0,538,Kalaburagi,ಕಲಬುರಗಿ,579.0,7087,Kalagi,,0.0,2024-10-07
33,Tamil Nadu,TAMIL NADU,33.0,585,Sivaganga,SIVAGANGA,622.0,6644,Kalaiyarkoil,காளையார்கோவில்,0.0,2024-10-07
27,Maharashtra,महाराष्ट्र,27.0,488,Dharashiv,धाराशिव,525.0,4239,Kalamb,कळंब,4239.0,2024-10-07
9,Uttar Pradesh,UTTAR PRADESH,9.0,180,Shahjahanpur,SHAHJAHANPUR,152.0,6882,Kalan,,0.0,2024-10-07
24,Gujarat,GUJARAT,24.0,447,Jamnagar,JAMNAGAR,477.0,3817,Kalavad,,3817.0,2024-10-07
2,Himachal Pradesh,HIMACHAL PRADESH,2.0,23,Shimla,SHIMLA,33.0,7284,Kalbog,,0.0,2024-10-07
28,Andhra Pradesh,ANDHRA PRADESH,28.0,515,Sri Potti Sriramulu Nellore,శ్రీ పొట్టి శ్రీరాములు నెల్లూరు,550.0,5160,Kaligiri,,5160.0,2024-10-07
6,Haryana,HARYANA,6.0,70,Panchkula,PANCHKULA,69.0,356,Kalka,,356.0,2024-10-07
2,Himachal Pradesh,HIMACHAL PRADESH,2.0,15,Bilaspur,BILASPUR,30.0,6938,Kalol,,0.0,2024-10-07
28,Andhra Pradesh,ANDHRA PRADESH,28.0,515,Sri Potti Sriramulu Nellore,శ్రీ పొట్టి శ్రీరాములు నెల్లూరు,550.0,5174,Kaluvoya,,5174.0,2024-10-07
27,Maharashtra,महाराष्ट्र,27.0,487,Nashik,नाशिक,516.0,4143,Kalwan,कालवण,4143.0,2024-10-07
29,Karnataka,ಕರ್ನಾಟಕ,29.0,529,Bidar,ಬೀದರ್‌,558.0,7085,Kamalnagar,,0.0,2024-10-07
36,Telangana,తెలంగాణ,0.0,682,Peddapalli,పెద్దపల్లి,0.0,4400,Kamanpur,కమాన్ పూర్,4400.0,2024-10-07
36,Telangana,తెలంగాణ,0.0,685,Kamareddy,కామారెడ్డి,0.0,4390,Kamareddy,కామారెడ్డి,4390.0,2024-10-07
28,Andhra Pradesh,ANDHRA PRADESH,28.0,502,Ananthapuramu,అనంతపురము,553.0,5334,Kambadur,,5334.0,2024-10-07
20,Jharkhand,झारखंड,20.0,331,Gumla,गुमला,366.0,2710,Kamdara,,2710.0,2024-10-07
14,Manipur,MANIPUR,14.0,717,Kamjong,,0.0,1889,Kamjong,,1889.0,2024-10-07
36,Telangana,తెలంగాణ,0.0,516,Nizamabad,నిజామాబాదు,533.0,4363,Kammarpally,కమ్మర్ పల్లి,4363.0,2024-10-07
29,Karnataka,ಕರ್ನಾಟಕ,29.0,528,Ballari,ಬಳ್ಳಾರಿ,565.0,7107,Kampli,,0.0,2024-10-07
12,Arunachal Pradesh,ARUNACHAL PRADESH,12.0,718,Kamle,KAMLE,0.0,1700,Kamporijo Circle,Kamporijo Circle,1700.0,2024-10-07
27,Maharashtra,महाराष्ट्र,27.0,484,Nagpur,नागपूर,505.0,4030,Kamptee,कामठी,4030.0,2024-10-07
24,Gujarat,GUJARAT,24.0,459,Surat,SURAT,492.0,3936,Kamrej,,3936.0,2024-10-07
23,Madhya Pradesh,MADHYA PRADESH,23.0,410,Indore,इन्दौर,439.0,7012,Kanadia,कनाडिया,0.0,2024-10-07
28,Andhra Pradesh,ANDHRA PRADESH,28.0,754,Sri Sathya Sai,Sri Sathya Sai,0.0,5335,Kanaganipalli,కనగానపల్లి,5335.0,2024-10-07
16,Tripura,ত্রিপুরা,16.0,270,North Tripura,উত্তর ত্রিপুরা,292.0,6685,Kanchanpur,কাঞ্চনপুর,0.0,2024-10-07
28,Andhra Pradesh,ANDHRA PRADESH,28.0,749,Ntr,NTR,0.0,5007,Kanchikacherla,,5007.0,2024-10-07
5,Uttarakhand,UTTARAKHAND,5.0,46,Bageshwar,BAGESHWAR,63.0,322,Kanda,,322.0,2024-10-07
2,Himachal Pradesh,HIMACHAL PRADESH,2.0,25,Solan,SOLAN,31.0,166,Kandaghat,,166.0,2024-10-07
21,Odisha,ODISHA,21.0,350,Cuttack,CUTTACK,381.0,2963,Kandarpur,,2963.0,2024-10-07
1,Jammu And Kashmir,JAMMU AND KASHMIR,1.0,626,Ganderbal,GANDERBAL,11.0,46,Kangan,,46.0,2024-10-07
21,Odisha,ODISHA,21.0,361,Kendujhar,KENDUJHAR,375.0,2847,Kanjipani,,2847.0,2024-10-07
32,Kerala,KERALA,32.0,560,Kottayam,കോട്ടയം,597.0,5672,Kanjirappally,കാഞ്ഞിരപ്പള്ളി,5672.0,2024-10-07
36,Telangana,తెలంగాణ,0.0,684,Mancherial,మంచిర్యాల్,0.0,6229,Kannepally,కన్నేపల్లి,0.0,2024-10-07
9,Uttar Pradesh,UTTAR PRADESH,9.0,157,Kanpur Nagar,KANPUR NAGAR,164.0,849,Kanpur,,849.0,2024-10-07
12,Arunachal Pradesh,ARUNACHAL PRADESH,12.0,666,Longding,LONGDING,0.0,1688,Kanubari Adc,,1688.0,2024-10-07
5,Uttarakhand,UTTARAKHAND,5.0,46,Bageshwar,BAGESHWAR,63.0,321,Kapkot,,321.0,2024-10-07
36,Telangana,తెలంగాణ,0.0,700,Medchal Malkajgiri,మేడ్చల్ మల్కాజిగిరి,0.0,6317,Kapra,కాప్రా,0.0,2024-10-07
33,Tamil Nadu,TAMIL NADU,33.0,582,Pudukkottai,PUDUKKOTTAI,621.0,5825,Karambakudi,,5825.0,2024-10-07
28,Andhra Pradesh,ANDHRA PRADESH,28.0,750,Bapatla,Bapatla,0.0,5109,Karamchedu,,5109.0,2024-10-07
27,Maharashtra,महाराष्ट्र,27.0,499,Washim,वाशिम,502.0,3997,Karanja,कारंजा,3997.0,2024-10-07
28,Andhra Pradesh,ANDHRA PRADESH,28.0,746,Kakinada,Kakinada,0.0,4922,Karapa,,4922.0,2024-10-07
7,Delhi,DELHI,7.0,81,North East,NORTH EAST,92.0,6083,Karawal Nagar,Karawal Nagar,0.0,2024-10-07
33,Tamil Nadu,TAMIL NADU,33.0,597,Virudhunagar,VIRUDHUNAGAR,625.0,5851,Kariapatti,,5851.0,2024-10-07
28,Andhra Pradesh,ANDHRA PRADESH,28.0,750,Bapatla,Bapatla,0.0,5092,Karlapalem,,5092.0,2024-10-07
27,Maharashtra,महाराष्ट्र,27.0,496,Solapur,सोलापूर,526.0,4244,Karmala,करमाळा,4244.0,2024-10-07
6,Haryana,HARYANA,6.0,67,Karnal,KARNAL,74.0,372,Karnal,,372.0,2024-10-07
20,Jharkhand,झारखंड,20.0,324,Deoghar,देवघर,350.0,2552,Karon,करौं,2552.0,2024-10-07
10,Bihar,BIHAR,10.0,611,Arwal,अरवल,240.0,1544,Karpi,करपी,1544.0,2024-10-07
2,Himachal Pradesh,HIMACHAL PRADESH,2.0,22,Mandi,MANDI,27.0,139,Karsog,,139.0,2024-10-07
22,Chhattisgarh,छत्तीसगढ़,22.0,383,Korba,कोरबा,404.0,3276,Kartala,,3276.0,2024-10-07
33,Tamil Nadu,TAMIL NADU,33.0,576,Karur,KARUR,613.0,5769,Karur,,5769.0,2024-10-07
27,Maharashtra,महाराष्ट्र,27.0,480,Kolhapur,कोल्हापूर,530.0,4287,Karvir,करवीर,4287.0,2024-10-07
21,Odisha,ODISHA,21.0,370,Rayagada,RAYAGADA,396.0,3177,Kashipur,,3177.0,2024-10-07
19,West Bengal,WEST BENGAL,19.0,321,Purulia,PURULIA,340.0,2385,Kashipur,,2385.0,2024-10-07
28,Andhra Pradesh,ANDHRA PRADESH,28.0,744,Anakapalli,Anakapalli,0.0,4876,Kasimkota,,4876.0,2024-10-07
36,Telangana,తెలంగాణ,0.0,684,Mancherial,మంచిర్యాల్,0.0,4349,Kasipet,కాసిపేట్,4349.0,2024-10-07
9,Uttar Pradesh,UTTAR PRADESH,9.0,160,Kushinagar,KUSHINAGAR,189.0,957,Kasya,,957.0,2024-10-07
20,Jharkhand,झारखंड,20.0,332,Hazaribagh,हज़ारीबाग,360.0,2655,Katamdag,,2655.0,2024-10-07
12,Arunachal Pradesh,ARUNACHAL PRADESH,12.0,239,Tirap,TIRAP,254.0,6596,Katang Circle,Katang,0.0,2024-10-07
36,Telangana,తెలంగాణ,0.0,687,Jayashankar Bhupalapally,జయశంకర్ భూపాలపల్లి,0.0,4402,Kataram,కాటారం,4402.0,2024-10-07
22,Chhattisgarh,छत्तीसगढ़,22.0,383,Korba,कोरबा,404.0,3272,Katghora,,3272.0,2024-10-07
8,Rajasthan,RAJASTHAN,8.0,87,Alwar,ALWAR,104.0,504,Kathumar,,504.0,2024-10-07
1,Jammu And Kashmir,JAMMU AND KASHMIR,1.0,627,Reasi,REASI,20.0,6741,Katra,Katra,0.0,2024-10-07
28,Andhra Pradesh,ANDHRA PRADESH,28.0,747,Dr. B.R. Ambedkar Konaseema,డా బి ఆర్  అంబేడ్కర్ కోనసీమ,0.0,4943,Katrenikona,,4943.0,2024-10-07
32,Kerala,KERALA,32.0,565,Thiruvananthapuram,തിരുവനന്തപുരം,601.0,5945,Kattakkada,കാട്ടാക്കട,0.0,2024-10-07
36,Telangana,తెలంగాణ,0.0,514,Nalgonda,నల్గొండ,539.0,4635,Kattangur,కట్టంగూర్,4635.0,2024-10-07
28,Andhra Pradesh,ANDHRA PRADESH,28.0,515,Sri Potti Sriramulu Nellore,శ్రీ పొట్టి శ్రీరాములు నెల్లూరు,550.0,5158,Kavali,,5158.0,2024-10-07
24,Gujarat,GUJARAT,24.0,668,Chhotaudepur,CHHOTAUDEPUR,0.0,3902,Kavant,,3902.0,2024-10-07
27,Maharashtra,महाराष्ट्र,27.0,493,Sangli,सांगली,531.0,4303,Kavathemahankal,कवठेमहांकाळ,4303.0,2024-10-07
10,Bihar,BIHAR,10.0,210,Nawada,नवादा,237.0,1516,Kawakol,कौवाकोल,1516.0,2024-10-07
21,Odisha,ODISHA,21.0,360,Kendrapara,KENDRAPARA,379.0,2927,Kendrapara,,2927.0,2024-10-07
21,Odisha,ODISHA,21.0,360,Kendrapara,KENDRAPARA,379.0,2928,Kendrapara Sadar,,2928.0,2024-10-07
21,Odisha,ODISHA,21.0,361,Kendujhar,KENDUJHAR,375.0,2845,Kendujhar Town,,2845.0,2024-10-07
9,Uttar Pradesh,UTTAR PRADESH,9.0,152,Jaunpur,JAUNPUR,194.0,986,Kerakat,,986.0,2024-10-07
36,Telangana,తెలంగాణ,0.0,699,Kumuram Bheem Asifabad,కుమురం భీమ్ ఆసిఫాబాద్,0.0,4313,Kerameri,కెరమెరి,4313.0,2024-10-07
22,Chhattisgarh,छत्तीसगढ़,22.0,761,Mohla-Manpur-Ambagarh Chouki,मोहला-मानपुर-अम्बागढ़ चौकी,0.0,7277,Khadgaon,खडगाँव,0.0,2024-10-07
10,Bihar,BIHAR,10.0,202,Khagaria,खगड़िया,223.0,1323,Khagaria,खगड़िया,1323.0,2024-10-07
9,Uttar Pradesh,UTTAR PRADESH,9.0,119,Aligarh,ALIGARH,143.0,752,Khair,,752.0,2024-10-07
21,Odisha,ODISHA,21.0,354,Ganjam,GANJAM,388.0,3083,Khalikote,,3083.0,2024-10-07
23,Madhya Pradesh,MADHYA PRADESH,23.0,405,Khandwa (East Nimar),खण्डवा (पूर्व निमाड़),466.0,3715,Khalwa,खालवा,3715.0,2024-10-07
36,Telangana,తెలంగాణ,0.0,509,Khammam,ఖమ్మం,541.0,4756,Khammam (Rural),ఖమ్మం రూరల్,4756.0,2024-10-07
8,Rajasthan,RAJASTHAN,8.0,112,Rajsamand,RAJSAMAND,123.0,6393,Khamnor,खमनोर,0.0,2024-10-07
29,Karnataka,ಕರ್ನಾಟಕ,29.0,527,Belagavi,ಬೆಳಗಾವಿ,555.0,5439,Khanapur,ಖಾನಾಪುರ,5439.0,2024-10-07
23,Madhya Pradesh,MADHYA PRADESH,23.0,405,Khandwa (East Nimar),खण्डवा (पूर्व निमाड़),466.0,7019,Khandwa Nagar,खण्डवा नगर,0.0,2024-10-07
23,Madhya Pradesh,MADHYA PRADESH,23.0,432,Shivpuri,शिवपुरी,423.0,3414,Khaniyadhana,खनियाधाना,3414.0,2024-10-07
3,Punjab,PUNJAB,3.0,36,Ludhiana,ਲੂਿਧਆਣਾ,41.0,225,Khanna,,225.0,2024-10-07
6,Haryana,HARYANA,6.0,75,Sonipat,SONIPAT,76.0,6472,Khanpur St,खानपुर,0.0,2024-10-07
10,Bihar,BIHAR,10.0,207,Munger,मुंगेर,226.0,1360,Kharagpur,,1360.0,2024-10-07
23,Madhya Pradesh,MADHYA PRADESH,23.0,414,Khargone (West Nimar),खरगोन (पश्चिम निमाड़),440.0,3550,Khargone,खरगौन,3550.0,2024-10-07
23,Madhya Pradesh,MADHYA PRADESH,23.0,414,Khargone (West Nimar),खरगोन (पश्चिम निमाड़),440.0,7029,Khargone Nagar,खरगोन नगर,0.0,2024-10-07
19,West Bengal,WEST BENGAL,19.0,319,Murshidabad,MURSHIDABAD,333.0,2239,Khargram,,2239.0,2024-10-07
22,Chhattisgarh,छत्तीसगढ़,22.0,386,Raigarh,रायगढ़,403.0,3269,Kharsia,खरसिया,3269.0,2024-10-07
37,Ladakh,Ladakh,0.0,9,Leh Ladakh,LEH LADAKH,3.0,7159,Kharu,Kharu,0.0,2024-10-07
5,Uttarakhand,UTTARAKHAND,5.0,56,Udam Singh Nagar,UDAM SINGH NAGAR,67.0,352,Khatima,,352.0,2024-10-07
15,Mizoram,MIZORAM,15.0,728,Khawzawl,KHAWZAWL,0.0,1907,Khawzawl,,1907.0,2024-10-07
24,Gujarat,GUJARAT,24.0,458,Sabar Kantha,SABAR KANTHA,472.0,3760,Khedbrahma,,3760.0,2024-10-07
9,Uttar Pradesh,UTTAR PRADESH,9.0,124,Baghpat,BAGHPAT,139.0,737,Khekada,,737.0,2024-10-07
9,Uttar Pradesh,UTTAR PRADESH,9.0,118,Agra,AGRA,146.0,768,Kheragarh,,768.0,2024-10-07
24,Gujarat,GUJARAT,24.0,451,Mahesana,MAHESANA,471.0,3752,Kheralu,,3752.0,2024-10-07
8,Rajasthan,RAJASTHAN,8.0,773,Neem Ka Thana,नीम का थाना,,490,Khetri,,490.0,2024-10-07
18,Assam,ASSAM,18.0,617,Udalguri,,326.0,6428,Khoirabari,,0.0,2024-10-07
12,Arunachal Pradesh,ARUNACHAL PRADESH,12.0,239,Tirap,TIRAP,254.0,1686,Khonsa Hq,Khonsa,1686.0,2024-10-07
16,Tripura,ত্রিপুরা,16.0,652,Khowai,খোয়াই,0.0,6684,Khowai,খোয়াই,0.0,2024-10-07
18,Assam,ASSAM,18.0,288,Golaghat,GOLAGHAT,313.0,2083,Khumtai,,2083.0,2024-10-07
21,Odisha,ODISHA,21.0,365,Mayurbhanj,MAYURBHANJ,376.0,2883,Khunta,,2883.0,2024-10-07
20,Jharkhand,झारखंड,20.0,343,West Singhbhum,पश्चिमी सिंघभूम,368.0,2732,Khuntpani,खुंटपानी,2732.0,2024-10-07
21,Odisha,ODISHA,21.0,350,Cuttack,CUTTACK,381.0,2953,Khuntuni,,2953.0,2024-10-07
9,Uttar Pradesh,UTTAR PRADESH,9.0,134,Bulandshahr,BULANDSHAHR,142.0,751,Khurja,,751.0,2024-10-07
10,Bihar,BIHAR,10.0,212,Patna,पटना,230.0,1413,Khusrupur,खुसरूपुर,1413.0,2024-10-07
13,Nagaland,NAGALAND,13.0,248,Phek,PHEK,266.0,5991,Kikruma,,0.0,2024-10-07
21,Odisha,ODISHA,21.0,373,Sundargarh,SUNDARGARH,374.0,2810,Kinjirkela,,2810.0,2024-10-07
13,Nagaland,NAGALAND,13.0,614,Kiphire,,269.0,1837,Kiphire Sadar,,1837.0,2024-10-07
21,Odisha,ODISHA,21.0,350,Cuttack,CUTTACK,381.0,2960,Kishannagar,,2960.0,2024-10-07
10,Bihar,BIHAR,10.0,223,Supaul,सुपौल,208.0,1107,Kishanpur,किशनपुर,1107.0,2024-10-07
1,Jammu And Kashmir,JAMMU AND KASHMIR,1.0,620,Kishtwar,,18.0,68,Kishtwar,,68.0,2024-10-07
13,Nagaland,NAGALAND,13.0,614,Kiphire,,269.0,1838,Kiusam,,1838.0,2024-10-07
36,Telangana,తెలంగాణ,0.0,694,Nagarkurnool,నాగర్ కర్నూల్,0.0,4600,Kodair,కోడేరు,4600.0,2024-10-07
24,Gujarat,GUJARAT,24.0,675,Gir Somnath,GIR SOMNATH,0.0,3837,Kodinar,,3837.0,2024-10-07
28,Andhra Pradesh,ANDHRA PRADESH,28.0,753,Annamayya,Annamayya,0.0,5249,Kodur,,5249.0,2024-10-07
36,Telangana,తెలంగాణ,0.0,512,Mahabubnagar,మహబూబ్ నగర్,538.0,4569,Koilkonda,కోయిల్ కోండ,4569.0,2024-10-07
10,Bihar,BIHAR,10.0,193,Bhojpur,भोजपुर,231.0,1424,Koilwar,कोइलवर,1424.0,2024-10-07
18,Assam,ASSAM,18.0,294,Kokrajhar,KOKRAJHAR,300.0,6403,Kokrajhar,Kokrajhar,0.0,2024-10-07
21,Odisha,ODISHA,21.0,357,Jharsuguda,JHARSUGUDA,371.0,2779,Kolabira,,2779.0,2024-10-07
19,West Bengal,WEST BENGAL,19.0,317,Purba Medinipur,PURBA MEDINIPUR,345.0,2471,Kolaghat,,2471.0,2024-10-07
8,Rajasthan,RAJASTHAN,8.0,93,Bikaner,BIKANER,101.0,476,Kolayat,,476.0,2024-10-07
29,Karnataka,ಕರ್ನಾಟಕ,29.0,530,Vijayapura,ವಿಜಯಾಪುರ,557.0,7072,Kolhar,,0.0,2024-10-07
21,Odisha,ODISHA,21.0,365,Mayurbhanj,MAYURBHANJ,376.0,2874,Koliana,,2874.0,2024-10-07
28,Andhra Pradesh,ANDHRA PRADESH,28.0,755,Nandyal,Nandyal,0.0,5301,Kolimigundla,,5301.0,2024-10-07
29,Karnataka,ಕರ್ನಾಟಕ,29.0,531,Chamarajanagara,ಚಾಮರಾಜನಗರ,578.0,5579,Kollegal,ಕೊಳ್ಳೆಗಾಲ,5579.0,2024-10-07
28,Andhra Pradesh,ANDHRA PRADESH,28.0,506,Guntur,GUNTUR,548.0,5077,Kollipara,,5077.0,2024-10-07
28,Andhra Pradesh,ANDHRA PRADESH,28.0,517,Prakasam,PRAKASAM,549.0,5134,Komarolu,,5134.0,2024-10-07
10,Bihar,BIHAR,10.0,196,Gaya,गया,236.0,1487,Konch,कोन्च,1487.0,2024-10-07
36,Telangana,తెలంగాణ,0.0,514,Nalgonda,నల్గొండ,539.0,6307,Kondamallepally,కౌండమల్లెపల్లి,0.0,2024-10-07
32,Kerala,KERALA,32.0,562,Malappuram,മലപ്പുറം,592.0,5941,Kondotty,കൊണ്ടോട്ടി,0.0,2024-10-07
36,Telangana,తెలంగాణ,0.0,509,Khammam,ఖమ్మం,541.0,4761,Konijerla,కొణిజర్ల,4761.0,2024-10-07
32,Kerala,KERALA,32.0,564,Pathanamthitta,പത്തനംതിട്ട,599.0,5943,Konni,കോന്നി,0.0,2024-10-07
21,Odisha,ODISHA,21.0,356,Jajapur,JAJAPUR,382.0,2975,Korai,,2975.0,2024-10-07
21,Odisha,ODISHA,21.0,363,Koraput,KORAPUT,398.0,3207,Koraput,,3207.0,2024-10-07
22,Chhattisgarh,छत्तीसगढ़,22.0,383,Korba,कोरबा,404.0,3275,Korba,,3275.0,2024-10-07
10,Bihar,BIHAR,10.0,201,Katihar,कटिहार,212.0,1143,Korha,कोढ़ा,1143.0,2024-10-07
12,Arunachal Pradesh,ARUNACHAL PRADESH,12.0,235,Lower Dibang Valley,LOWER DIBANG VALLEY,258.0,1727,Koronu Circle,,1727.0,2024-10-07
6,Haryana,HARYANA,6.0,72,Rewari,REWARI,85.0,413,Kosli,,413.0,2024-10-07
23,Madhya Pradesh,MADHYA PRADESH,23.0,426,Satna,सतना,429.0,3467,Kotar,कोटर,3467.0,2024-10-07
36,Telangana,తెలంగాణ,0.0,688,Mahabubabad,మహబుబాబాద్,0.0,4710,Kothaguda,కొత్తగూడ,4710.0,2024-10-07
32,Kerala,KERALA,32.0,555,Ernakulam,എറണാകുളം,595.0,5663,Kothamangalam,കോതമംഗലം,5663.0,2024-10-07
28,Andhra Pradesh,ANDHRA PRADESH,28.0,517,Prakasam,PRAKASAM,549.0,5140,Kotha Patnam,,5140.0,2024-10-07
28,Andhra Pradesh,ANDHRA PRADESH,28.0,521,Vizianagaram,VIZIANAGARAM,543.0,4834,Kothavalasa,,4834.0,2024-10-07
23,Madhya Pradesh,MADHYA PRADESH,23.0,435,Ujjain,उज्जैन,435.0,7007,Kothi Mahal,कोठी महल,0.0,2024-10-07
36,Telangana,తెలంగాణ,0.0,518,Ranga Reddy,రంగా రెడ్డి,537.0,4560,Kothur,కోత్తూర్,4560.0,2024-10-07
3,Punjab,PUNJAB,3.0,29,Faridkot,FARIDKOT,45.0,5984,Kotkapura,ਕੋਟਕਪੂਰਾ,0.0,2024-10-07
8,Rajasthan,RAJASTHAN,8.0,770,Khairthal-Tijara,खैरथल-तिजारा,,495,Kotkasim,,495.0,2024-10-07
8,Rajasthan,RAJASTHAN,8.0,117,Udaipur,UDAIPUR,130.0,687,Kotra,,687.0,2024-10-07
19,West Bengal,WEST BENGAL,19.0,305,Bankura,BANKURA,339.0,2367,Kotulpur,,2367.0,2024-10-07
10,Bihar,BIHAR,10.0,213,Purbi Champaran,पूर्वी चंपारण,204.0,1049,Kotwa,कोटवा,1049.0,2024-10-07
36,Telangana,తెలంగాణ,0.0,513,Medak,మెదక్,535.0,4480,Kowdipally,కౌడిపల్లి,4480.0,2024-10-07
1,Jammu And Kashmir,JAMMU AND KASHMIR,1.0,8,Kupwara,KUPWARA,1.0,6783,Kralpora,Kralpora,0.0,2024-10-07
28,Andhra Pradesh,ANDHRA PRADESH,28.0,511,Kurnool,KURNOOL,552.0,5277,Krishnagiri,,5277.0,2024-10-07
29,Karnataka,ಕರ್ನಾಟಕ,29.0,545,Mysuru,ಮೈಸೂರು,577.0,5571,Krishnarajanagara,ಕೃಷ್ಣರಾಜನಗರ,5571.0,2024-10-07
33,Tamil Nadu,TAMIL NADU,33.0,576,Karur,KARUR,613.0,5770,Krishnarayapuram,,5770.0,2024-10-07
10,Bihar,BIHAR,10.0,214,Purnia,पूर्णिया,211.0,1133,Krityanand Nagar,कृत्यानन्द नगर,1133.0,2024-10-07
28,Andhra Pradesh,ANDHRA PRADESH,28.0,510,Krishna,KRISHNA,547.0,5018,Kruthivennu,,5018.0,2024-10-07
20,Jharkhand,झारखंड,20.0,341,Saraikela Kharsawan,सरायकेला खरसावां,369.0,2746,Kuchai,,2746.0,2024-10-07
10,Bihar,BIHAR,10.0,197,Gopalganj,गोपालगंज,217.0,1219,Kuchaikote,कुचायकोट,1219.0,2024-10-07
8,Rajasthan,RAJASTHAN,8.0,768,Didwana-Kuchaman,डीडवाना-कुचामन,,6065,Kuchaman City,KUCHAMAN CITY,0.0,2024-10-07
13,Nagaland,NAGALAND,13.0,244,Dimapur,DIMAPUR,265.0,1794,Kuhoboto,,1794.0,2024-10-07
22,Chhattisgarh,छत्तीसगढ़,22.0,377,Dhamtari,धमतरी,412.0,7314,Kukrel,कुकरेल,0.0,2024-10-07
29,Karnataka,ಕರ್ನಾಟಕ,29.0,543,Koppal,ಕೊಪ್ಪಳ,560.0,7093,Kukunoor,,0.0,2024-10-07
33,Tamil Nadu,TAMIL NADU,33.0,582,Pudukkottai,PUDUKKOTTAI,621.0,5819,Kulathur,,5819.0,2024-10-07
19,West Bengal,WEST BENGAL,19.0,304,South 24 Parganas,SOUTH 24 Parganas,343.0,2428,Kulpi,,2428.0,2024-10-07
28,Andhra Pradesh,ANDHRA PRADESH,28.0,752,Tirupati,Tirupati,0.0,5382,Kumara Venkata Bhupala Puram,కుమార వెంకట భూపాలపురం,5382.0,2024-10-07
19,West Bengal,WEST BENGAL,19.0,310,Dakshin Dinajpur,DAKSHIN DINAJPUR,331.0,2202,Kumarganj,,2202.0,2024-10-07
16,Tripura,ত্রিপুরা,16.0,655,Unakoti,ঊনকোটি,0.0,6694,Kumarghat,কুমারঘাট,0.0,2024-10-07
29,Karnataka,ಕರ್ನಾಟಕ,29.0,550,Uttara Kannada,ಉತ್ತರ ಕನ್ನಡ,563.0,5485,Kumta,ಕುಮಟಾ,5485.0,2024-10-07
22,Chhattisgarh,छत्तीसगढ़,22.0,382,Kabeerdham,कबीरधाम,407.0,7323,Kunda,कुंडा,0.0,2024-10-07
23,Madhya Pradesh,MADHYA PRADESH,23.0,411,Jabalpur,जबलपुर,451.0,3633,Kundam,कुंडम,3633.0,2024-10-07
21,Odisha,ODISHA,21.0,366,Nabarangpur,NABARANGPUR,397.0,3188,Kundei,,3188.0,2024-10-07
29,Karnataka,ಕರ್ನಾಟಕ,29.0,536,Dharwad,ಧಾರವಾಡ,562.0,5477,Kundgol,ಕುಂದಗೋಳ,5477.0,2024-10-07
28,Andhra Pradesh,ANDHRA PRADESH,28.0,502,Ananthapuramu,అనంతపురము,553.0,5333,Kundurpi,,5333.0,2024-10-07
2,Himachal Pradesh,HIMACHAL PRADESH,2.0,25,Solan,SOLAN,31.0,7056,Kunihar,,0.0,2024-10-07
22,Chhattisgarh,छत्तीसगढ़,22.0,380,Jashpur,जशपुर,402.0,3259,Kunkuri,कुनकुरी,3259.0,2024-10-07
28,Andhra Pradesh,ANDHRA PRADESH,28.0,503,Chittoor,CHITTOOR,554.0,5427,Kuppam,,5427.0,2024-10-07
9,Uttar Pradesh,UTTAR PRADESH,9.0,166,Mainpuri,MAINPURI,148.0,6874,Kurawali,,0.0,2024-10-07
27,Maharashtra,महाराष्ट्र,27.0,475,Gadchiroli,गडचिरोली,508.0,4054,Kurkheda,कुरखेडा,4054.0,2024-10-07
28,Andhra Pradesh,ANDHRA PRADESH,28.0,743,Parvathipuram Manyam,Parvathipuram Manyam,0.0,4809,Kurupam,,4809.0,2024-10-07
23,Madhya Pradesh,MADHYA PRADESH,23.0,437,Vidisha,विदिशा,443.0,3572,Kurwai,कुरवाई,3572.0,2024-10-07
33,Tamil Nadu,TAMIL NADU,33.0,595,Vellore,VELLORE,605.0,7052,K V Kuppam,கே வி குப்பம்,0.0,2024-10-07
19,West Bengal,WEST BENGAL,19.0,307,Birbhum,BIRBHUM,334.0,2262,Labpur,,2262.0,2024-10-07
8,Rajasthan,RAJASTHAN,8.0,87,Alwar,ALWAR,104.0,503,Lachhmangarh,,503.0,2024-10-07
22,Chhattisgarh,छत्तीसगढ़,22.0,386,Raigarh,रायगढ़,403.0,3264,Lailunga,लैलूंगा,3264.0,2024-10-07
10,Bihar,BIHAR,10.0,206,Madhubani,मधुबनी,207.0,1099,Lakhnaur,लखनौर,1099.0,2024-10-07
24,Gujarat,GUJARAT,24.0,460,Surendranagar,SURENDRANAGAR,475.0,3791,Lakhtar,,3791.0,2024-10-07
28,Andhra Pradesh,ANDHRA PRADESH,28.0,521,Vizianagaram,VIZIANAGARAM,543.0,4833,Lakkavarapukota,,4833.0,2024-10-07
28,Andhra Pradesh,ANDHRA PRADESH,28.0,753,Annamayya,Annamayya,0.0,5240,Lakkireddipalli,Lakkireddipalli,5240.0,2024-10-07
5,Uttarakhand,UTTARAKHAND,5.0,50,Haridwar,HARIDWAR,68.0,355,Laksar,,355.0,2024-10-07
21,Odisha,ODISHA,21.0,363,Koraput,KORAPUT,398.0,3203,Lakshmipur,,3203.0,2024-10-07
22,Chhattisgarh,छत्तीसगढ़,22.0,388,Rajnandgaon,राजनंदगांव,408.0,7301,Lal Bahadur Nagar,लाल बहादुर नगर,0.0,2024-10-07
9,Uttar Pradesh,UTTAR PRADESH,9.0,175,Rae Bareli,RAE BARELI,158.0,826,Lalganj,,826.0,2024-10-07
9,Uttar Pradesh,UTTAR PRADESH,9.0,161,Lalitpur,LALITPUR,167.0,862,Lalitpur,,862.0,2024-10-07
8,Rajasthan,RAJASTHAN,8.0,97,Dausa,DAUSA,109.0,537,Lalsot,,537.0,2024-10-07
21,Odisha,ODISHA,21.0,358,Kalahandi,KALAHANDI,395.0,3162,Lanjigarh,,3162.0,2024-10-07
18,Assam,ASSAM,18.0,709,Hojai,,0.0,2040,Lanka,,2040.0,2024-10-07
20,Jharkhand,झारखंड,20.0,335,Latehar,लातेहार,359.0,2639,Latehar,लातेहार,2639.0,2024-10-07
24,Gujarat,GUJARAT,24.0,439,Amreli,AMRELI,480.0,3841,Lathi,,3841.0,2024-10-07
29,Karnataka,ಕರ್ನಾಟಕ,29.0,537,Gadag,ಗದಗ,561.0,7083,Laxmeshwar,,0.0,2024-10-07
36,Telangana,తెలంగాణ,0.0,690,Bhadradri Kothagudem,భద్రాద్రి కొత్తగూడెం,0.0,6266,Laxmidevipalli,లక్ష్మీదేవిపల్లి,0.0,2024-10-07
37,Ladakh,Ladakh,0.0,9,Leh Ladakh,LEH LADAKH,3.0,10,Leh,,10.0,2024-10-07
3,Punjab,PUNJAB,3.0,43,Sangrur,SANGRUR,53.0,273,Lehra,,273.0,2024-10-07
12,Arunachal Pradesh,ARUNACHAL PRADESH,12.0,238,Tawang,TAWANG,245.0,6555,Lhou Circle,Lhou Circle,0.0,2024-10-07
12,Arunachal Pradesh,ARUNACHAL PRADESH,12.0,241,Upper Subansiri,UPPER SUBANSIRI,249.0,1608,Limeking Circle,Limeking Circle,1608.0,2024-10-07
36,Telangana,తెలంగాణ,0.0,694,Nagarkurnool,నాగర్ కర్నూల్,0.0,4598,Lingal,లింగాల్,4598.0,2024-10-07
36,Telangana,తెలంగాణ,0.0,699,Kumuram Bheem Asifabad,కుమురం భీమ్ ఆసిఫాబాద్,0.0,6311,Lingapur,లింగాపూర్,0.0,2024-10-07
12,Arunachal Pradesh,ARUNACHAL PRADESH,12.0,666,Longding,LONGDING,0.0,6074,Longding Hq,,0.0,2024-10-07
8,Rajasthan,RAJASTHAN,8.0,778,Jodhpur (Gramin),जोधपुर (ग्रामीण),,572,Luni,,572.0,2024-10-07
12,Arunachal Pradesh,ARUNACHAL PRADESH,12.0,229,Changlang,CHANGLANG,253.0,6578,Lyngok Longtoi Circle,Lyngok Longtoi Circle,0.0,2024-10-07
36,Telangana,తెలంగాణ,0.0,685,Kamareddy,కామారెడ్డి,0.0,4380,Machareddy,మాచారెడ్డి,4380.0,2024-10-07
28,Andhra Pradesh,ANDHRA PRADESH,28.0,510,Krishna,KRISHNA,547.0,5034,Machilipatnam,,5034.0,2024-10-07
28,Andhra Pradesh,ANDHRA PRADESH,28.0,753,Annamayya,Annamayya,0.0,5392,Madanapalle,,5392.0,2024-10-07
8,Rajasthan,RAJASTHAN,8.0,783,Jaipur (Gramin),जयपुर (ग्रामीण),,7139,Madhorajpura,माधोराजपुरा,0.0,2024-10-07
10,Bihar,BIHAR,10.0,213,Purbi Champaran,पूर्वी चंपारण,204.0,1055,Madhuban,मधुबन,1055.0,2024-10-07
1,Jammu And Kashmir,JAMMU AND KASHMIR,1.0,2,Budgam,,2.0,6814,Magam,Magam,0.0,2024-10-07
27,Maharashtra,महाराष्ट्र,27.0,494,Satara,सातारा,527.0,4255,Mahabaleshwar,महाबळेश्वर,4255.0,2024-10-07
36,Telangana,తెలంగాణ,0.0,512,Mahabubnagar,మహబూబ్ నగర్,538.0,4568,Mahabubnagar Urban,మహబూబ్ నగర్ (అర్బన్),4568.0,2024-10-07
28,Andhra Pradesh,ANDHRA PRADESH,28.0,755,Nandyal,Nandyal,0.0,5285,Mahanandi,,5285.0,2024-10-07
21,Odisha,ODISHA,21.0,350,Cuttack,CUTTACK,381.0,2956,Mahanga,,2956.0,2024-10-07
23,Madhya Pradesh,MADHYA PRADESH,23.0,398,Chhatarpur,छ्तरपुर,425.0,3428,Maharajpur,महाराजपुर,3428.0,2024-10-07
28,Andhra Pradesh,ANDHRA PRADESH,28.0,520,Visakhapatnam,విశాఖపట్నం,544.0,6837,Maharanipeta,Maharanipeta,0.0,2024-10-07
23,Madhya Pradesh,MADHYA PRADESH,23.0,414,Khargone (West Nimar),खरगोन (पश्चिम निमाड़),440.0,3546,Maheshwar,महेश्वर,3546.0,2024-10-07
9,Uttar Pradesh,UTTAR PRADESH,9.0,165,Mahoba,MAHOBA,169.0,870,Mahoba,,870.0,2024-10-07
1,Jammu And Kashmir,JAMMU AND KASHMIR,1.0,627,Reasi,REASI,20.0,6850,Mahore,,0.0,2024-10-07
22,Chhattisgarh,छत्तीसगढ़,22.0,389,Surguja,सरगुजा,401.0,3254,Mainpat,,3254.0,2024-10-07
9,Uttar Pradesh,UTTAR PRADESH,9.0,166,Mainpuri,MAINPURI,148.0,775,Mainpuri,,775.0,2024-10-07
9,Uttar Pradesh,UTTAR PRADESH,9.0,156,Kanpur Dehat,KANPUR DEHAT,163.0,6871,Maitha,,0.0,2024-10-07
1,Jammu And Kashmir,JAMMU AND KASHMIR,1.0,14,Udhampur,UDHAMPUR,19.0,75,Majalta,,75.0,2024-10-07
10,Bihar,BIHAR,10.0,211,Pashchim Champaran,पश्चिम चम्पारण,203.0,1027,Majhaulia,मझौलिया,1027.0,2024-10-07
2,Himachal Pradesh,HIMACHAL PRADESH,2.0,24,Sirmaur,SIRMAUR,32.0,7121,Majra,,0.0,2024-10-07
18,Assam,ASSAM,18.0,706,Majuli,,0.0,2076,Majuli,,2076.0,2024-10-07
22,Chhattisgarh,छत्तीसगढ़,22.0,643,Kondagaon,कोंडागांव,0.0,3358,Makdi,,3358.0,2024-10-07
23,Madhya Pradesh,MADHYA PRADESH,23.0,435,Ujjain,उज्जैन,435.0,6995,Makdon,माकड़ोन,0.0,2024-10-07
10,Bihar,BIHAR,10.0,199,Jehanabad,जहानाबाद,239.0,1540,Makhdumpur,मखदुमपुर,1540.0,2024-10-07
36,Telangana,తెలంగాణ,0.0,721,Narayanpet,నారాయణ్ పేట్,0.0,4589,Makthal,మఖ్తల్,4589.0,2024-10-07
36,Telangana,తెలంగాణ,0.0,695,Jogulamba Gadwal,జోగులాంబ గద్వాల,0.0,4604,Maldakal,మల్దకల్,4604.0,2024-10-07
23,Madhya Pradesh,MADHYA PRADESH,23.0,416,Mandsaur,मन्दसौर,433.0,3493,Malhargarh,मल्हारगढ़,3493.0,2024-10-07
24,Gujarat,GUJARAT,24.0,448,Junagadh,JUNAGADH,479.0,3833,Malia Hatina,Maila Hatina,3833.0,2024-10-07
32,Kerala,KERALA,32.0,564,Pathanamthitta,പത്തനംതിട്ട,599.0,5680,Mallappally,മല്ലപ്പള്ളി,5680.0,2024-10-07
8,Rajasthan,RAJASTHAN,8.0,106,Jhunjhunu,JHUNJHUNU,103.0,6370,Malsisar,मलसीसर,0.0,2024-10-07
36,Telangana,తెలంగాణ,0.0,680,Nirmal,నిర్మల్,0.0,4346,Mamada,మామడ,4346.0,2024-10-07
19,West Bengal,WEST BENGAL,19.0,321,Purulia,PURULIA,340.0,2396,Manbazar - II,,2396.0,2024-10-07
29,Karnataka,ಕರ್ನಾಟಕ,29.0,630,Chikkaballapura,ಚಿಕ್ಕಬಳ್ಳಾಪುರ,582.0,7404,Manchenahalli,ಮಂಚೇನಹಳ್ಳಿ,0.0,2024-10-07
24,Gujarat,GUJARAT,24.0,438,Ahmedabad,AHMEDABAD,474.0,3777,Mandal,,3777.0,2024-10-07
8,Rajasthan,RAJASTHAN,8.0,770,Khairthal-Tijara,खैरथल-तिजारा,,494,Mandawar,,494.0,2024-10-07
8,Rajasthan,RAJASTHAN,8.0,782,Kotputli-Behror,कोटपूतली-बहरोड,,7383,Mandhan,मांढण,0.0,2024-10-07
24,Gujarat,GUJARAT,24.0,459,Surat,SURAT,492.0,3935,Mandvi,,3935.0,2024-10-07
10,Bihar,BIHAR,10.0,212,Patna,पटना,230.0,1398,Maner,मनेर,1398.0,2024-10-07
11,Sikkim,SIKKIM,11.0,226,Mangan,Mangan,241.0,1548,Mangan,,1548.0,2024-10-07
20,Jharkhand,झारखंड,20.0,335,Latehar,लातेहार,359.0,2635,Manika,मनिका,2635.0,2024-10-07
10,Bihar,BIHAR,10.0,197,Gopalganj,गोपालगंज,217.0,1225,Manjha,मांझा,1225.0,2024-10-07
20,Jharkhand,झारखंड,20.0,343,West Singhbhum,पश्चिमी सिंघभूम,368.0,2741,Manjhari,मंझारी,2741.0,2024-10-07
1,Jammu And Kashmir,JAMMU AND KASHMIR,1.0,10,Poonch,POONCH,5.0,6779,Mankote,Mankote,0.0,2024-10-07
36,Telangana,తెలంగాణ,0.0,695,Jogulamba Gadwal,జోగులాంబ గద్వాల,0.0,4611,Manopad,మనాపడ్,4611.0,2024-10-07
22,Chhattisgarh,छत्तीसगढ़,22.0,380,Jashpur,जशपुर,402.0,3258,Manora,मनोरा,3258.0,2024-10-07
27,Maharashtra,महाराष्ट्र,27.0,499,Washim,वाशिम,502.0,3998,Manora,मानोरा,3998.0,2024-10-07
24,Gujarat,GUJARAT,24.0,446,Gandhinagar,GANDHINAGAR,473.0,3774,Mansa,,3774.0,2024-10-07
10,Bihar,BIHAR,10.0,202,Khagaria,खगड़िया,223.0,1324,Mansi,मानसी,1324.0,2024-10-07
22,Chhattisgarh,छत्तीसगढ़,22.0,643,Kondagaon,कोंडागांव,0.0,7319,Mardapal,मर्दापाल,0.0,2024-10-07
28,Andhra Pradesh,ANDHRA PRADESH,28.0,745,Alluri Sitharama Raju,Alluri Sitharama Raju,0.0,4884,Maredumilli,,4884.0,2024-10-07
10,Bihar,BIHAR,10.0,218,Saran,सारण,219.0,1260,Marhaura,मढ़ौरा,1260.0,2024-10-07
18,Assam,ASSAM,18.0,296,Marigaon,MARIGAON,304.0,2029,Marigaon,,2029.0,2024-10-07
12,Arunachal Pradesh,ARUNACHAL PRADESH,12.0,240,Upper Siang,UPPER SIANG,252.0,1666,Mariyang Adc,Mariyang ADC,1666.0,2024-10-07
20,Jharkhand,झारखंड,20.0,334,Koderma,कोडरमा,348.0,2531,Markacho,मरकच्चो,2531.0,2024-10-07
36,Telangana,తెలంగాణ,0.0,507,Hyderabad,హైదరాబాద్,536.0,4500,Marredpally,మారెడ్ పల్లి,4500.0,2024-10-07
8,Rajasthan,RAJASTHAN,8.0,774,Beawar,ब्‍यावर,,610,Masuda,,610.0,2024-10-07
6,Haryana,HARYANA,6.0,64,Jhajjar,JHAJJAR,83.0,410,Matenhail,,410.0,2024-10-07
19,West Bengal,WEST BENGAL,19.0,308,Cooch Behar,COOCH BEHAR,329.0,2181,Mathabhanga - I,,2181.0,2024-10-07
19,West Bengal,WEST BENGAL,19.0,304,South 24 Parganas,SOUTH 24 Parganas,343.0,2430,Mathurapur - I,,2430.0,2024-10-07
8,Rajasthan,RAJASTHAN,8.0,768,Didwana-Kuchaman,डीडवाना-कुचामन,,7222,Maulasar,मौलासर,0.0,2024-10-07
36,Telangana,తెలంగాణ,0.0,501,Adilabad,ఆదిలాబాద్,532.0,6222,Mavala,మావల,0.0,2024-10-07
32,Kerala,KERALA,32.0,554,Alappuzha,ആലപ്പുഴ,598.0,5678,Mavelikkara,മാവേലിക്കര,5678.0,2024-10-07
8,Rajasthan,RAJASTHAN,8.0,117,Udaipur,UDAIPUR,130.0,685,Mavli,,685.0,2024-10-07
17,Meghalaya,MEGHALAYA,17.0,740,Eastern West Khasi Hills,,0.0,1981,Mawthadraishan,,1981.0,2024-10-07
33,Tamil Nadu,TAMIL NADU,33.0,735,Mayiladuthurai,,0.0,5796,Mayiladuthurai,,5796.0,2024-10-07
18,Assam,ASSAM,18.0,617,Udalguri,,326.0,2153,Mazbat,,2153.0,2024-10-07
36,Telangana,తెలంగాణ,0.0,700,Medchal Malkajgiri,మేడ్చల్ మల్కాజిగిరి,0.0,4519,Medchal,మేడ్చల్(M),4519.0,2024-10-07
20,Jharkhand,झारखंड,20.0,338,Palamu,पलामू,358.0,2633,Medininagar(Daltonganj),,2633.0,2024-10-07
27,Maharashtra,महाराष्ट्र,27.0,472,Buldhana,बुलढाणा,500.0,3982,Mehkar,मेहकर,3982.0,2024-10-07
24,Gujarat,GUJARAT,24.0,450,Kheda,KHEDA,483.0,3873,Mehmedabad,,3873.0,2024-10-07
9,Uttar Pradesh,UTTAR PRADESH,9.0,123,Azamgarh,AZAMGARH,191.0,970,Mehnagar,,970.0,2024-10-07
19,West Bengal,WEST BENGAL,19.0,305,Bankura,BANKURA,339.0,2357,Mejhia,,2357.0,2024-10-07
21,Odisha,ODISHA,21.0,347,Bargarh,BARGARH,370.0,2760,Melchhamunda,,2760.0,2024-10-07
28,Andhra Pradesh,ANDHRA PRADESH,28.0,519,Srikakulam,SRIKAKULAM,542.0,4774,Meliaputti,,4774.0,2024-10-07
33,Tamil Nadu,TAMIL NADU,33.0,596,Viluppuram,VILLUPURAM,607.0,6652,Melmalaiyanur,மேல்மலையனூர்,0.0,2024-10-07
13,Nagaland,NAGALAND,13.0,248,Phek,PHEK,266.0,1803,Meluri,,1803.0,2024-10-07
36,Telangana,తెలంగాణ,0.0,516,Nizamabad,నిజామాబాదు,533.0,6237,Mendora,మెండొర,0.0,2024-10-07
12,Arunachal Pradesh,ARUNACHAL PRADESH,12.0,628,Anjaw,,260.0,1740,Metengliang Circle,,1740.0,2024-10-07
36,Telangana,తెలంగాణ,0.0,681,Jagitial,జగిత్యాల,0.0,4417,Metpalli,మెట్ పల్లి,4417.0,2024-10-07
33,Tamil Nadu,TAMIL NADU,33.0,569,Coimbatore,COIMBATORE,632.0,5895,Mettupalayam,,5895.0,2024-10-07
10,Bihar,BIHAR,10.0,208,Muzaffarpur,मुजफ्फरपुर,216.0,1205,Minapur,मीनापुर,1205.0,2024-10-07
36,Telangana,తెలంగాణ,0.0,687,Jayashankar Bhupalapally,జయశంకర్ భూపాలపల్లి,0.0,4680,Mogullapally,మొగుళ్ళపల్లి,4680.0,2024-10-07
10,Bihar,BIHAR,10.0,200,Kaimur (Bhabua),कैमूर ( भभुआ ),233.0,1449,Mohania,मोहनिया,1449.0,2024-10-07
9,Uttar Pradesh,UTTAR PRADESH,9.0,162,Lucknow,LUCKNOW,157.0,822,Mohanlalganj,,822.0,2024-10-07
10,Bihar,BIHAR,10.0,196,Gaya,गया,236.0,1509,Mohanpur,मोहनपुर,1509.0,2024-10-07
10,Bihar,BIHAR,10.0,217,Samastipur,समस्तीपुर,221.0,1294,Mohiuddinagar,मोहिउद्दीनगर,1294.0,2024-10-07
14,Manipur,MANIPUR,14.0,252,Bishnupur,BISHNUPUR,275.0,1875,Moirang,,1875.0,2024-10-07
3,Punjab,PUNJAB,3.0,43,Sangrur,SANGRUR,53.0,274,Moonak,,274.0,2024-10-07
12,Arunachal Pradesh,ARUNACHAL PRADESH,12.0,240,Upper Siang,UPPER SIANG,252.0,1667,Mopom Adipasi Circle,Mopom Adipasi Circle,1667.0,2024-10-07
27,Maharashtra,महाराष्ट्र,27.0,468,Amravati,अमरावती,503.0,4006,Morshi,मोर्शी,4006.0,2024-10-07
36,Telangana,తెలంగాణ,0.0,697,Yadadri Bhuvanagiri,యదాద్రి భువనగిరి,0.0,6309,Motakonduru,మూటకొండూరు,0.0,2024-10-07
27,Maharashtra,महाराष्ट्र,27.0,472,Buldhana,बुलढाणा,500.0,3980,Motala,मोताळा,3980.0,2024-10-07
36,Telangana,తెలంగాణ,0.0,696,Suryapet,సూర్యాపేట,0.0,4640,Mothey,మోతె,4640.0,2024-10-07
21,Odisha,ODISHA,21.0,364,Malkangiri,MALKANGIRI,399.0,3230,Motu,,3230.0,2024-10-07
21,Odisha,ODISHA,21.0,352,Dhenkanal,DHENKANAL,383.0,2994,Motunga,,2994.0,2024-10-07
28,Andhra Pradesh,ANDHRA PRADESH,28.0,510,Krishna,KRISHNA,547.0,5032,Movva,,5032.0,2024-10-07
28,Andhra Pradesh,ANDHRA PRADESH,28.0,504,Y.S.R.,,551.0,5216,Muddanur,,5216.0,2024-10-07
29,Karnataka,ಕರ್ನಾಟಕ,29.0,524,Bagalkote,ಬಾಗಲಕೋಟೆ,556.0,5445,Mudhol,ಮುಧೋಳ,5445.0,2024-10-07
36,Telangana,తెలంగాణ,0.0,700,Medchal Malkajgiri,మేడ్చల్ మల్కాజిగిరి,0.0,6671,Muduchinthalapally,ముడుచింతలపల్లి,0.0,2024-10-07
3,Punjab,PUNJAB,3.0,33,Hoshiarpur,HOSHIARPUR,38.0,215,Mukerian,,215.0,2024-10-07
27,Maharashtra,महाराष्ट्र,27.0,478,Jalgaon,जळगाव,499.0,3963,Muktainagar (Edlabad),मुक्ताईनगर(एदलाबाद),3963.0,2024-10-07
12,Arunachal Pradesh,ARUNACHAL PRADESH,12.0,238,Tawang,TAWANG,245.0,1563,Mukto Circle,Mukto Circle,1563.0,2024-10-07
6,Haryana,HARYANA,6.0,58,Ambala,AMBALA,70.0,6430,Mulana St,मुलाना,0.0,2024-10-07
29,Karnataka,ಕರ್ನಾಟಕ,29.0,534,Dakshina Kannada,ದಕ್ಷಿಣ ಕನ್ನಡ,575.0,7198,Mulki,MULKI,0.0,2024-10-07
36,Telangana,తెలంగాణ,0.0,692,Siddipet,సిద్దిపేట,0.0,4486,Mulug,ములుగు,4486.0,2024-10-07
29,Karnataka,ಕರ್ನಾಟಕ,29.0,537,Gadag,ಗದಗ,561.0,5472,Mundargi,ಮುಂಡರಗಿ,5472.0,2024-10-07
21,Odisha,ODISHA,21.0,370,Rayagada,RAYAGADA,396.0,3173,Muniguda,,3173.0,2024-10-07
28,Andhra Pradesh,ANDHRA PRADESH,28.0,751,Palnadu,Palnadu,0.0,5068,Muppalla,,5068.0,2024-10-07
19,West Bengal,WEST BENGAL,19.0,307,Birbhum,BIRBHUM,334.0,2249,Murarai - I,,2249.0,2024-10-07
19,West Bengal,WEST BENGAL,19.0,307,Birbhum,BIRBHUM,334.0,2250,Murarai - II,,2250.0,2024-10-07
27,Maharashtra,महाराष्ट्र,27.0,491,Raigad,रायगड,520.0,4178,Murud,मुरूड,4178.0,2024-10-07
23,Madhya Pradesh,MADHYA PRADESH,23.0,413,Katni,कटनी,450.0,3620,Murwara Or Katni,मुरवारा और कटनी,3620.0,2024-10-07
9,Uttar Pradesh,UTTAR PRADESH,9.0,640,Amethi,Amethi,0.0,912,Musafirkhana,,912.0,2024-10-07
33,Tamil Nadu,TAMIL NADU,33.0,568,Chennai,CHENNAI,603.0,7170,Mylapore,மயிலாப்பூர்,0.0,2024-10-07
3,Punjab,PUNJAB,3.0,41,Patiala,PATIALA,48.0,252,Nabha,,252.0,2024-10-07
28,Andhra Pradesh,ANDHRA PRADESH,28.0,751,Palnadu,Palnadu,0.0,5069,Nadendla,,5069.0,2024-10-07
24,Gujarat,GUJARAT,24.0,450,Kheda,KHEDA,483.0,3876,Nadiad,,3876.0,2024-10-07
36,Telangana,తెలంగాణ,0.0,686,Hanumakonda,హనుమకొండ,0.0,6547,Nadikuda,నడికూడ,0.0,2024-10-07
12,Arunachal Pradesh,ARUNACHAL PRADESH,12.0,242,West Kameng,WEST KAMENG,246.0,1568,Nafra Eac,Nafra EAC,1568.0,2024-10-07
28,Andhra Pradesh,ANDHRA PRADESH,28.0,752,Tirupati,Tirupati,0.0,5403,Nagalapuram,,5403.0,2024-10-07
18,Assam,ASSAM,18.0,297,Nagaon,NAGAON,305.0,2035,Nagaon,,2035.0,2024-10-07
18,Assam,ASSAM,18.0,291,Kamrup,KAMRUP,321.0,2123,Nagarbera,,2123.0,2024-10-07
28,Andhra Pradesh,ANDHRA PRADESH,28.0,503,Chittoor,CHITTOOR,554.0,5406,Nagari,,5406.0,2024-10-07
10,Bihar,BIHAR,10.0,209,Nalanda,नालंदा,229.0,1379,Nagar Nausa,नगरनौसा,1379.0,2024-10-07
28,Andhra Pradesh,ANDHRA PRADESH,28.0,510,Krishna,KRISHNA,547.0,5038,Nagayalanka,,5038.0,2024-10-07
27,Maharashtra,महाराष्ट्र,27.0,484,Nagpur,नागपूर,505.0,4031,Nagpur (Rural),नागपूर (ग्रामीण),4031.0,2024-10-07
1,Jammu And Kashmir,JAMMU AND KASHMIR,1.0,7,Kathua,KATHUA,7.0,6727,Nagri,,0.0,2024-10-07
2,Himachal Pradesh,HIMACHAL PRADESH,2.0,24,Sirmaur,SIRMAUR,32.0,172,Nahan,,172.0,2024-10-07
23,Madhya Pradesh,MADHYA PRADESH,23.0,391,Ashoknagar,अशोकनगर,459.0,6973,Nai Sarai,नई सराय,0.0,2024-10-07
9,Uttar Pradesh,UTTAR PRADESH,9.0,177,Saharanpur,SAHARANPUR,132.0,703,Nakur,,703.0,2024-10-07
2,Himachal Pradesh,HIMACHAL PRADESH,2.0,25,Solan,SOLAN,31.0,161,Nalagarh,,161.0,2024-10-07
18,Assam,ASSAM,18.0,298,Nalbari,NALBARI,323.0,2136,Nalbari,,2136.0,2024-10-07
33,Tamil Nadu,TAMIL NADU,33.0,571,Dharmapuri,DHARMAPURI,630.0,6623,Nallampalli,நல்லம்பள்ளி,0.0,2024-10-07
33,Tamil Nadu,TAMIL NADU,33.0,573,Erode,ERODE,610.0,6638,Nambiyur,நம்பியூர்,0.0,2024-10-07
2,Himachal Pradesh,HIMACHAL PRADESH,2.0,15,Bilaspur,BILASPUR,30.0,157,Namhol,,157.0,2024-10-07
19,West Bengal,WEST BENGAL,19.0,304,South 24 Parganas,SOUTH 24 Parganas,343.0,2439,Namkhana,,2439.0,2024-10-07
12,Arunachal Pradesh,ARUNACHAL PRADESH,12.0,229,Changlang,CHANGLANG,253.0,1676,Nampong Sdo,Nampong SDO,1676.0,2024-10-07
12,Arunachal Pradesh,ARUNACHAL PRADESH,12.0,678,Namsai,,0.0,1732,Namsai Hq,Namsai HQ,1732.0,2024-10-07
12,Arunachal Pradesh,ARUNACHAL PRADESH,12.0,232,East Siang,EAST SIANG,251.0,6115,Namsing Circle,Namsing Circle,0.0,2024-10-07
5,Uttarakhand,UTTARAKHAND,5.0,56,Udam Singh Nagar,UDAM SINGH NAGAR,67.0,6364,Nanakmatta,,0.0,2024-10-07
35,Andaman And Nicobar Islands,ANDAMAN AND NICOBAR ISLANDS,35.0,603,Nicobars,NICOBARS,638.0,5917,Nancowry,,5917.0,2024-10-07
21,Odisha,ODISHA,21.0,362,Khordha,KHORDHA,386.0,3039,Nandankanan,,3039.0,2024-10-07
22,Chhattisgarh,छत्तीसगढ़,22.0,650,Bemetara,बेमेतरा,0.0,7248,Nandghat,नांदघाट,0.0,2024-10-07
19,West Bengal,WEST BENGAL,19.0,317,Purba Medinipur,PURBA MEDINIPUR,345.0,2485,Nandigram - II,,2485.0,2024-10-07
24,Gujarat,GUJARAT,24.0,452,Narmada,NARMADA,487.0,3910,Nandod,,3910.0,2024-10-07
5,Uttarakhand,UTTARAKHAND,5.0,47,Chamoli,CHAMOLI,57.0,6344,Nandprayag,,0.0,2024-10-07
27,Maharashtra,महाराष्ट्र,27.0,486,Nandurbar,नंदूरबार,497.0,3954,Nandurbar,नंदूरबार,3954.0,2024-10-07
6,Haryana,HARYANA,6.0,58,Ambala,AMBALA,70.0,358,Naraingarh,,358.0,2024-10-07
29,Karnataka,ಕರ್ನಾಟಕ,29.0,532,Chikkamagaluru,ಚಿಕ್ಕಮಗಳೂರು,570.0,5527,Narasimharajapura,ನರಸಿಂಹರಾಜಪುರ,5527.0,2024-10-07
5,Uttarakhand,UTTARAKHAND,5.0,47,Chamoli,CHAMOLI,57.0,6333,Narayanbagar,,0.0,2024-10-07
23,Madhya Pradesh,MADHYA PRADESH,23.0,415,Mandla,मंडला,454.0,3642,Narayanganj,नारायणगंज,3642.0,2024-10-07
36,Telangana,తెలంగాణ,0.0,721,Narayanpet,నారాయణ్ పేట్,0.0,4570,Narayanpet,నారయణ పేట్,4570.0,2024-10-07
20,Jharkhand,झारखंड,20.0,333,Jamtara,जामताड़ा,363.0,2676,Narayanpur,नारायणपुर,2676.0,2024-10-07
22,Chhattisgarh,छत्तीसगढ़,22.0,637,Narayanpur,नारायणपुर,415.0,3367,Narayanpur,,3367.0,2024-10-07
10,Bihar,BIHAR,10.0,210,Nawada,नवादा,237.0,1511,Nardiganj,नारदीगंज,1511.0,2024-10-07
29,Karnataka,ಕರ್ನಾಟಕ,29.0,537,Gadag,ಗದಗ,561.0,5468,Nargund,ನರಗುಂದ,5468.0,2024-10-07
6,Haryana,HARYANA,6.0,69,Mahendragarh,MAHENDRAGARH,84.0,412,Narnaul,,412.0,2024-10-07
6,Haryana,HARYANA,6.0,63,Hisar,HISAR,80.0,395,Narnaund,,395.0,2024-10-07
36,Telangana,తెలంగాణ,0.0,513,Medak,మెదక్,535.0,4488,Narsapur,నర్సాపూర్,4488.0,2024-10-07
36,Telangana,తెలంగాణ,0.0,721,Narayanpet,నారాయణ్ పేట్,0.0,4588,Narwa,నర్వ,4588.0,2024-10-07
9,Uttar Pradesh,UTTAR PRADESH,9.0,157,Kanpur Nagar,KANPUR NAGAR,164.0,6163,Narwal,,0.0,2024-10-07
6,Haryana,HARYANA,6.0,65,Jind,JIND,77.0,382,Narwana,,382.0,2024-10-07
27,Maharashtra,महाराष्ट्र,27.0,487,Nashik,नाशिक,516.0,4152,Nashik,नाशिक,4152.0,2024-10-07
33,Tamil Nadu,TAMIL NADU,33.0,732,Tirupathur,திருப்பத்தூர்,0.0,5963,Natrampalli,,0.0,2024-10-07
9,Uttar Pradesh,UTTAR PRADESH,9.0,164,Mahrajganj,MAHRAJGANJ,187.0,944,Nautanwa,,944.0,2024-10-07
36,Telangana,తెలంగాణ,0.0,516,Nizamabad,నిజామాబాదు,533.0,4358,Navipet,నవీపేట్,4358.0,2024-10-07
8,Rajasthan,RAJASTHAN,8.0,768,Didwana-Kuchaman,डीडवाना-कुचामन,,566,Nawa,,566.0,2024-10-07
9,Uttar Pradesh,UTTAR PRADESH,9.0,129,Bara Banki,BARA BANKI,176.0,898,Nawabganj,,898.0,2024-10-07
36,Telangana,తెలంగాణ,0.0,698,Vikarabad,వికారాబాద్,0.0,4514,Nawabpet,నవాబ్ పేట్,4514.0,2024-10-07
20,Jharkhand,झारखंड,20.0,338,Palamu,पलामू,358.0,2621,Nawadiha Bazar/Nawadiha*,,2621.0,2024-10-07
22,Chhattisgarh,छत्तीसगढ़,22.0,762,Sakti,सक्ती,0.0,7267,Naya Baradwar,नया बाराद्वार,0.0,2024-10-07
21,Odisha,ODISHA,21.0,367,Nayagarh,NAYAGARH,385.0,3028,Nayagarh,,3028.0,2024-10-07
23,Madhya Pradesh,MADHYA PRADESH,23.0,419,Neemuch,नीमच,432.0,7035,Neemuch Nagar,नीमच नगर,0.0,2024-10-07
33,Tamil Nadu,TAMIL NADU,33.0,731,Ranipet,ராணிப்பேட்டை,0.0,6664,Nemili,நெமிலி,0.0,2024-10-07
36,Telangana,తెలంగాణ,0.0,684,Mancherial,మంచిర్యాల్,0.0,4331,Nennel,నెన్నెల్,4331.0,2024-10-07
27,Maharashtra,महाराष्ट्र,27.0,500,Yavatmal,यवतमाळ,510.0,4079,Ner,नेर,4079.0,2024-10-07
36,Telangana,తెలంగాణ,0.0,501,Adilabad,ఆదిలాబాద్,532.0,4325,Neradigonda,నేరడిగొండ,4325.0,2024-10-07
2,Himachal Pradesh,HIMACHAL PRADESH,2.0,23,Shimla,SHIMLA,33.0,187,Nerwa,,187.0,2024-10-07
12,Arunachal Pradesh,ARUNACHAL PRADESH,12.0,719,Lower Siang,LOWER SIANG,0.0,6575,New Seren Circle,New Seren Circle,0.0,2024-10-07
9,Uttar Pradesh,UTTAR PRADESH,9.0,164,Mahrajganj,MAHRAJGANJ,187.0,945,Nichlaul,,945.0,2024-10-07
12,Arunachal Pradesh,ARUNACHAL PRADESH,12.0,243,West Siang,WEST SIANG,250.0,6587,Nikte Kodum Circle,,0.0,2024-10-07
21,Odisha,ODISHA,21.0,369,Puri,PURI,387.0,3058,Nimapada,,3058.0,2024-10-07
28,Andhra Pradesh,ANDHRA PRADESH,28.0,753,Annamayya,Annamayya,0.0,5393,Nimmanapalle,,5393.0,2024-10-07
28,Andhra Pradesh,ANDHRA PRADESH,28.0,503,Chittoor,CHITTOOR,554.0,5404,Nindra,,5404.0,2024-10-07
29,Karnataka,ಕರ್ನಾಟಕ,29.0,527,Belagavi,ಬೆಳಗಾವಿ,555.0,7105,Nippani,,0.0,2024-10-07
21,Odisha,ODISHA,21.0,362,Khordha,KHORDHA,386.0,3051,Nirakarpur,,3051.0,2024-10-07
36,Telangana,తెలంగాణ,0.0,680,Nirmal,నిర్మల్,0.0,6210,Nirmal Rural,నిర్మల్ (రూరల్),0.0,2024-10-07
2,Himachal Pradesh,HIMACHAL PRADESH,2.0,20,Kullu,KULLU,26.0,6886,Nither,,0.0,2024-10-07
36,Telangana,తెలంగాణ,0.0,516,Nizamabad,నిజామాబాదు,533.0,4368,Nizamabad North,నిజామాబాదు నార్త్,4368.0,2024-10-07
36,Telangana,తెలంగాణ,0.0,516,Nizamabad,నిజామాబాదు,533.0,6385,Nizamabad South,నిజామాబాదు సౌత్,0.0,2024-10-07
36,Telangana,తెలంగాణ,0.0,513,Medak,మెదక్,535.0,6271,Nizampet,నిజాంపేట్,0.0,2024-10-07
8,Rajasthan,RAJASTHAN,8.0,101,Hanumangarh,HANUMANGARH,100.0,471,Nohar,,471.0,2024-10-07
8,Rajasthan,RAJASTHAN,8.0,93,Bikaner,BIKANER,101.0,477,Nokha,,477.0,2024-10-07
13,Nagaland,NAGALAND,13.0,736,Noklak,Noklak,0.0,1821,Noklak,,1821.0,2024-10-07
13,Nagaland,NAGALAND,13.0,249,Tuensang,TUENSANG,267.0,1814,Noksen,,1814.0,2024-10-07
23,Madhya Pradesh,MADHYA PRADESH,23.0,398,Chhatarpur,छ्तरपुर,425.0,3427,Nowgong,नौगांव,3427.0,2024-10-07
6,Haryana,HARYANA,6.0,604,Nuh,नूँह,87.0,422,Nuh,,422.0,2024-10-07
28,Andhra Pradesh,ANDHRA PRADESH,28.0,748,Eluru,Eluru,0.0,5003,Nuzividu,Nuzividu,5003.0,2024-10-07
36,Telangana,తెలంగాణ,0.0,691,Sangareddy,సంగారెడ్డి,0.0,4473,Nyalkal,న్యాల్ కల్,4473.0,2024-10-07
28,Andhra Pradesh,ANDHRA PRADESH,28.0,753,Annamayya,Annamayya,0.0,5248,Obulavaripalle,,5248.0,2024-10-07
33,Tamil Nadu,TAMIL NADU,33.0,572,Dindigul,DINDIGUL,612.0,5761,Oddanchatram,,5761.0,2024-10-07
24,Gujarat,GUJARAT,24.0,459,Surat,SURAT,492.0,3932,Olpad,,3932.0,2024-10-07
28,Andhra Pradesh,ANDHRA PRADESH,28.0,517,Prakasam,PRAKASAM,549.0,5139,Ongole,,5139.0,2024-10-07
33,Tamil Nadu,TAMIL NADU,33.0,594,Thoothukkudi,Thoothukkudi,627.0,5865,Ottapidaram,,5865.0,2024-10-07
28,Andhra Pradesh,ANDHRA PRADESH,28.0,755,Nandyal,Nandyal,0.0,5295,Owk,,5295.0,2024-10-07
10,Bihar,BIHAR,10.0,197,Gopalganj,गोपालगंज,217.0,1218,Pach Deuri,पंचदेवरी,1218.0,2024-10-07
23,Madhya Pradesh,MADHYA PRADESH,23.0,422,Rajgarh,राजगढ़,442.0,3569,Pachore,पचोर,3569.0,2024-10-07
8,Rajasthan,RAJASTHAN,8.0,100,Ganganagar,GANGANAGAR,99.0,460,Padampur,,460.0,2024-10-07
24,Gujarat,GUJARAT,24.0,457,Rajkot,RAJKOT,476.0,3802,Paddhari,,3802.0,2024-10-07
24,Gujarat,GUJARAT,24.0,461,Vadodara,VADODARA,486.0,3906,Padra,,3906.0,2024-10-07
1,Jammu And Kashmir,JAMMU AND KASHMIR,1.0,1,Anantnag,ANANTNAG,14.0,53,Pahalgam,,53.0,2024-10-07
8,Rajasthan,RAJASTHAN,8.0,767,Deeg,डीग,,505,Pahari,,505.0,2024-10-07
10,Bihar,BIHAR,10.0,213,Purbi Champaran,पूर्वी चंपारण,204.0,1044,Paharpur,पहाङपुर,1044.0,2024-10-07
21,Odisha,ODISHA,21.0,347,Bargarh,BARGARH,370.0,2755,Paikamal,,2755.0,2024-10-07
28,Andhra Pradesh,ANDHRA PRADESH,28.0,752,Tirupati,Tirupati,0.0,5396,Pakala,,5396.0,2024-10-07
22,Chhattisgarh,छत्तीसगढ़,22.0,381,Uttar Bastar Kanker,उत्तर बस्तर कांकेर,413.0,3354,Pakhanjur,,3354.0,2024-10-07
10,Bihar,BIHAR,10.0,210,Nawada,नवादा,237.0,1515,Pakribarawan,पकरीबरावाँ,1515.0,2024-10-07
28,Andhra Pradesh,ANDHRA PRADESH,28.0,743,Parvathipuram Manyam,Parvathipuram Manyam,0.0,4784,Palakonda,,4784.0,2024-10-07
36,Telangana,తెలంగాణ,0.0,682,Peddapalli,పెద్దపల్లి,0.0,6215,Palakurthy,పాలకుర్తి,0.0,2024-10-07
36,Telangana,తెలంగాణ,0.0,689,Jangoan,జనగాం,0.0,4697,Palakurthy,పాలకుర్తి,4697.0,2024-10-07
18,Assam,ASSAM,18.0,291,Kamrup,KAMRUP,321.0,2125,Palasbari,,2125.0,2024-10-07
8,Rajasthan,RAJASTHAN,8.0,111,Pali,PALI,118.0,601,Pali,,601.0,2024-10-07
23,Madhya Pradesh,MADHYA PRADESH,23.0,436,Umaria,उमरिया,431.0,3485,Pali,पाली,3485.0,2024-10-07
20,Jharkhand,झारखंड,20.0,324,Deoghar,देवघर,350.0,2554,Palojori,पालोजोरी,2554.0,2024-10-07
27,Maharashtra,महाराष्ट्र,27.0,493,Sangli,सांगली,531.0,4297,Palus,पलुस,4297.0,2024-10-07
36,Telangana,తెలంగాణ,0.0,690,Bhadradri Kothagudem,భద్రాద్రి కొత్తగూడెం,0.0,4737,Palvoncha,పాల్వంచ,4737.0,2024-10-07
28,Andhra Pradesh,ANDHRA PRADESH,28.0,510,Krishna,KRISHNA,547.0,5026,Pamidimukkala,,5026.0,2024-10-07
28,Andhra Pradesh,ANDHRA PRADESH,28.0,755,Nandyal,Nandyal,0.0,5266,Pamulapadu,,5266.0,2024-10-07
10,Bihar,BIHAR,10.0,218,Saran,सारण,219.0,1249,Panapur,पानापुर,1249.0,2024-10-07
19,West Bengal,WEST BENGAL,19.0,313,Howrah,HOWRAH,341.0,2405,Panchla,,2405.0,2024-10-07
19,West Bengal,WEST BENGAL,19.0,312,Hooghly,HOOGHLY,338.0,2344,Pandua,,2344.0,2024-10-07
27,Maharashtra,महाराष्ट्र,27.0,480,Kolhapur,कोल्हापूर,530.0,4284,Panhala,पन्हाळा,4284.0,2024-10-07
33,Tamil Nadu,TAMIL NADU,33.0,570,Cuddalore,CUDDALORE,617.0,5788,Panruti,,5788.0,2024-10-07
13,Nagaland,NAGALAND,13.0,736,Noklak,Noklak,0.0,1824,Panso,,1824.0,2024-10-07
33,Tamil Nadu,TAMIL NADU,33.0,586,Thanjavur,THANJAVUR,620.0,5812,Papanasam,,5812.0,2024-10-07
21,Odisha,ODISHA,21.0,353,Gajapati,GAJAPATI,389.0,3105,Paralakhemundi,,3105.0,2024-10-07
27,Maharashtra,महाराष्ट्र,27.0,488,Dharashiv,धाराशिव,525.0,4236,Paranda,परंडा,4236.0,2024-10-07
23,Madhya Pradesh,MADHYA PRADESH,23.0,392,Balaghat,बालाघाट,457.0,3675,Paraswada,परसवाडा,3675.0,2024-10-07
10,Bihar,BIHAR,10.0,209,Nalanda,नालंदा,229.0,1389,Parbalpur,परवलपुर,1389.0,2024-10-07
24,Gujarat,GUJARAT,24.0,462,Valsad,VALSAD,491.0,3929,Pardi,,3929.0,2024-10-07
27,Maharashtra,महाराष्ट्र,27.0,466,Ahmednagar,अहमदनगर,522.0,4211,Parner,पारनेर,4211.0,2024-10-07
27,Maharashtra,महाराष्ट्र,27.0,479,Jalna,जालना,514.0,4131,Partur,परतूर,4131.0,2024-10-07
36,Telangana,తెలంగాణ,0.0,522,Warangal,వరంగల్,540.0,4714,Parvathagiri,పర్వతగిరి,4714.0,2024-10-07
22,Chhattisgarh,छत्तीसगढ़,22.0,383,Korba,कोरबा,404.0,7237,Pasan,पसान,0.0,2024-10-07
12,Arunachal Pradesh,ARUNACHAL PRADESH,12.0,232,East Siang,EAST SIANG,251.0,6118,Pasighat Hq,Pasighat HQ,0.0,2024-10-07
20,Jharkhand,झारखंड,20.0,338,Palamu,पलामू,358.0,2626,Patan,,2626.0,2024-10-07
7,Delhi,DELHI,7.0,85,West,WEST,96.0,448,Patel Nagar,,448.0,2024-10-07
20,Jharkhand,झारखंड,20.0,323,Chatra,चतरा,347.0,2523,Pathalgora,पथलगड्डा,2523.0,2024-10-07
28,Andhra Pradesh,ANDHRA PRADESH,28.0,519,Srikakulam,SRIKAKULAM,542.0,4773,Pathapatnam,,4773.0,2024-10-07
27,Maharashtra,महाराष्ट्र,27.0,466,Ahmednagar,अहमदनगर,522.0,4208,Pathardi,पाथर्डी,4208.0,2024-10-07
22,Chhattisgarh,छत्तीसगढ़,22.0,647,Mungeli,मुंगेली,0.0,3293,Pathariya,,3293.0,2024-10-07
18,Assam,ASSAM,18.0,293,Karimganj,KARIMGANJ,317.0,2104,Patharkandi,,2104.0,2024-10-07
5,Uttarakhand,UTTARAKHAND,5.0,48,Champawat,CHAMPAWAT,65.0,335,Pati,,335.0,2024-10-07
32,Kerala,KERALA,32.0,563,Palakkad,പാലക്കാട്,593.0,5940,Pattambi,പട്ടാമ്പി,0.0,2024-10-07
27,Maharashtra,महाराष्ट्र,27.0,471,Bhandara,भंडारा,506.0,4042,Pauni,पवनी,4042.0,2024-10-07
29,Karnataka,ಕರ್ನಾಟಕ,29.0,548,Tumakuru,ತುಮಕೂರು,571.0,5534,Pavagada,ಪಾವಗಡ,5534.0,2024-10-07
8,Rajasthan,RAJASTHAN,8.0,782,Kotputli-Behror,कोटपूतली-बहरोड,,6924,Pavta,पावटा,0.0,2024-10-07
28,Andhra Pradesh,ANDHRA PRADESH,28.0,744,Anakapalli,Anakapalli,0.0,4881,Payakaraopeta,,4881.0,2024-10-07
32,Kerala,KERALA,32.0,557,Kannur,കണ്ണൂര്‍,589.0,6599,Payyannur,പയ്യന്നൂർ,0.0,2024-10-07
36,Telangana,తెలంగాణ,0.0,693,Wanaparthy,వనపర్తి,0.0,4602,Pebbair,పెబ్బెర్,4602.0,2024-10-07
28,Andhra Pradesh,ANDHRA PRADESH,28.0,520,Visakhapatnam,విశాఖపట్నం,544.0,4868,Pedagantyada,,4868.0,2024-10-07
28,Andhra Pradesh,ANDHRA PRADESH,28.0,510,Krishna,KRISHNA,547.0,5030,Pedana,,5030.0,2024-10-07
28,Andhra Pradesh,ANDHRA PRADESH,28.0,510,Krishna,KRISHNA,547.0,5022,Pedaparupudi,,5022.0,2024-10-07
28,Andhra Pradesh,ANDHRA PRADESH,28.0,517,Prakasam,PRAKASAM,549.0,5101,Peddaaraveedu,పెద్దారవీడు,5101.0,2024-10-07
36,Telangana,తెలంగాణ,0.0,685,Kamareddy,కామారెడ్డి,0.0,6245,Pedda Kodapgal,పెద్ద కోడపగల్,0.0,2024-10-07
28,Andhra Pradesh,ANDHRA PRADESH,28.0,504,Y.S.R.,,551.0,5201,Peddamudiam,పెద్దముడియం,5201.0,2024-10-07
28,Andhra Pradesh,ANDHRA PRADESH,28.0,753,Annamayya,Annamayya,0.0,5390,Pedda Thippasamudram,,5390.0,2024-10-07
19,West Bengal,WEST BENGAL,19.0,702,Kalimpong,KALIMPONG,0.0,7051,Pedong,,0.0,2024-10-07
8,Rajasthan,RAJASTHAN,8.0,629,Pratapgarh,PRATAPGARH,131.0,697,Peepalkhoont,,697.0,2024-10-07
28,Andhra Pradesh,ANDHRA PRADESH,28.0,510,Krishna,KRISHNA,547.0,5024,Penamaluru,,5024.0,2024-10-07
22,Chhattisgarh,छत्तीसगढ़,22.0,734,Gaurela-Pendra-Marwahi,गौरेला-पेंड्रा-मरवाही,0.0,3289,Pendra,,3289.0,2024-10-07
36,Telangana,తెలంగాణ,0.0,694,Nagarkurnool,నాగర్ కర్నూల్,0.0,6292,Pentlavelli,పెంట్లవెల్లి,0.0,2024-10-07
28,Andhra Pradesh,ANDHRA PRADESH,28.0,749,Ntr,NTR,0.0,4992,Penuganchiprolu,,4992.0,2024-10-07
28,Andhra Pradesh,ANDHRA PRADESH,28.0,754,Sri Sathya Sai,Sri Sathya Sai,0.0,5356,Penukonda,,5356.0,2024-10-07
28,Andhra Pradesh,ANDHRA PRADESH,28.0,503,Chittoor,CHITTOOR,554.0,5409,Penumur,Penumur,5409.0,2024-10-07
33,Tamil Nadu,TAMIL NADU,33.0,578,Madurai,MADURAI,623.0,5839,Peraiyur,,5839.0,2024-10-07
32,Kerala,KERALA,32.0,562,Malappuram,മലപ്പുറം,592.0,5643,Perinthalmanna,പെരിന്തല്‍മണ്ണ,5643.0,2024-10-07
33,Tamil Nadu,TAMIL NADU,33.0,569,Coimbatore,COIMBATORE,632.0,5957,Perur,,0.0,2024-10-07
27,Maharashtra,महाराष्ट्र,27.0,487,Nashik,नाशिक,516.0,4150,Peth,पेठ,4150.0,2024-10-07
28,Andhra Pradesh,ANDHRA PRADESH,28.0,747,Dr. B.R. Ambedkar Konaseema,డా బి ఆర్  అంబేడ్కర్ కోనసీమ,0.0,4934,P.Gannavaram,,4934.0,2024-10-07
27,Maharashtra,महाराष्ट्र,27.0,494,Satara,सातारा,527.0,4258,Phaltan,फलटण,4258.0,2024-10-07
13,Nagaland,NAGALAND,13.0,248,Phek,PHEK,266.0,1801,Phek Sadar,,1801.0,2024-10-07
21,Odisha,ODISHA,21.0,359,Kandhamal,KANDHAMAL,390.0,3118,Phiringia,,3118.0,2024-10-07
21,Odisha,ODISHA,21.0,359,Kandhamal,KANDHAMAL,390.0,3111,Phulabani,,3111.0,2024-10-07
8,Rajasthan,RAJASTHAN,8.0,783,Jaipur (Gramin),जयपुर (ग्रामीण),,542,Phulera (Hq.Sambhar),,542.0,2024-10-07
15,Mizoram,MIZORAM,15.0,727,Saitual,SAITUAL,0.0,1903,Phullen,,1903.0,2024-10-07
9,Uttar Pradesh,UTTAR PRADESH,9.0,120,Prayagraj,PRAYAGRAJ,175.0,889,Phulpur,,889.0,2024-10-07
9,Uttar Pradesh,UTTAR PRADESH,9.0,123,Azamgarh,AZAMGARH,191.0,968,Phulpur,,968.0,2024-10-07
10,Bihar,BIHAR,10.0,212,Patna,पटना,230.0,1402,Phulwari,फुलवारी,1402.0,2024-10-07
10,Bihar,BIHAR,10.0,197,Gopalganj,गोपालगंज,217.0,1220,Phulwaria,फुलवरिया,1220.0,2024-10-07
14,Manipur,MANIPUR,14.0,717,Kamjong,,0.0,1890,Phungyar,,1890.0,2024-10-07
8,Rajasthan,RAJASTHAN,8.0,106,Jhunjhunu,JHUNJHUNU,103.0,7386,Pilani,पिलानी,0.0,2024-10-07
8,Rajasthan,RAJASTHAN,8.0,115,Sirohi,SIROHI,117.0,594,Pindwara,,594.0,2024-10-07
19,West Bengal,WEST BENGAL,19.0,318,Paschim Medinipur,PASCHIM MEDINIPUR,344.0,2463,Pingla,,2463.0,2024-10-07
12,Arunachal Pradesh,ARUNACHAL PRADESH,12.0,231,East Kameng,EAST KAMENG,247.0,1587,Pipu Dipu Circle,,1587.0,2024-10-07
8,Rajasthan,RAJASTHAN,8.0,105,Jhalawar,JHALAWAR,129.0,683,Pirawa,,683.0,2024-10-07
10,Bihar,BIHAR,10.0,193,Bhojpur,भोजपुर,231.0,1429,Piro,पिरो,1429.0,2024-10-07
20,Jharkhand,झारखंड,20.0,329,Giridih,गिरिडीह,349.0,2544,Pirtanr,पीरटाँड़,2544.0,2024-10-07
12,Arunachal Pradesh,ARUNACHAL PRADESH,12.0,678,Namsai,,0.0,6121,Piyong Circle,Piyong Circle,0.0,2024-10-07
12,Arunachal Pradesh,ARUNACHAL PRADESH,12.0,723,Pakke Kessang,PAKKE KESSANG,0.0,6100,Pizirang Veo Circle,,0.0,2024-10-07
5,Uttarakhand,UTTARAKHAND,5.0,47,Chamoli,CHAMOLI,57.0,286,Pokhari,,286.0,2024-10-07
21,Odisha,ODISHA,21.0,354,Ganjam,GANJAM,388.0,3081,Polasara,,3081.0,2024-10-07
27,Maharashtra,महाराष्ट्र,27.0,473,Chandrapur,चंद्रपूर,509.0,4073,Pombhurna,पोम्भूर्णा,4073.0,2024-10-07
30,Goa,GOA,30.0,552,South Goa,SOUTH GOA,586.0,5614,Ponda,,5614.0,2024-10-07
22,Chhattisgarh,छत्तीसगढ़,22.0,384,Korea,कोरिया,400.0,7270,Pondi(Bachra),पोंडी(बचरा),0.0,2024-10-07
28,Andhra Pradesh,ANDHRA PRADESH,28.0,519,Srikakulam,SRIKAKULAM,542.0,4803,Ponduru,,4803.0,2024-10-07
29,Karnataka,ಕರ್ನಾಟಕ,29.0,541,Kodagu,ಕೊಡಗು,576.0,7125,Ponnampet,PONNAMPET,0.0,2024-10-07
28,Andhra Pradesh,ANDHRA PRADESH,28.0,506,Guntur,GUNTUR,548.0,5084,Ponnur,,5084.0,2024-10-07
35,Andaman And Nicobar Islands,ANDAMAN AND NICOBAR ISLANDS,35.0,602,South Andamans,SOUTH ANDAMANS,640.0,5923,Port Blair,,5923.0,2024-10-07
10,Bihar,BIHAR,10.0,203,Kishanganj,किशनगंज,210.0,1124,Pothia,पोठिया,1124.0,2024-10-07
22,Chhattisgarh,छत्तीसगढ़,22.0,383,Korba,कोरबा,404.0,3273,Poundi-Uproda,,3273.0,2024-10-07
9,Uttar Pradesh,UTTAR PRADESH,9.0,180,Shahjahanpur,SHAHJAHANPUR,152.0,793,Powayan,,793.0,2024-10-07
8,Rajasthan,RAJASTHAN,8.0,87,Alwar,ALWAR,104.0,7387,Pratapgarh,प्रतापगढ़,0.0,2024-10-07
8,Rajasthan,RAJASTHAN,8.0,629,Pratapgarh,PRATAPGARH,131.0,699,Pratapgarh,,699.0,2024-10-07
5,Uttarakhand,UTTARAKHAND,5.0,55,Tehri Garhwal,TEHRI GARHWAL,59.0,295,Pratapnagar,,295.0,2024-10-07
22,Chhattisgarh,छत्तीसगढ़,22.0,648,Surajpur,सूरजपुर,0.0,3239,Pratappur,प्रतापपुर,3239.0,2024-10-07
28,Andhra Pradesh,ANDHRA PRADESH,28.0,746,Kakinada,Kakinada,0.0,4900,Prathipadu,,4900.0,2024-10-07
28,Andhra Pradesh,ANDHRA PRADESH,28.0,503,Chittoor,CHITTOOR,554.0,5395,Pulicherla,,5395.0,2024-10-07
23,Madhya Pradesh,MADHYA PRADESH,23.0,405,Khandwa (East Nimar),खण्डवा (पूर्व निमाड़),466.0,3717,Punasa,पुनासा,3717.0,2024-10-07
27,Maharashtra,महाराष्ट्र,27.0,490,Pune,पुणे,521.0,4194,Pune City,पुणे शहर,4194.0,2024-10-07
27,Maharashtra,महाराष्ट्र,27.0,489,Parbhani,परभणी,513.0,4124,Purna,पुर्णा,4124.0,2024-10-07
19,West Bengal,WEST BENGAL,19.0,312,Hooghly,HOOGHLY,338.0,2341,Pursura,,2341.0,2024-10-07
14,Manipur,MANIPUR,14.0,257,Senapati,SENAPATI,272.0,1860,Purul,,1860.0,2024-10-07
21,Odisha,ODISHA,21.0,354,Ganjam,GANJAM,388.0,3089,Purusottampur,,3089.0,2024-10-07
8,Rajasthan,RAJASTHAN,8.0,86,Ajmer,AJMER,119.0,6655,Pushkar,Pushkar,0.0,2024-10-07
1,Jammu And Kashmir,JAMMU AND KASHMIR,1.0,1,Anantnag,ANANTNAG,14.0,6817,Qazigund,Qazigund,0.0,2024-10-07
28,Andhra Pradesh,ANDHRA PRADESH,28.0,517,Prakasam,PRAKASAM,549.0,5132,Racherla,,5132.0,2024-10-07
24,Gujarat,GUJARAT,24.0,455,Patan,PATAN,470.0,3745,Radhanpur,,3745.0,2024-10-07
1,Jammu And Kashmir,JAMMU AND KASHMIR,1.0,3,Baramulla,BARAMULLA,8.0,33,Rafiabad,,33.0,2024-10-07
10,Bihar,BIHAR,10.0,189,Aurangabad,औरंगाबाद,235.0,1479,Rafiganj,रफीगंज,1479.0,2024-10-07
36,Telangana,తెలంగాణ,0.0,509,Khammam,ఖమ్మం,541.0,4757,Raghunadhapalem,రఘునాథపాలెం,4757.0,2024-10-07
19,West Bengal,WEST BENGAL,19.0,319,Murshidabad,MURSHIDABAD,333.0,2227,Raghunathganj - I,,2227.0,2024-10-07
19,West Bengal,WEST BENGAL,19.0,319,Murshidabad,MURSHIDABAD,333.0,2228,Raghunathganj - II,,2228.0,2024-10-07
10,Bihar,BIHAR,10.0,222,Siwan,सिवान,218.0,1244,Raghunathpur,रघुनाथपुर,1244.0,2024-10-07
10,Bihar,BIHAR,10.0,209,Nalanda,नालंदा,229.0,1382,Rahui,रहुई,1382.0,2024-10-07
20,Jharkhand,झारखंड,20.0,331,Gumla,गुमला,366.0,2716,Raidih,,2716.0,2024-10-07
36,Telangana,తెలంగాణ,0.0,691,Sangareddy,సంగారెడ్డి,0.0,4472,Raikode,రాయకోడ్,4472.0,2024-10-07
36,Telangana,తెలంగాణ,0.0,692,Siddipet,సిద్దిపేట,0.0,6283,Raipole,రాయపోల్,0.0,2024-10-07
8,Rajasthan,RAJASTHAN,8.0,92,Bhilwara,BHILWARA,122.0,632,Raipur,,632.0,2024-10-07
21,Odisha,ODISHA,21.0,373,Sundargarh,SUNDARGARH,374.0,2814,Rajagangapur,,2814.0,2024-10-07
2,Himachal Pradesh,HIMACHAL PRADESH,2.0,18,Kangra,KANGRA,24.0,7288,Raja Ka Talab,,0.0,2024-10-07
28,Andhra Pradesh,ANDHRA PRADESH,28.0,753,Annamayya,Annamayya,0.0,5246,Rajampet,,5246.0,2024-10-07
28,Andhra Pradesh,ANDHRA PRADESH,28.0,505,East Godavari,EAST GODAVARI,545.0,4908,Rajanagaram,,4908.0,2024-10-07
19,West Bengal,WEST BENGAL,19.0,303,North 24 Parganas,NORTH TWENTY FOUR PARGANAS,337.0,2332,Rajarhat,,2332.0,2024-10-07
10,Bihar,BIHAR,10.0,210,Nawada,नवादा,237.0,1524,Rajauli,रजौली,1524.0,2024-10-07
6,Haryana,HARYANA,6.0,66,Kaithal,KAITHAL,73.0,6447,Rajaund St,राजौंद,0.0,2024-10-07
28,Andhra Pradesh,ANDHRA PRADESH,28.0,745,Alluri Sitharama Raju,Alluri Sitharama Raju,0.0,4888,Rajavommangi,,4888.0,2024-10-07
36,Telangana,తెలంగాణ,0.0,518,Ranga Reddy,రంగా రెడ్డి,537.0,4527,Rajendranagar,రాజేంద్ర నగర్,4527.0,2024-10-07
5,Uttarakhand,UTTARAKHAND,5.0,57,Uttar Kashi,UTTAR KASHI,56.0,280,Rajgarhi,,280.0,2024-10-07
24,Gujarat,GUJARAT,24.0,457,Rajkot,RAJKOT,476.0,3803,Rajkot,,3803.0,2024-10-07
20,Jharkhand,झारखंड,20.0,340,Sahebganj,साहेबगंज,352.0,2569,Rajmahal,,2569.0,2024-10-07
21,Odisha,ODISHA,21.0,360,Kendrapara,KENDRAPARA,379.0,2923,Rajnagar,,2923.0,2024-10-07
7,Delhi,DELHI,7.0,85,West,WEST,96.0,449,Rajouri Garden,,449.0,2024-10-07
1,Jammu And Kashmir,JAMMU AND KASHMIR,1.0,11,Pulwama,PULWAMA,12.0,6796,Rajpora,Rajpora,0.0,2024-10-07
10,Bihar,BIHAR,10.0,194,Buxar,बक्सर,232.0,1443,Rajpur,राजपुर,1443.0,2024-10-07
28,Andhra Pradesh,ANDHRA PRADESH,28.0,754,Sri Sathya Sai,Sri Sathya Sai,0.0,5348,Ramagiri,,5348.0,2024-10-07
22,Chhattisgarh,छत्तीसगढ़,22.0,649,Balrampur-Ramanujganj,बलरामपुर-रामानुजगंज,0.0,3236,Ramanujganj,रामानुजगंज,3236.0,2024-10-07
22,Chhattisgarh,छत्तीसगढ़,22.0,648,Surajpur,सूरजपुर,0.0,3245,Ramanujnagar,रामानुजनगर,3245.0,2024-10-07
36,Telangana,తెలంగాణ,0.0,691,Sangareddy,సంగారెడ్డి,0.0,4495,Ramchandrapuram,రామచంద్రాపురం,4495.0,2024-10-07
29,Karnataka,ಕರ್ನಾಟಕ,29.0,527,Belagavi,ಬೆಳಗಾವಿ,555.0,5442,Ramdurg,ರಾಮದುರ್ಗ,5442.0,2024-10-07
8,Rajasthan,RAJASTHAN,8.0,109,Kota,KOTA,127.0,668,Ramganj Mandi,,668.0,2024-10-07
1,Jammu And Kashmir,JAMMU AND KASHMIR,1.0,624,Samba,SAMBA,22.0,6724,Ramgarh,Ram Garh,0.0,2024-10-07
8,Rajasthan,RAJASTHAN,8.0,97,Dausa,DAUSA,109.0,6908,Ramgarh Pachwara,रामगढ पचवारा,0.0,2024-10-07
8,Rajasthan,RAJASTHAN,8.0,114,Sikar,SIKAR,111.0,6388,Ramgarh Shekawati,रामगढ़ शेखावाटी,0.0,2024-10-07
19,West Bengal,WEST BENGAL,19.0,317,Purba Medinipur,PURBA MEDINIPUR,345.0,2494,Ramnagar - II,,2494.0,2024-10-07
9,Uttar Pradesh,UTTAR PRADESH,9.0,176,Rampur,RAMPUR,136.0,726,Rampur,,726.0,2024-10-07
10,Bihar,BIHAR,10.0,200,Kaimur (Bhabua),कैमूर ( भभुआ ),233.0,1454,Rampur,रामपुर,1454.0,2024-10-07
8,Rajasthan,RAJASTHAN,8.0,783,Jaipur (Gramin),जयपुर (ग्रामीण),,7391,Rampura Dabdi,रामपुरा डाबड़ी,0.0,2024-10-07
1,Jammu And Kashmir,JAMMU AND KASHMIR,1.0,5,Jammu,JAMMU,21.0,80,Ranbir Singh Pura,Ranbir Singh Pura,80.0,2024-10-07
11,Sikkim,SIKKIM,11.0,741,Pakyong,Pakyong,0.0,6396,Rangpo,,0.0,2024-10-07
8,Rajasthan,RAJASTHAN,8.0,111,Pali,PALI,118.0,6898,Rani,रानी,0.0,2024-10-07
29,Karnataka,ಕರ್ನಾಟಕ,29.0,540,Haveri,ಹಾವೇರಿ,564.0,5495,Ranibennur,ರಾಣೆಬೆನ್ನೂರು,5495.0,2024-10-07
19,West Bengal,WEST BENGAL,19.0,704,Paschim Bardhaman,PASCHIM BARDHAMAN,0.0,2271,Raniganj,,2271.0,2024-10-07
17,Meghalaya,MEGHALAYA,17.0,658,South West Khasi Hills,SOUTH WEST KHASI HILLS,0.0,1983,Ranikor,,1983.0,2024-10-07
19,West Bengal,WEST BENGAL,19.0,319,Murshidabad,MURSHIDABAD,333.0,2236,Raninagar - I,,2236.0,2024-10-07
20,Jharkhand,झारखंड,20.0,326,Dumka,दुमका,362.0,2672,Ranishwar,,2672.0,2024-10-07
23,Madhya Pradesh,MADHYA PRADESH,23.0,411,Jabalpur,जबलपुर,451.0,7025,Ranjhi,रांझी,0.0,2024-10-07
24,Gujarat,GUJARAT,24.0,449,Kachchh,KACHCHH,468.0,3723,Rapar,,3723.0,2024-10-07
28,Andhra Pradesh,ANDHRA PRADESH,28.0,502,Ananthapuramu,అనంతపురము,553.0,5331,Rapthadu,Rapthadu,5331.0,2024-10-07
28,Andhra Pradesh,ANDHRA PRADESH,28.0,515,Sri Potti Sriramulu Nellore,శ్రీ పొట్టి శ్రీరాములు నెల్లూరు,550.0,5175,Rapur,,5175.0,2024-10-07
8,Rajasthan,RAJASTHAN,8.0,767,Deeg,डीग,,7369,Rarah,रारह,0.0,2024-10-07
9,Uttar Pradesh,UTTAR PRADESH,9.0,149,Hamirpur,HAMIRPUR,168.0,865,Rath,,865.0,2024-10-07
27,Maharashtra,महाराष्ट्र,27.0,478,Jalgaon,जळगाव,499.0,3962,Raver,रावेर,3962.0,2024-10-07
28,Andhra Pradesh,ANDHRA PRADESH,28.0,744,Anakapalli,Anakapalli,0.0,4856,Ravikamatham,,4856.0,2024-10-07
28,Andhra Pradesh,ANDHRA PRADESH,28.0,502,Ananthapuramu,అనంతపురము,553.0,5305,Rayadurg,,5305.0,2024-10-07
28,Andhra Pradesh,ANDHRA PRADESH,28.0,747,Dr. B.R. Ambedkar Konaseema,డా బి ఆర్  అంబేడ్కర్ కోనసీమ,0.0,4921,Rayavaram,,4921.0,2024-10-07
12,Arunachal Pradesh,ARUNACHAL PRADESH,12.0,679,Siang,,0.0,1647,Rebo Perging Circle,,1647.0,2024-10-07
21,Odisha,ODISHA,21.0,346,Baleshwar,BALESHWAR,377.0,2902,Remuna,,2902.0,2024-10-07
27,Maharashtra,महाराष्ट्र,27.0,481,Latur,लातूर,524.0,4227,Renapur,रेनापूर,4227.0,2024-10-07
21,Odisha,ODISHA,21.0,357,Jharsuguda,JHARSUGUDA,371.0,2770,Rengali,,2770.0,2024-10-07
8,Rajasthan,RAJASTHAN,8.0,87,Alwar,ALWAR,104.0,6381,Reni,रैणी,0.0,2024-10-07
17,Meghalaya,MEGHALAYA,17.0,663,South West Garo Hills,SOUTH WEST GARO HILLS,0.0,6545,Rerapara,RERAPARA,0.0,2024-10-07
36,Telangana,తెలంగాణ,0.0,693,Wanaparthy,వనపర్తి,0.0,6286,Revally,రేవల్లి,0.0,2024-10-07
6,Haryana,HARYANA,6.0,72,Rewari,REWARI,85.0,414,Rewari,,414.0,2024-10-07
7,Delhi,DELHI,7.0,82,North West,NORTH WEST,90.0,6077,Rohini,,0.0,2024-10-07
6,Haryana,HARYANA,6.0,73,Rohtak,ROHTAK,82.0,405,Rohtak,,405.0,2024-10-07
12,Arunachal Pradesh,ARUNACHAL PRADESH,12.0,235,Lower Dibang Valley,LOWER DIBANG VALLEY,258.0,1724,Roing Hq,Roing,1724.0,2024-10-07
11,Sikkim,SIKKIM,11.0,741,Pakyong,Pakyong,0.0,1555,Rongli,,1555.0,2024-10-07
5,Uttarakhand,UTTARAKHAND,5.0,50,Haridwar,HARIDWAR,68.0,353,Roorkee,,353.0,2024-10-07
36,Telangana,తెలంగాణ,0.0,683,Rajanna Sircilla,రాజన్న సిరిసిల్ల,0.0,6219,Rudrangi,రుద్రంగి,0.0,2024-10-07
5,Uttarakhand,UTTARAKHAND,5.0,54,Rudra Prayag,RUDRA PRAYAG,58.0,291,Rudraprayag,,291.0,2024-10-07
5,Uttarakhand,UTTARAKHAND,5.0,56,Udam Singh Nagar,UDAM SINGH NAGAR,67.0,6030,Rudrapur,Rudrapur,0.0,2024-10-07
36,Telangana,తెలంగాణ,0.0,516,Nizamabad,నిజామాబాదు,533.0,6240,Rudrur,రుద్రూర్,0.0,2024-10-07
12,Arunachal Pradesh,ARUNACHAL PRADESH,12.0,679,Siang,,0.0,1630,Rumgong Adc,,1630.0,2024-10-07
10,Bihar,BIHAR,10.0,214,Purnia,पूर्णिया,211.0,1131,Rupauli,रुपौली,1131.0,2024-10-07
3,Punjab,PUNJAB,3.0,42,Rupnagar,ਰੂਪਨਗਰ,51.0,264,Rup Nagar,ਰੂਪਨਗਰ,264.0,2024-10-07
36,Telangana,తెలంగాణ,0.0,685,Kamareddy,కామారెడ్డి,0.0,4381,Sadashivanagar,సదాశివ్ నగర్,4381.0,2024-10-07
6,Haryana,HARYANA,6.0,76,Yamunanagar,YAMUNANAGAR,71.0,6475,Sadhaura St,सधौरा,0.0,2024-10-07
9,Uttar Pradesh,UTTAR PRADESH,9.0,186,Unnao,UNNAO,156.0,814,Safipur,,814.0,2024-10-07
20,Jharkhand,झारखंड,20.0,328,Garhwa,गढ़वा,346.0,2505,Sagma,सगमा,2505.0,2024-10-07
10,Bihar,BIHAR,10.0,193,Bhojpur,भोजपुर,231.0,1434,Sahar,साहार,1434.0,2024-10-07
8,Rajasthan,RAJASTHAN,8.0,92,Bhilwara,BHILWARA,122.0,633,Sahara,,633.0,2024-10-07
10,Bihar,BIHAR,10.0,224,Vaishali,वैशाली,220.0,1282,Sahdai Buzurg,सहदई बुज़ुर्ग,1282.0,2024-10-07
21,Odisha,ODISHA,21.0,362,Khordha,KHORDHA,386.0,3040,Saheednagar,,3040.0,2024-10-07
9,Uttar Pradesh,UTTAR PRADESH,9.0,148,Gorakhpur,GORAKHPUR,188.0,949,Sahjanwa,,949.0,2024-10-07
2,Himachal Pradesh,HIMACHAL PRADESH,2.0,20,Kullu,KULLU,26.0,119,Sainj,,119.0,2024-10-07
27,Maharashtra,महाराष्ट्र,27.0,471,Bhandara,भंडारा,506.0,4040,Sakoli,साकोली,4040.0,2024-10-07
13,Nagaland,NAGALAND,13.0,615,Longleng,,268.0,1834,Sakshi,,1834.0,2024-10-07
19,West Bengal,WEST BENGAL,19.0,318,Paschim Medinipur,PASCHIM MEDINIPUR,344.0,2452,Salbani,,2452.0,2024-10-07
9,Uttar Pradesh,UTTAR PRADESH,9.0,137,Deoria,DEORIA,190.0,962,Salempur,,962.0,2024-10-07
33,Tamil Nadu,TAMIL NADU,33.0,584,Salem,SALEM,608.0,5971,Salem West,,0.0,2024-10-07
29,Karnataka,ಕರ್ನಾಟಕ,29.0,545,Mysuru,ಮೈಸೂರು,577.0,7230,Saligrama,,0.0,2024-10-07
3,Punjab,PUNJAB,3.0,41,Patiala,PATIALA,48.0,250,Samana,,250.0,2024-10-07
17,Meghalaya,MEGHALAYA,17.0,273,East Garo Hills,EAST GARO HILLS,294.0,1974,Samanda,,1974.0,2024-10-07
21,Odisha,ODISHA,21.0,371,Sambalpur,SAMBALPUR,372.0,2799,Sambalpur (M),,2799.0,2024-10-07
10,Bihar,BIHAR,10.0,201,Katihar,कटिहार,212.0,1154,Sameli,समेली,1154.0,2024-10-07
19,West Bengal,WEST BENGAL,19.0,303,North 24 Parganas,NORTH TWENTY FOUR PARGANAS,337.0,2334,Sandeshkhali - I,,2334.0,2024-10-07
9,Uttar Pradesh,UTTAR PRADESH,9.0,150,Hardoi,HARDOI,155.0,813,Sandila,,813.0,2024-10-07
36,Telangana,తెలంగాణ,0.0,522,Warangal,వరంగల్,540.0,4705,Sangem,సంగెం,4705.0,2024-10-07
33,Tamil Nadu,TAMIL NADU,33.0,729,Kallakurichi,கள்ளக்குறிச்சி,0.0,5733,Sankarapuram,,5733.0,2024-10-07
24,Gujarat,GUJARAT,24.0,668,Chhotaudepur,CHHOTAUDEPUR,0.0,3904,Sankheda,,3904.0,2024-10-07
22,Chhattisgarh,छत्तीसगढ़,22.0,380,Jashpur,जशपुर,402.0,7234,Sanna,सन्ना,0.0,2024-10-07
23,Madhya Pradesh,MADHYA PRADESH,23.0,410,Indore,इन्दौर,439.0,3542,Sanwer,सांवेर,3542.0,2024-10-07
29,Karnataka,ಕರ್ನಾಟಕ,29.0,545,Mysuru,ಮೈಸೂರು,577.0,7098,Saraguru,,0.0,2024-10-07
36,Telangana,తెలంగాణ,0.0,681,Jagitial,జగిత్యాల,0.0,4396,Sarangapur,సారంగాపూర్,4396.0,2024-10-07
2,Himachal Pradesh,HIMACHAL PRADESH,2.0,23,Shimla,SHIMLA,33.0,6960,Sarawati Nagar,,0.0,2024-10-07
19,West Bengal,WEST BENGAL,19.0,305,Bankura,BANKURA,339.0,2377,Sarenga,,2377.0,2024-10-07
7,Delhi,DELHI,7.0,670,South East,SOUTH EAST,0.0,6081,Sarita Vihar,,0.0,2024-10-07
22,Chhattisgarh,छत्तीसगढ़,22.0,763,Sarangarh-Bilaigarh,सारंगढ़-बिलाईगढ़,0.0,7244,Sariya,सरिया,0.0,2024-10-07
12,Arunachal Pradesh,ARUNACHAL PRADESH,12.0,233,Kurung Kumey,KURUNG KUMEY,256.0,1712,Sarli Circle,SARLI CIRCLE,1712.0,2024-10-07
10,Bihar,BIHAR,10.0,209,Nalanda,नालंदा,229.0,1384,Sarmera,सरमेरा,1384.0,2024-10-07
18,Assam,ASSAM,18.0,280,Barpeta,BARPETA,303.0,2023,Sarthebari,,2023.0,2024-10-07
10,Bihar,BIHAR,10.0,215,Rohtas,रोहतास,234.0,1471,Sasaram,सासाराम,1471.0,2024-10-07
9,Uttar Pradesh,UTTAR PRADESH,9.0,163,Hathras,HATHRAS,144.0,757,Sasni,,757.0,2024-10-07
27,Maharashtra,महाराष्ट्र,27.0,494,Satara,सातारा,527.0,4262,Satara,सातारा,4262.0,2024-10-07
30,Goa,GOA,30.0,551,North Goa,NORTH GOA,585.0,5613,Satari,,5613.0,2024-10-07
20,Jharkhand,झारखंड,20.0,338,Palamu,पलामू,358.0,2631,Satbarwa,,2631.0,2024-10-07
20,Jharkhand,झारखंड,20.0,334,Koderma,कोडरमा,348.0,2526,Satgawan,सतगावां,2526.0,2024-10-07
6,Haryana,HARYANA,6.0,69,Mahendragarh,MAHENDRAGARH,84.0,6459,Satnali St,सतनाली,0.0,2024-10-07
33,Tamil Nadu,TAMIL NADU,33.0,597,Virudhunagar,VIRUDHUNAGAR,625.0,5854,Sattur,,5854.0,2024-10-07
21,Odisha,ODISHA,21.0,369,Puri,PURI,387.0,3064,Satyabadi,,3064.0,2024-10-07
9,Uttar Pradesh,UTTAR PRADESH,9.0,150,Hardoi,HARDOI,155.0,810,Sawayajpur,,810.0,2024-10-07
8,Rajasthan,RAJASTHAN,8.0,117,Udaipur,UDAIPUR,130.0,7390,Sayra,सायरा,0.0,2024-10-07
22,Chhattisgarh,छत्तीसगढ़,22.0,375,Bilaspur,बिलासपुर,406.0,7247,Seepat,सीपत,0.0,2024-10-07
28,Andhra Pradesh,ANDHRA PRADESH,28.0,743,Parvathipuram Manyam,Parvathipuram Manyam,0.0,4814,Seethanagaram,,4814.0,2024-10-07
23,Madhya Pradesh,MADHYA PRADESH,23.0,414,Khargone (West Nimar),खरगोन (पश्चिम निमाड़),440.0,3548,Segaon,सेगांव,3548.0,2024-10-07
8,Rajasthan,RAJASTHAN,8.0,777,Salumbar,सलूम्‍बर,,6911,Semari,सेमारी,0.0,2024-10-07
20,Jharkhand,झारखंड,20.0,336,Lohardaga,लोहरदगा,356.0,2602,Senha,,2602.0,2024-10-07
8,Rajasthan,RAJASTHAN,8.0,772,Phalodi,फलाैदी,,7147,Setrawa,सेतरावा,0.0,2024-10-07
23,Madhya Pradesh,MADHYA PRADESH,23.0,391,Ashoknagar,अशोकनगर,459.0,3687,Shadhora,शाढ़ौरा,3687.0,2024-10-07
29,Karnataka,ಕರ್ನಾಟಕ,29.0,538,Kalaburagi,ಕಲಬುರಗಿ,579.0,7088,Shahabad,,0.0,2024-10-07
8,Rajasthan,RAJASTHAN,8.0,89,Baran,BARAN,128.0,675,Shahbad,शाहबाद,675.0,2024-10-07
23,Madhya Pradesh,MADHYA PRADESH,23.0,425,Sagar,सागर,427.0,3447,Shahgarh,शाहगढ,3447.0,2024-10-07
23,Madhya Pradesh,MADHYA PRADESH,23.0,420,Panna,पन्ना,426.0,3441,Shahnagar,शाहनगर,3441.0,2024-10-07
1,Jammu And Kashmir,JAMMU AND KASHMIR,1.0,11,Pulwama,PULWAMA,12.0,6794,Shahoora,Shahoora,0.0,2024-10-07
10,Bihar,BIHAR,10.0,193,Bhojpur,भोजपुर,231.0,1421,Shahpur,शाह्पूर,1421.0,2024-10-07
20,Jharkhand,झारखंड,20.0,323,Chatra,चतरा,347.0,2514,Shaligram Ram Narayanpur(Hunterganj),शालिग्राम राम नारायणपुर उर्फ हंटरगंज,2514.0,2024-10-07
36,Telangana,తెలంగాణ,0.0,518,Ranga Reddy,రంగా రెడ్డి,537.0,4543,Shamshabad,శంషాబాద్,4543.0,2024-10-07
13,Nagaland,NAGALAND,13.0,247,Mon,MON,261.0,1747,Shangnyu,,1747.0,2024-10-07
8,Rajasthan,RAJASTHAN,8.0,778,Jodhpur (Gramin),जोधपुर (ग्रामीण),,6927,Shekhala,सेखाला,0.0,2024-10-07
23,Madhya Pradesh,MADHYA PRADESH,23.0,431,Sheopur,श्योपुर,418.0,3382,Sheopur,श्योपुर,3382.0,2024-10-07
8,Rajasthan,RAJASTHAN,8.0,778,Jodhpur (Gramin),जोधपुर (ग्रामीण),,571,Shergarh,,571.0,2024-10-07
29,Karnataka,ಕರ್ನಾಟಕ,29.0,547,Shivamogga,ಶಿವಮೊಗ್ಗ,568.0,5517,Shikarpur,ಶಿಕಾರಿಪುರ,5517.0,2024-10-07
9,Uttar Pradesh,UTTAR PRADESH,9.0,134,Bulandshahr,BULANDSHAHR,142.0,750,Shikarpur,,750.0,2024-10-07
29,Karnataka,ಕರ್ನಾಟಕ,29.0,537,Gadag,ಗದಗ,561.0,5471,Shirhatti,ಶಿರಹಟ್ಟಿ,5471.0,2024-10-07
23,Madhya Pradesh,MADHYA PRADESH,23.0,432,Shivpuri,शिवपुरी,423.0,3408,Shivpuri,शिवपुरी,3408.0,2024-10-07
18,Assam,ASSAM,18.0,300,Sivasagar,SIVASAGAR,311.0,2071,Sibsagar,,2071.0,2024-10-07
8,Rajasthan,RAJASTHAN,8.0,96,Churu,CHURU,102.0,6931,Sidhmukh,सिद्धमुख,0.0,2024-10-07
10,Bihar,BIHAR,10.0,197,Gopalganj,गोपालगंज,217.0,1227,Sidhwalia,सिधवलिया,1227.0,2024-10-07
9,Uttar Pradesh,UTTAR PRADESH,9.0,156,Kanpur Dehat,KANPUR DEHAT,163.0,847,Sikandra,,847.0,2024-10-07
9,Uttar Pradesh,UTTAR PRADESH,9.0,163,Hathras,HATHRAS,144.0,758,Sikandra Rao,,758.0,2024-10-07
18,Assam,ASSAM,18.0,292,Karbi Anglong,KARBI ANGLONG,314.0,2091,Silonijan,,2091.0,2024-10-07
8,Rajasthan,RAJASTHAN,8.0,99,Dungarpur,DUNGARPUR,124.0,649,Simalwara,,649.0,2024-10-07
21,Odisha,ODISHA,21.0,346,Baleshwar,BALESHWAR,377.0,2908,Similia,,2908.0,2024-10-07
27,Maharashtra,महाराष्ट्र,27.0,472,Buldhana,बुलढाणा,500.0,3986,Sindkhed Raja,सिंदखेड राजा,3986.0,2024-10-07
28,Andhra Pradesh,ANDHRA PRADESH,28.0,502,Ananthapuramu,అనంతపురము,553.0,5325,Singanamala,,5325.0,2024-10-07
1,Jammu And Kashmir,JAMMU AND KASHMIR,1.0,3,Baramulla,BARAMULLA,8.0,7204,Singhpora,Singhpora,0.0,2024-10-07
21,Odisha,ODISHA,21.0,346,Baleshwar,BALESHWAR,377.0,2894,Singla,,2894.0,2024-10-07
24,Gujarat,GUJARAT,24.0,461,Vadodara,VADODARA,486.0,3908,Sinor,,3908.0,2024-10-07
36,Telangana,తెలంగాణ,0.0,691,Sangareddy,సంగారెడ్డి,0.0,6279,Sirgapoor,సిర్గాపూర్,0.0,2024-10-07
27,Maharashtra,महाराष्ट्र,27.0,475,Gadchiroli,गडचिरोली,508.0,4063,Sironcha,सिरोंचा,4063.0,2024-10-07
29,Karnataka,ಕರ್ನಾಟಕ,29.0,528,Ballari,ಬಳ್ಳಾರಿ,565.0,5499,Siruguppa,ಸಿರುಗುಪ್ಪ,5499.0,2024-10-07
20,Jharkhand,झारखंड,20.0,331,Gumla,गुमला,366.0,2708,Sisai,,2708.0,2024-10-07
22,Chhattisgarh,छत्तीसगढ़,22.0,389,Surguja,सरगुजा,401.0,3252,Sitapur,,3252.0,2024-10-07
33,Tamil Nadu,TAMIL NADU,33.0,733,Tenkasi,தென்காசி,0.0,5870,Sivagiri,,5870.0,2024-10-07
10,Bihar,BIHAR,10.0,222,Siwan,सिवान,218.0,1230,Siwan,सिवान,1230.0,2024-10-07
6,Haryana,HARYANA,6.0,59,Bhiwani,BHIWANI,81.0,400,Siwani,,400.0,2024-10-07
23,Madhya Pradesh,MADHYA PRADESH,23.0,413,Katni,कटनी,450.0,6977,Sleemnabad,स्लीमनाबाद,0.0,2024-10-07
12,Arunachal Pradesh,ARUNACHAL PRADESH,12.0,239,Tirap,TIRAP,254.0,1685,Soha Circle,Soha,1685.0,2024-10-07
23,Madhya Pradesh,MADHYA PRADESH,23.0,409,Narmadapuram,नर्मदापुरम,449.0,3617,Sohagpur,सोहागपुर,3617.0,2024-10-07
21,Odisha,ODISHA,21.0,347,Bargarh,BARGARH,370.0,2761,Sohela,,2761.0,2024-10-07
28,Andhra Pradesh,ANDHRA PRADESH,28.0,503,Chittoor,CHITTOOR,554.0,5412,Somala,,5412.0,2024-10-07
10,Bihar,BIHAR,10.0,221,Sitamarhi,सीतामढी,206.0,1066,Sonbarsa,सोनबरसा,1066.0,2024-10-07
10,Bihar,BIHAR,10.0,216,Saharsa,सहरसा,214.0,1177,Sonbarsa,सोनबरसा,1177.0,2024-10-07
10,Bihar,BIHAR,10.0,611,Arwal,अरवल,240.0,1545,Sonbhadra Banshi Suryapur,सोनभद्र बंशी सुर्यापुर,1545.0,2024-10-07
17,Meghalaya,MEGHALAYA,17.0,273,East Garo Hills,EAST GARO HILLS,294.0,1973,Songsak,,1973.0,2024-10-07
6,Haryana,HARYANA,6.0,75,Sonipat,SONIPAT,76.0,380,Sonipat,,380.0,2024-10-07
1,Jammu And Kashmir,JAMMU AND KASHMIR,1.0,3,Baramulla,BARAMULLA,8.0,32,Sopore,,32.0,2024-10-07
21,Odisha,ODISHA,21.0,361,Kendujhar,KENDUJHAR,375.0,2855,Soso,,2855.0,2024-10-07
2,Himachal Pradesh,HIMACHAL PRADESH,2.0,21,Lahaul And Spiti,Lahaul and Spiti,25.0,116,Spiti,,116.0,2024-10-07
8,Rajasthan,RAJASTHAN,8.0,93,Bikaner,BIKANER,101.0,480,Sridungargarh,,480.0,2024-10-07
18,Assam,ASSAM,18.0,281,Bongaigaon,BONGAIGAON,319.0,2112,Srijangram,,2112.0,2024-10-07
5,Uttarakhand,UTTARAKHAND,5.0,52,Pauri Garhwal,PAURI GARHWAL,61.0,306,Srinagar,,306.0,2024-10-07
1,Jammu And Kashmir,JAMMU AND KASHMIR,1.0,13,Srinagar,SRINAGAR,10.0,43,Srinagar (North),,43.0,2024-10-07
33,Tamil Nadu,TAMIL NADU,33.0,591,Tiruchirappalli,TIRUCHIRAPPALLI,614.0,5778,Srirangam,,5778.0,2024-10-07
24,Gujarat,GUJARAT,24.0,444,Dangs,DANGS,489.0,6024,Subir,સુબિર,0.0,2024-10-07
27,Maharashtra,महाराष्ट्र,27.0,491,Raigad,रायगड,520.0,4180,Sudhagad,सुधागड,4180.0,2024-10-07
22,Chhattisgarh,छत्तीसगढ़,22.0,644,Balodabazar-Bhatapara,बलौदाबाजार-भाटापारा,0.0,7249,Suhela,सुहेला,0.0,2024-10-07
28,Andhra Pradesh,ANDHRA PRADESH,28.0,752,Tirupati,Tirupati,0.0,5197,Sullurpeta,,5197.0,2024-10-07
9,Uttar Pradesh,UTTAR PRADESH,9.0,185,Sultanpur,SULTANPUR,179.0,915,Sultanpur,,915.0,2024-10-07
29,Karnataka,ಕರ್ನಾಟಕ,29.0,534,Dakshina Kannada,ದಕ್ಷಿಣ ಕನ್ನಡ,575.0,5565,Sulya,ಸುಳ್ಯ,5565.0,2024-10-07
8,Rajasthan,RAJASTHAN,8.0,103,Jaisalmer,JAISALMER,114.0,7143,Sum,सम,0.0,2024-10-07
8,Rajasthan,RAJASTHAN,8.0,111,Pali,PALI,118.0,604,Sumerpur,,604.0,2024-10-07
21,Odisha,ODISHA,21.0,363,Koraput,KORAPUT,398.0,3216,Sunabeda,,3216.0,2024-10-07
21,Odisha,ODISHA,21.0,373,Sundargarh,SUNDARGARH,374.0,2809,Sundargarh,,2809.0,2024-10-07
20,Jharkhand,झारखंड,20.0,330,Godda,गोड्डा,351.0,2563,Sundarpahari,,2563.0,2024-10-07
2,Himachal Pradesh,HIMACHAL PRADESH,2.0,23,Shimla,SHIMLA,33.0,180,Sunni,,180.0,2024-10-07
27,Maharashtra,महाराष्ट्र,27.0,487,Nashik,नाशिक,516.0,4142,Surgana,सुरगना,4142.0,2024-10-07
19,West Bengal,WEST BENGAL,19.0,307,Birbhum,BIRBHUM,334.0,2260,Suri - II,,2260.0,2024-10-07
13,Nagaland,NAGALAND,13.0,251,Zunheboto,ZUNHEBOTO,263.0,1769,Suruhuto,,1769.0,2024-10-07
36,Telangana,తెలంగాణ,0.0,696,Suryapet,సూర్యాపేట,0.0,4638,Suryapet,సూర్యాపేట,4638.0,2024-10-07
19,West Bengal,WEST BENGAL,19.0,317,Purba Medinipur,PURBA MEDINIPUR,345.0,2482,Sutahata,,2482.0,2024-10-07
23,Madhya Pradesh,MADHYA PRADESH,23.0,423,Ratlam,रतलाम,434.0,3503,Tal,ताल,3503.0,2024-10-07
8,Rajasthan,RAJASTHAN,8.0,94,Bundi,BUNDI,121.0,6033,Talera,TALERA,0.0,2024-10-07
12,Arunachal Pradesh,ARUNACHAL PRADESH,12.0,677,Kra Daadi,KRA DAADI,0.0,1716,Tali Adc,,1716.0,2024-10-07
28,Andhra Pradesh,ANDHRA PRADESH,28.0,505,East Godavari,EAST GODAVARI,545.0,4950,Tallapudi,,4950.0,2024-10-07
28,Andhra Pradesh,ANDHRA PRADESH,28.0,746,Kakinada,Kakinada,0.0,4930,Tallarevu,Tallarevu,4930.0,2024-10-07
21,Odisha,ODISHA,21.0,362,Khordha,KHORDHA,386.0,3048,Tamando,,3048.0,2024-10-07
33,Tamil Nadu,TAMIL NADU,33.0,730,Chengalpattu,செங்கல்பட்டு,0.0,5703,Tambaram,,5703.0,2024-10-07
9,Uttar Pradesh,UTTAR PRADESH,9.0,160,Kushinagar,KUSHINAGAR,189.0,958,Tamkuhi Raj,,958.0,2024-10-07
36,Telangana,తెలంగాణ,0.0,501,Adilabad,ఆదిలాబాద్,532.0,4305,Tamsi,తాంసి,4305.0,2024-10-07
18,Assam,ASSAM,18.0,756,Tamulpur,,0.0,2144,Tamulpur,,2144.0,2024-10-07
9,Uttar Pradesh,UTTAR PRADESH,9.0,176,Rampur,RAMPUR,136.0,724,Tanda,,724.0,2024-10-07
36,Telangana,తెలంగాణ,0.0,698,Vikarabad,వికారాబాద్,0.0,4534,Tandur,తాండూర్,4534.0,2024-10-07
20,Jharkhand,झारखंड,20.0,323,Chatra,चतरा,347.0,2525,Tandwa,टंडवा,2525.0,2024-10-07
21,Odisha,ODISHA,21.0,350,Cuttack,CUTTACK,381.0,2955,Tangi,,2955.0,2024-10-07
21,Odisha,ODISHA,21.0,362,Khordha,KHORDHA,386.0,3052,Tangi,,3052.0,2024-10-07
20,Jharkhand,झारखंड,20.0,343,West Singhbhum,पश्चिमी सिंघभूम,368.0,2740,Tantnagar,तांतनगर,2740.0,2024-10-07
2,Himachal Pradesh,HIMACHAL PRADESH,2.0,19,Kinnaur,KINNAUR,34.0,6941,Tapri,,0.0,2024-10-07
24,Gujarat,GUJARAT,24.0,440,Anand,ANAND,482.0,3861,Tarapur,,3861.0,2024-10-07
19,West Bengal,WEST BENGAL,19.0,320,Nadia,NADIA,336.0,2301,Tehatta - I,,2301.0,2024-10-07
19,West Bengal,WEST BENGAL,19.0,320,Nadia,NADIA,336.0,2302,Tehatta - II,,2302.0,2024-10-07
28,Andhra Pradesh,ANDHRA PRADESH,28.0,519,Srikakulam,SRIKAKULAM,542.0,4789,Tekkali,,4789.0,2024-10-07
36,Telangana,తెలంగాణ,0.0,513,Medak,మెదక్,535.0,4469,Tekmal,టేక్మాల్,4469.0,2024-10-07
28,Andhra Pradesh,ANDHRA PRADESH,28.0,506,Guntur,GUNTUR,548.0,5078,Tenali,,5078.0,2024-10-07
18,Assam,ASSAM,18.0,301,Sonitpur,SONITPUR,306.0,2043,Tezpur,,2043.0,2024-10-07
12,Arunachal Pradesh,ARUNACHAL PRADESH,12.0,234,Lohit,LOHIT,259.0,1729,Tezu Hq,Tezu HQ,1729.0,2024-10-07
2,Himachal Pradesh,HIMACHAL PRADESH,2.0,22,Mandi,MANDI,27.0,7184,Thachi,Thachi,0.0,2024-10-07
10,Bihar,BIHAR,10.0,211,Pashchim Champaran,पश्चिम चम्पारण,203.0,1023,Thakrahan,ठकराहा,1023.0,2024-10-07
21,Odisha,ODISHA,21.0,365,Mayurbhanj,MAYURBHANJ,376.0,2871,Thakurmunda,,2871.0,2024-10-07
19,West Bengal,WEST BENGAL,19.0,304,South 24 Parganas,SOUTH 24 Parganas,343.0,2412,Thakurpukur Mahestola,,2412.0,2024-10-07
8,Rajasthan,RAJASTHAN,8.0,87,Alwar,ALWAR,104.0,501,Thanagazi,,501.0,2024-10-07
22,Chhattisgarh,छत्तीसगढ़,22.0,650,Bemetara,बेमेतरा,0.0,3314,Thankhamariya,Thankhamariya,3314.0,2024-10-07
24,Gujarat,GUJARAT,24.0,441,Banas Kantha,BANAS KANTHA,469.0,3733,Tharad,,3733.0,2024-10-07
36,Telangana,తెలంగాణ,0.0,689,Jangoan,జనగాం,0.0,6257,Tharigoppula,తరిగొప్పుల,0.0,2024-10-07
28,Andhra Pradesh,ANDHRA PRADESH,28.0,503,Chittoor,CHITTOOR,554.0,5418,Thavanampalle,,5418.0,2024-10-07
28,Andhra Pradesh,ANDHRA PRADESH,28.0,521,Vizianagaram,VIZIANAGARAM,543.0,4821,Therlam,,4821.0,2024-10-07
20,Jharkhand,झारखंड,20.0,342,Simdega,सिमडेगा,367.0,2723,Thethaitangar,,2723.0,2024-10-07
23,Madhya Pradesh,MADHYA PRADESH,23.0,393,Barwani,बड़वानी,441.0,3556,Thikri,ठीकरी,3556.0,2024-10-07
36,Telangana,తెలంగాణ,0.0,508,Karimnagar,కరీంనగర్,534.0,4438,Thimmapur LMD,తిమ్మాపూర్(LMD),4438.0,2024-10-07
33,Tamil Nadu,TAMIL NADU,33.0,586,Thanjavur,THANJAVUR,620.0,5813,Thiruvaiyaru,,5813.0,2024-10-07
33,Tamil Nadu,TAMIL NADU,33.0,589,Thiruvallur,THIRUVALLUR,602.0,5698,Thiruvallur,,5698.0,2024-10-07
32,Kerala,KERALA,32.0,565,Thiruvananthapuram,തിരുവനന്തപുരം,601.0,5691,Thiruvananthapuram,തിരുവനന്തപുരം,5691.0,2024-10-07
36,Telangana,తెలంగాణ,0.0,692,Siddipet,సిద్దిపేట,0.0,4463,Thoguta,తొగుట,4463.0,2024-10-07
28,Andhra Pradesh,ANDHRA PRADESH,28.0,504,Y.S.R.,,551.0,5221,Thondur,,5221.0,2024-10-07
28,Andhra Pradesh,ANDHRA PRADESH,28.0,510,Krishna,KRISHNA,547.0,5025,Thotlavalluru,,5025.0,2024-10-07
14,Manipur,MANIPUR,14.0,259,Thoubal,THOUBAL,276.0,1877,Thoubal,,1877.0,2024-10-07
32,Kerala,KERALA,32.0,566,Thrissur,തൃശ്ശൂര്‍,594.0,5654,Thrissur,തൃശ്ശൂര്‍,5654.0,2024-10-07
36,Telangana,తెలంగాణ,0.0,696,Suryapet,సూర్యాపేట,0.0,4620,Thungaturthy,తుంగతుర్తి,4620.0,2024-10-07
2,Himachal Pradesh,HIMACHAL PRADESH,2.0,18,Kangra,KANGRA,24.0,108,Thural,,108.0,2024-10-07
21,Odisha,ODISHA,21.0,348,Bhadrak,BHADRAK,378.0,2917,Tihidi,,2917.0,2024-10-07
10,Bihar,BIHAR,10.0,196,Gaya,गया,236.0,1488,Tikari,टिकारी,1488.0,2024-10-07
12,Arunachal Pradesh,ARUNACHAL PRADESH,12.0,229,Changlang,CHANGLANG,253.0,6581,Tikhak Rima Putok Circle,Tikhak Rima Putok Circle,0.0,2024-10-07
22,Chhattisgarh,छत्तीसगढ़,22.0,387,Raipur,रायपुर,410.0,3334,Tilda,,3334.0,2024-10-07
27,Maharashtra,महाराष्ट्र,27.0,468,Amravati,अमरावती,503.0,4008,Tiosa,तिवसा,4008.0,2024-10-07
15,Mizoram,MIZORAM,15.0,267,Siaha,Siaha,288.0,1920,Tipa,Tipa,1920.0,2024-10-07
14,Manipur,MANIPUR,14.0,715,Pherzawl,,0.0,1868,Tipaimukh,,1868.0,2024-10-07
33,Tamil Nadu,TAMIL NADU,33.0,594,Thoothukkudi,Thoothukkudi,627.0,5868,Tiruchendur,,5868.0,2024-10-07
33,Tamil Nadu,TAMIL NADU,33.0,591,Tiruchirappalli,TIRUCHIRAPPALLI,614.0,6620,Tiruchirappalli East,திருச்சிராப்பள்ளி  கிழக்கு,0.0,2024-10-07
33,Tamil Nadu,TAMIL NADU,33.0,730,Chengalpattu,செங்கல்பட்டு,0.0,5958,Tiruporur,,0.0,2024-10-07
32,Kerala,KERALA,32.0,562,Malappuram,മലപ്പുറം,592.0,5644,Tirur,തിരൂര്‍,5644.0,2024-10-07
33,Tamil Nadu,TAMIL NADU,33.0,568,Chennai,CHENNAI,603.0,5982,Tiruvottiyur,,0.0,2024-10-07
9,Uttar Pradesh,UTTAR PRADESH,9.0,155,Kannauj,KANNAUJ,160.0,835,Tirwa,,835.0,2024-10-07
36,Telangana,తెలంగాణ,0.0,699,Kumuram Bheem Asifabad,కుమురం భీమ్ ఆసిఫాబాద్,0.0,4333,Tiryani,తిర్యాని,4333.0,2024-10-07
20,Jharkhand,झारखंड,20.0,329,Giridih,गिरिडीह,349.0,2533,Tisri,तिसरी,2533.0,2024-10-07
21,Odisha,ODISHA,21.0,345,Balangir,BALANGIR,393.0,3152,Titlagarh,,3152.0,2024-10-07
13,Nagaland,NAGALAND,13.0,247,Mon,MON,261.0,1756,Tobu,,1756.0,2024-10-07
8,Rajasthan,RAJASTHAN,8.0,116,Tonk,TONK,120.0,618,Tonk,,618.0,2024-10-07
12,Arunachal Pradesh,ARUNACHAL PRADESH,12.0,237,Papum Pare,PAPUM PARE,248.0,1600,Toru Circle,,1600.0,2024-10-07
6,Haryana,HARYANA,6.0,59,Bhiwani,BHIWANI,81.0,399,Tosham,,399.0,2024-10-07
1,Jammu And Kashmir,JAMMU AND KASHMIR,1.0,8,Kupwara,KUPWARA,1.0,6784,Trehgam,Trehgam,0.0,2024-10-07
32,Kerala,KERALA,32.0,563,Palakkad,പാലക്കാട്,593.0,7176,Tribal Taluk Office Attappadi,ട്രൈബൽ താലൂക്ക് ഓഫീസ് അട്ടപ്പാടി,0.0,2024-10-07
28,Andhra Pradesh,ANDHRA PRADESH,28.0,753,Annamayya,Annamayya,0.0,5238,T.Sundupalle,T.Sundupalle,5238.0,2024-10-07
1,Jammu And Kashmir,JAMMU AND KASHMIR,1.0,623,Bandipora,BANDIPORA,9.0,6812,Tulail,Tulail,0.0,2024-10-07
13,Nagaland,NAGALAND,13.0,246,Mokokchung,MOKOKCHUNG,262.0,1760,Tuli,,1760.0,2024-10-07
27,Maharashtra,महाराष्ट्र,27.0,488,Dharashiv,धाराशिव,525.0,4241,Tuljapur,तुळजापूर,4241.0,2024-10-07
22,Chhattisgarh,छत्तीसगढ़,22.0,644,Balodabazar-Bhatapara,बलौदाबाजार-भाटापारा,0.0,7295,Tundara,टुन्ड्रा,0.0,2024-10-07
24,Gujarat,GUJARAT,24.0,641,Tapi,,493.0,3943,Uchchhal,,3943.0,2024-10-07
22,Chhattisgarh,छत्तीसगढ़,22.0,389,Surguja,सरगुजा,401.0,3249,Udaypur,,3249.0,2024-10-07
18,Assam,ASSAM,18.0,706,Majuli,,0.0,7114,Ujani Majuli Circle,UJANI MAJULI CIRCLE,0.0,2024-10-07
10,Bihar,BIHAR,10.0,217,Samastipur,समस्तीपुर,221.0,1298,Ujiarpur,उजियारपुर,1298.0,2024-10-07
5,Uttarakhand,UTTARAKHAND,5.0,54,Rudra Prayag,RUDRA PRAYAG,58.0,290,Ukhimath,,290.0,2024-10-07
29,Karnataka,ಕರ್ನಾಟಕ,29.0,534,Dakshina Kannada,ದಕ್ಷಿಣ ಕನ್ನಡ,575.0,7197,Ullala,ULLALA,0.0,2024-10-07
19,West Bengal,WEST BENGAL,19.0,313,Howrah,HOWRAH,341.0,2406,Uluberia - II,,2406.0,2024-10-07
33,Tamil Nadu,TAMIL NADU,33.0,729,Kallakurichi,கள்ளக்குறிச்சி,0.0,5735,Ulundurpettai,,5735.0,2024-10-07
24,Gujarat,GUJARAT,24.0,459,Surat,SURAT,492.0,3934,Umarpada,,3934.0,2024-10-07
24,Gujarat,GUJARAT,24.0,451,Mahesana,MAHESANA,471.0,3753,Unjha,,3753.0,2024-10-07
20,Jharkhand,झारखंड,20.0,338,Palamu,पलामू,358.0,2623,Untari Road,,2623.0,2024-10-07
36,Telangana,తెలంగాణ,0.0,694,Nagarkurnool,నాగర్ కర్నూల్,0.0,4580,Uppununthala,ఉప్పునుంతల,4580.0,2024-10-07
22,Chhattisgarh,छत्तीसगढ़,22.0,636,Bijapur,बीजापुर,417.0,3377,Usur,,3377.0,2024-10-07
33,Tamil Nadu,TAMIL NADU,33.0,634,Tiruppur,TIRUPPUR,633.0,6616,Uthukuli,,0.0,2024-10-07
36,Telangana,తెలంగాణ,0.0,721,Narayanpet,నారాయణ్ పేట్,0.0,4571,Utkoor,ఉట్కురు,4571.0,2024-10-07
21,Odisha,ODISHA,21.0,362,Khordha,KHORDHA,386.0,3046,Uttara P.S,,3046.0,2024-10-07
24,Gujarat,GUJARAT,24.0,458,Sabar Kantha,SABAR KANTHA,472.0,3762,Vadali,,3762.0,2024-10-07
28,Andhra Pradesh,ANDHRA PRADESH,28.0,752,Tirupati,Tirupati,0.0,5399,Vadamalapet,వడమాలపేట,5399.0,2024-10-07
24,Gujarat,GUJARAT,24.0,461,Vadodara,VADODARA,486.0,3899,Vaghodia,,3899.0,2024-10-07
27,Maharashtra,महाराष्ट्र,27.0,469,Chhatrapati Sambhajinagar,छत्रपती संभाजीनगर,515.0,4139,Vaijapur,वैजापूर,4139.0,2024-10-07
33,Tamil Nadu,TAMIL NADU,33.0,732,Tirupathur,திருப்பத்தூர்,0.0,5718,Vaniyambadi,,5718.0,2024-10-07
9,Uttar Pradesh,UTTAR PRADESH,9.0,187,Varanasi,VARANASI,197.0,996,Varanasi Sadar,वाराणसी सदर,996.0,2024-10-07
36,Telangana,తెలంగాణ,0.0,516,Nizamabad,నిజామాబాదు,533.0,4376,Varni,వర్ని,4376.0,2024-10-07
28,Andhra Pradesh,ANDHRA PRADESH,28.0,506,Guntur,GUNTUR,548.0,5080,Vatticherukuru,,5080.0,2024-10-07
33,Tamil Nadu,TAMIL NADU,33.0,584,Salem,SALEM,608.0,5742,Vazhapadi,,5742.0,2024-10-07
33,Tamil Nadu,TAMIL NADU,33.0,733,Tenkasi,தென்காசி,0.0,5872,Veerakeralamputhur,,5872.0,2024-10-07
28,Andhra Pradesh,ANDHRA PRADESH,28.0,749,Ntr,NTR,0.0,4994,Veerullapadu,,4994.0,2024-10-07
24,Gujarat,GUJARAT,24.0,438,Ahmedabad,AHMEDABAD,474.0,6514,Vejalpur,Vejalpur,0.0,2024-10-07
28,Andhra Pradesh,ANDHRA PRADESH,28.0,748,Eluru,Eluru,0.0,4734,Velairpadu,,4734.0,2024-10-07
36,Telangana,తెలంగాణ,0.0,694,Nagarkurnool,నాగర్ కర్నూల్,0.0,4565,Veldanda,వేల్దండ,4565.0,2024-10-07
28,Andhra Pradesh,ANDHRA PRADESH,28.0,755,Nandyal,Nandyal,0.0,5282,Velugodu,వెలుగోడు,5282.0,2024-10-07
28,Andhra Pradesh,ANDHRA PRADESH,28.0,750,Bapatla,Bapatla,0.0,5087,Vemuru,,5087.0,2024-10-07
28,Andhra Pradesh,ANDHRA PRADESH,28.0,503,Chittoor,CHITTOOR,554.0,5424,Venkatagirikota,,5424.0,2024-10-07
28,Andhra Pradesh,ANDHRA PRADESH,28.0,749,Ntr,NTR,0.0,5011,Vijayawada (Rural),,5011.0,2024-10-07
23,Madhya Pradesh,MADHYA PRADESH,23.0,431,Sheopur,श्योपुर,418.0,3380,Vijaypur,विजयपुर,3380.0,2024-10-07
5,Uttarakhand,UTTARAKHAND,5.0,49,Dehradun,DEHRADUN,60.0,303,Vikas Nagar,,303.0,2024-10-07
33,Tamil Nadu,TAMIL NADU,33.0,575,Kanniyakumari,KANNIYAKUMARI,629.0,5881,Vilavancode,,5881.0,2024-10-07
34,Puducherry,PUDUCHERRY,34.0,600,Puducherry,புதுச்சேரி,635.0,5911,Villianur,வில்லியனூர்,5911.0,2024-10-07
33,Tamil Nadu,TAMIL NADU,33.0,597,Virudhunagar,VIRUDHUNAGAR,625.0,5850,Virudhunagar,,5850.0,2024-10-07
19,West Bengal,WEST BENGAL,19.0,305,Bankura,BANKURA,339.0,2369,Vishnupur,,2369.0,2024-10-07
7,Delhi,DELHI,7.0,671,Shahdara,SHAHDARA,0.0,440,Vivek Vihar,,440.0,2024-10-07
28,Andhra Pradesh,ANDHRA PRADESH,28.0,510,Krishna,KRISHNA,547.0,5027,Vuyyuru,,5027.0,2024-10-07
24,Gujarat,GUJARAT,24.0,641,Tapi,,493.0,3945,Vyara,,3945.0,2024-10-07
22,Chhattisgarh,छत्तीसगढ़,22.0,649,Balrampur-Ramanujganj,बलरामपुर-रामानुजगंज,0.0,3238,Wadrafnagar,वाड्रफनगर,3238.0,2024-10-07
27,Maharashtra,महाराष्ट्र,27.0,470,Beed,बीड,523.0,4220,Wadwani,वडवणी,4220.0,2024-10-07
14,Manipur,MANIPUR,14.0,711,Kakching,,0.0,6486,Waikhong,,0.0,2024-10-07
12,Arunachal Pradesh,ARUNACHAL PRADESH,12.0,628,Anjaw,,260.0,1742,Walong Circle,,1742.0,2024-10-07
24,Gujarat,GUJARAT,24.0,673,Morbi,MORBI,0.0,3801,Wankaner,,3801.0,2024-10-07
23,Madhya Pradesh,MADHYA PRADESH,23.0,392,Balaghat,बालाघाट,457.0,3669,Waraseoni,वारासिवनी,3669.0,2024-10-07
10,Bihar,BIHAR,10.0,210,Nawada,नवादा,237.0,1513,Warisaliganj,वारिसलिगंज,1513.0,2024-10-07
10,Bihar,BIHAR,10.0,217,Samastipur,समस्तीपुर,221.0,1285,Warisnagar,वारिसनगर,1285.0,2024-10-07
27,Maharashtra,महाराष्ट्र,27.0,473,Chandrapur,चंद्रपूर,509.0,4064,Warora,वरोरा,4064.0,2024-10-07
1,Jammu And Kashmir,JAMMU AND KASHMIR,1.0,620,Kishtwar,,18.0,6766,Warwan,Warwan,0.0,2024-10-07
27,Maharashtra,महाराष्ट्र,27.0,499,Washim,वाशिम,502.0,3999,Washim,वाशिम,3999.0,2024-10-07
7,Delhi,DELHI,7.0,81,North East,NORTH EAST,92.0,6082,Yamuna Vihar,,0.0,2024-10-07
11,Sikkim,SIKKIM,11.0,227,Namchi,Namchi,243.0,6400,Yangang,yangyang,0.0,2024-10-07
29,Karnataka,ಕರ್ನಾಟಕ,29.0,527,Belagavi,ಬೆಳಗಾವಿ,555.0,7195,Yaragatti,YARAGATTI,0.0,2024-10-07
1,Jammu And Kashmir,JAMMU AND KASHMIR,1.0,622,Kulgam,KULGAM,15.0,6781,Yaripora,Yaripora,0.0,2024-10-07
12,Arunachal Pradesh,ARUNACHAL PRADESH,12.0,229,Changlang,CHANGLANG,253.0,6579,Yatdam Circle,Yatdam Circle,0.0,2024-10-07
12,Arunachal Pradesh,ARUNACHAL PRADESH,12.0,236,Lower Subansiri,LOWER SUBANSIRI,255.0,1698,Yazali Circle,Yazali Circle,1698.0,2024-10-07
29,Karnataka,ಕರ್ನಾಟಕ,29.0,531,Chamarajanagara,ಚಾಮರಾಜನಗರ,578.0,5578,Yelandur,ಯಳಂದೂರು,5578.0,2024-10-07
28,Andhra Pradesh,ANDHRA PRADESH,28.0,752,Tirupati,Tirupati,0.0,5377,Yerpedu,,5377.0,2024-10-07
28,Andhra Pradesh,ANDHRA PRADESH,28.0,504,Y.S.R.,,551.0,5223,Yerraguntla,,5223.0,2024-10-07
15,Mizoram,MIZORAM,15.0,266,Mamit,MAMIT,281.0,1896,Zawlnuam,,1896.0,2024-10-07
21,Odisha,ODISHA,21.0,360,Kendrapara,KENDRAPARA,379.0,2925,Aali,,2925.0,2024-10-07
8,Rajasthan,RAJASTHAN,8.0,772,Phalodi,फलाैदी,,7146,Aau,आऊ,0.0,2024-10-07
27,Maharashtra,महाराष्ट्र,27.0,468,Amravati,अमरावती,503.0,4004,Achalpur,अचलपूर,4004.0,2024-10-07
36,Telangana,తెలంగాణ,0.0,512,Mahabubnagar,మహబూబ్ నగర్,538.0,4586,Addakal,అడ్డాకల్,4586.0,2024-10-07
28,Andhra Pradesh,ANDHRA PRADESH,28.0,745,Alluri Sitharama Raju,Alluri Sitharama Raju,0.0,4887,Addateegala,,4887.0,2024-10-07
10,Bihar,BIHAR,10.0,200,Kaimur (Bhabua),कैमूर ( भभुआ ),233.0,1456,Adhaura,अधौरा,1456.0,2024-10-07
36,Telangana,తెలంగాణ,0.0,501,Adilabad,ఆదిలాబాద్,532.0,4306,Adilabad Urban,ఆదిలాబాద్ (అర్బన్),4306.0,2024-10-07
28,Andhra Pradesh,ANDHRA PRADESH,28.0,754,Sri Sathya Sai,Sri Sathya Sai,0.0,5354,Agali,,5354.0,2024-10-07
33,Tamil Nadu,TAMIL NADU,33.0,575,Kanniyakumari,KANNIYAKUMARI,629.0,5884,Agastheeswaram,,5884.0,2024-10-07
13,Nagaland,NAGALAND,13.0,251,Zunheboto,ZUNHEBOTO,263.0,1771,Aghunato,,1771.0,2024-10-07
8,Rajasthan,RAJASTHAN,8.0,104,Jalore,JALORE,116.0,586,Ahore,,586.0,2024-10-07
15,Mizoram,MIZORAM,15.0,261,Aizawl,AIZAWL,283.0,1904,Aibawk,,1904.0,2024-10-07
1,Jammu And Kashmir,JAMMU AND KASHMIR,1.0,623,Bandipora,BANDIPORA,9.0,6810,Ajas,Ajas,0.0,2024-10-07
23,Madhya Pradesh,MADHYA PRADESH,23.0,420,Panna,पन्ना,426.0,3435,Ajaygarh,अजयगढ़,3435.0,2024-10-07
3,Punjab,PUNJAB,3.0,27,Amritsar,AMRITSAR,49.0,255,Ajnala,,255.0,2024-10-07
9,Uttar Pradesh,UTTAR PRADESH,9.0,156,Kanpur Dehat,KANPUR DEHAT,163.0,845,Akbarpur,,845.0,2024-10-07
10,Bihar,BIHAR,10.0,210,Nawada,नवादा,237.0,1519,Akbarpur,अकबरपुर,1519.0,2024-10-07
8,Rajasthan,RAJASTHAN,8.0,105,Jhalawar,JHALAWAR,129.0,680,Aklera,,680.0,2024-10-07
9,Uttar Pradesh,UTTAR PRADESH,9.0,138,Etah,ETAH,201.0,1007,Aliganj,,1007.0,2024-10-07
8,Rajasthan,RAJASTHAN,8.0,116,Tonk,TONK,120.0,7371,Aligarh,अलीगढ़,0.0,2024-10-07
19,West Bengal,WEST BENGAL,19.0,664,Alipurduar,,0.0,2174,Alipurduar - II,,2174.0,2024-10-07
29,Karnataka,ಕರ್ನಾಟಕ,29.0,536,Dharwad,ಧಾರವಾಡ,562.0,7081,Alnavar,,0.0,2024-10-07
28,Andhra Pradesh,ANDHRA PRADESH,28.0,754,Sri Sathya Sai,Sri Sathya Sai,0.0,5361,Amadagur,,5361.0,2024-10-07
28,Andhra Pradesh,ANDHRA PRADESH,28.0,747,Dr. B.R. Ambedkar Konaseema,డా బి ఆర్  అంబేడ్కర్ కోనసీమ,0.0,4941,Amalapuram,,4941.0,2024-10-07
36,Telangana,తెలంగాణ,0.0,693,Wanaparthy,వనపర్తి,0.0,6290,Amarchintha,అమరచింత,0.0,2024-10-07
23,Madhya Pradesh,MADHYA PRADESH,23.0,399,Chhindwara,छिन्दवाड़ा,455.0,3648,Amarwara,अमरवाड़ा,3648.0,2024-10-07
10,Bihar,BIHAR,10.0,196,Gaya,गया,236.0,1499,Amas,आमस,1499.0,2024-10-07
6,Haryana,HARYANA,6.0,58,Ambala,AMBALA,70.0,359,Ambala,,359.0,2024-10-07
32,Kerala,KERALA,32.0,554,Alappuzha,ആലപ്പുഴ,598.0,5674,Ambalappuzha,അമ്പലപ്പുഴ,5674.0,2024-10-07
9,Uttar Pradesh,UTTAR PRADESH,9.0,640,Amethi,Amethi,0.0,914,Amethi,,914.0,2024-10-07
31,Lakshadweep,LAKSHADWEEP,31.0,553,Lakshadweep District,LAKSHADWEEP DISTRICT,587.0,5620,Amini,,5620.0,2024-10-07
24,Gujarat,GUJARAT,24.0,441,Banas Kantha,BANAS KANTHA,469.0,3736,Amirgadh,,3736.0,2024-10-07
22,Chhattisgarh,छत्तीसगढ़,22.0,645,Gariyaband,गरियाबंद,0.0,7307,Amlipadar,अमलीपदर,0.0,2024-10-07
24,Gujarat,GUJARAT,24.0,439,Amreli,AMRELI,480.0,3843,Amreli,,3843.0,2024-10-07
20,Jharkhand,झारखंड,20.0,343,West Singhbhum,पश्चिमी सिंघभूम,368.0,2734,Anandpur,आनंदपुर,2734.0,2024-10-07
8,Rajasthan,RAJASTHAN,8.0,88,Banswara,BANSWARA,125.0,6061,Anandpuri,ANANDPURI,0.0,2024-10-07
28,Andhra Pradesh,ANDHRA PRADESH,28.0,502,Ananthapuramu,అనంతపురము,553.0,5330,Anantapur,,5330.0,2024-10-07
36,Telangana,తెలంగాణ,0.0,696,Suryapet,సూర్యాపేట,0.0,6302,Ananthagiri,అనంతగిరి,0.0,2024-10-07
28,Andhra Pradesh,ANDHRA PRADESH,28.0,515,Sri Potti Sriramulu Nellore,శ్రీ పొట్టి శ్రీరాములు నెల్లూరు,550.0,5173,Ananthasagaram,,5173.0,2024-10-07
10,Bihar,BIHAR,10.0,222,Siwan,सिवान,218.0,1243,Andar,आन्दर,1243.0,2024-10-07
33,Tamil Nadu,TAMIL NADU,33.0,588,Theni,THENI,624.0,5846,Andipatti,,5846.0,2024-10-07
29,Karnataka,ಕರ್ನಾಟಕ,29.0,525,Bengaluru Urban,ಬೆಂಗಳೂರು,572.0,5545,Anekal,ಆನೇಕಲ್,5545.0,2024-10-07
12,Arunachal Pradesh,ARUNACHAL PRADESH,12.0,230,Dibang Valley,DIBANG VALLEY,257.0,1720,Anelih,,1720.0,2024-10-07
23,Madhya Pradesh,MADHYA PRADESH,23.0,393,Barwani,बड़वानी,441.0,3557,Anjad,अंजड़,3557.0,2024-10-07
24,Gujarat,GUJARAT,24.0,449,Kachchh,KACHCHH,468.0,3725,Anjar,,3725.0,2024-10-07
33,Tamil Nadu,TAMIL NADU,33.0,573,Erode,ERODE,610.0,5969,Anthiyur,,0.0,2024-10-07
23,Madhya Pradesh,MADHYA PRADESH,23.0,390,Anuppur,अनूपपुर,461.0,3694,Anuppur,अनूपपुर,3694.0,2024-10-07
13,Nagaland,NAGALAND,13.0,244,Dimapur,DIMAPUR,265.0,1793,Aquqhnaqua,,1793.0,2024-10-07
29,Karnataka,ಕರ್ನಾಟಕ,29.0,546,Raichur,ರಾಯಚೂರು,559.0,7403,Arakera,ಅರೆಕೇರಾ,0.0,2024-10-07
33,Tamil Nadu,TAMIL NADU,33.0,731,Ranipet,ராணிப்பேட்டை,0.0,5715,Arakonam,,5715.0,2024-10-07
33,Tamil Nadu,TAMIL NADU,33.0,582,Pudukkottai,PUDUKKOTTAI,621.0,5826,Aranthangi,,5826.0,2024-10-07
28,Andhra Pradesh,ANDHRA PRADESH,28.0,517,Prakasam,PRAKASAM,549.0,5116,Ardhaveedu,,5116.0,2024-10-07
33,Tamil Nadu,TAMIL NADU,33.0,610,Ariyalur,அரியலூர்,616.0,5787,Ariyalur,அரியலூர்,5787.0,2024-10-07
22,Chhattisgarh,छत्तीसगढ़,22.0,646,Balod,बालोद,0.0,7253,Arjunda,अर्जुन्दा,0.0,2024-10-07
27,Maharashtra,महाराष्ट्र,27.0,475,Gadchiroli,गडचिरोली,508.0,4053,Armori,आरमोरी,4053.0,2024-10-07
33,Tamil Nadu,TAMIL NADU,33.0,597,Virudhunagar,VIRUDHUNAGAR,625.0,5853,Aruppukkottai,,5853.0,2024-10-07
10,Bihar,BIHAR,10.0,611,Arwal,अरवल,240.0,1542,Arwal,अरवल,1542.0,2024-10-07
36,Telangana,తెలంగాణ,0.0,507,Hyderabad,హైదరాబాద్,536.0,4506,Asif Nagar,ఆసిఫ్ నగర్,4506.0,2024-10-07
21,Odisha,ODISHA,21.0,354,Ganjam,GANJAM,388.0,3078,Asika,,3078.0,2024-10-07
8,Rajasthan,RAJASTHAN,8.0,92,Bhilwara,BHILWARA,122.0,627,Asind,,627.0,2024-10-07
36,Telangana,తెలంగాణ,0.0,690,Bhadradri Kothagudem,భద్రాద్రి కొత్తగూడెం,0.0,4749,Aswaraopeta,అశ్వారావుపేట,4749.0,2024-10-07
10,Bihar,BIHAR,10.0,212,Patna,पटना,230.0,1415,Athmalgola,अथमलगोला,1415.0,2024-10-07
28,Andhra Pradesh,ANDHRA PRADESH,28.0,749,Ntr,NTR,0.0,4998,Atlapragada Konduru,Atlapragada Konduru,4998.0,2024-10-07
28,Andhra Pradesh,ANDHRA PRADESH,28.0,515,Sri Potti Sriramulu Nellore,శ్రీ పొట్టి శ్రీరాములు నెల్లూరు,550.0,5164,Atmakur,,5164.0,2024-10-07
36,Telangana,తెలంగాణ,0.0,696,Suryapet,సూర్యాపేట,0.0,4622,Atmakur (S),ఆత్మకూరు (సూ),4622.0,2024-10-07
27,Maharashtra,महाराष्ट्र,27.0,493,Sangli,सांगली,531.0,4300,Atpadi,आटपाडी,4300.0,2024-10-07
29,Karnataka,ಕರ್ನಾಟಕ,29.0,529,Bidar,ಬೀದರ್‌,558.0,5456,Aurad,ಔರಾದ,5456.0,2024-10-07
10,Bihar,BIHAR,10.0,201,Katihar,कटिहार,212.0,1148,Azamnagar,आजमनगर,1148.0,2024-10-07
18,Assam,ASSAM,18.0,618,Kamrup Metro,KAMRUP MOHANAGAR,322.0,2127,Azara,,2127.0,2024-10-07
6,Haryana,HARYANA,6.0,68,Kurukshetra,KURUKSHETRA,72.0,6454,Babain St,बबैन,0.0,2024-10-07
10,Bihar,BIHAR,10.0,191,Begusarai,बेगूसराय,222.0,1310,Bachhwara,बछवाडा,1310.0,2024-10-07
21,Odisha,ODISHA,21.0,356,Jajapur,JAJAPUR,382.0,2982,Badachana,,2982.0,2024-10-07
21,Odisha,ODISHA,21.0,350,Cuttack,CUTTACK,381.0,2946,Badamba,,2946.0,2024-10-07
29,Karnataka,ಕರ್ನಾಟಕ,29.0,524,Bagalkote,ಬಾಗಲಕೋಟೆ,556.0,5446,Badami,ಬಾದಾಮಿ,5446.0,2024-10-07
21,Odisha,ODISHA,21.0,365,Mayurbhanj,MAYURBHANJ,376.0,2866,Badampahar,,2866.0,2024-10-07
28,Andhra Pradesh,ANDHRA PRADESH,28.0,521,Vizianagaram,VIZIANAGARAM,543.0,4820,Badangi,,4820.0,2024-10-07
23,Madhya Pradesh,MADHYA PRADESH,23.0,432,Shivpuri,शिवपुरी,423.0,3412,Badarwas,बदरवास,3412.0,2024-10-07
23,Madhya Pradesh,MADHYA PRADESH,23.0,431,Sheopur,श्योपुर,418.0,3383,Badoda,बडोदा,3383.0,2024-10-07
2,Himachal Pradesh,HIMACHAL PRADESH,2.0,22,Mandi,MANDI,27.0,186,Bagachnogi,बागाचनोगी,186.0,2024-10-07
17,Meghalaya,MEGHALAYA,17.0,277,South Garo Hills,SOUTH GARO HILLS,295.0,1977,Baghmara,,1977.0,2024-10-07
20,Jharkhand,झारखंड,20.0,325,Dhanbad,धनबाद,354.0,2582,Baghmara-Cum-Katras,बाघमारा,2582.0,2024-10-07
9,Uttar Pradesh,UTTAR PRADESH,9.0,124,Baghpat,BAGHPAT,139.0,736,Baghpat,,736.0,2024-10-07
23,Madhya Pradesh,MADHYA PRADESH,23.0,402,Dewas,देवास,437.0,3529,Bagli,बागली,3529.0,2024-10-07
12,Arunachal Pradesh,ARUNACHAL PRADESH,12.0,243,West Siang,WEST SIANG,250.0,6588,Bagra Circle,Bagra,0.0,2024-10-07
10,Bihar,BIHAR,10.0,203,Kishanganj,किशनगंज,210.0,1125,Bahadurganj,बहादुरगंज,1125.0,2024-10-07
6,Haryana,HARYANA,6.0,64,Jhajjar,JHAJJAR,83.0,408,Bahadurgarh,,408.0,2024-10-07
23,Madhya Pradesh,MADHYA PRADESH,23.0,433,Sidhi,सीधी,462.0,6072,Bahari,बहरी,0.0,2024-10-07
9,Uttar Pradesh,UTTAR PRADESH,9.0,130,Bareilly,BAREILLY,150.0,784,Baheri,,784.0,2024-10-07
9,Uttar Pradesh,UTTAR PRADESH,9.0,125,Bahraich,BAHRAICH,180.0,921,Bahraich,,921.0,2024-10-07
21,Odisha,ODISHA,21.0,350,Cuttack,CUTTACK,381.0,2947,Baidyeswar,,2947.0,2024-10-07
10,Bihar,BIHAR,10.0,221,Sitamarhi,सीतामढी,206.0,1063,Bairgania,बैरगनिया,1063.0,2024-10-07
9,Uttar Pradesh,UTTAR PRADESH,9.0,126,Ballia,BALLIA,193.0,980,Bairia,,980.0,2024-10-07
5,Uttarakhand,UTTARAKHAND,5.0,56,Udam Singh Nagar,UDAM SINGH NAGAR,67.0,348,Bajpur,,348.0,2024-10-07
19,West Bengal,WEST BENGAL,19.0,312,Hooghly,HOOGHLY,338.0,2345,Balagarh,,2345.0,2024-10-07
36,Telangana,తెలంగాణ,0.0,512,Mahabubnagar,మహబూబ్ నగర్,538.0,4557,Balanagar,బాలనగర్,4557.0,2024-10-07
36,Telangana,తెలంగాణ,0.0,518,Ranga Reddy,రంగా రెడ్డి,537.0,6323,Balapur,బాలాపూర్,0.0,2024-10-07
2,Himachal Pradesh,HIMACHAL PRADESH,2.0,22,Mandi,MANDI,27.0,131,Baldwara,,131.0,2024-10-07
20,Jharkhand,झारखंड,20.0,325,Dhanbad,धनबाद,354.0,2586,Baliapur,बलियापुर,2586.0,2024-10-07
28,Andhra Pradesh,ANDHRA PRADESH,28.0,743,Parvathipuram Manyam,Parvathipuram Manyam,0.0,4815,Balijipeta,,4815.0,2024-10-07
27,Maharashtra,महाराष्ट्र,27.0,473,Chandrapur,चंद्रपूर,509.0,4074,Ballarpur,बल्लारपूर,4074.0,2024-10-07
22,Chhattisgarh,छत्तीसगढ़,22.0,646,Balod,बालोद,0.0,3321,Balod,BALOD,3321.0,2024-10-07
9,Uttar Pradesh,UTTAR PRADESH,9.0,127,Balrampur,BALRAMPUR,182.0,925,Balrampur,,925.0,2024-10-07
6,Haryana,HARYANA,6.0,63,Hisar,HISAR,80.0,6442,Balsamand St,बालसमंद,0.0,2024-10-07
20,Jharkhand,झारखंड,20.0,335,Latehar,लातेहार,359.0,2640,Balumath,बालूमाथ,2640.0,2024-10-07
19,West Bengal,WEST BENGAL,19.0,310,Dakshin Dinajpur,DAKSHIN DINAJPUR,331.0,2204,Balurghat,,2204.0,2024-10-07
21,Odisha,ODISHA,21.0,361,Kendujhar,KENDUJHAR,375.0,2838,Bamebari,,2838.0,2024-10-07
22,Chhattisgarh,छत्तीसगढ़,22.0,379,Janjgir-Champa,जांजगीर - चाम्पा,405.0,7265,Bamhnidih,बम्हनीडीह,0.0,2024-10-07
23,Madhya Pradesh,MADHYA PRADESH,23.0,417,Morena,मुरैना,419.0,7112,Bamor,बामौर,0.0,2024-10-07
21,Odisha,ODISHA,21.0,346,Baleshwar,BALESHWAR,377.0,2901,Bampada,,2901.0,2024-10-07
9,Uttar Pradesh,UTTAR PRADESH,9.0,128,Banda,BANDA,170.0,871,Banda,,871.0,2024-10-07
8,Rajasthan,RAJASTHAN,8.0,780,Shahpura,शाहपुरा,,630,Banera,,630.0,2024-10-07
1,Jammu And Kashmir,JAMMU AND KASHMIR,1.0,621,Ramban,RAMBAN,17.0,66,Banihal,,66.0,2024-10-07
10,Bihar,BIHAR,10.0,213,Purbi Champaran,पूर्वी चंपारण,204.0,1037,Bankatwa,बनकटवा,1037.0,2024-10-07
23,Madhya Pradesh,MADHYA PRADESH,23.0,409,Narmadapuram,नर्मदापुरम,449.0,3619,Bankhedi,बनखेड़ी,3619.0,2024-10-07
10,Bihar,BIHAR,10.0,214,Purnia,पूर्णिया,211.0,1128,Banmankhi,बनमनखी,1128.0,2024-10-07
20,Jharkhand,झारखंड,20.0,342,Simdega,सिमडेगा,367.0,2727,Bano,,2727.0,2024-10-07
9,Uttar Pradesh,UTTAR PRADESH,9.0,126,Ballia,BALLIA,193.0,979,Bansdih,,979.0,2024-10-07
9,Uttar Pradesh,UTTAR PRADESH,9.0,148,Gorakhpur,GORAKHPUR,188.0,952,Bansgaon,,952.0,2024-10-07
8,Rajasthan,RAJASTHAN,8.0,782,Kotputli-Behror,कोटपूतली-बहरोड,,500,Bansur,,500.0,2024-10-07
8,Rajasthan,RAJASTHAN,8.0,88,Banswara,BANSWARA,125.0,652,Banswara,,652.0,2024-10-07
8,Rajasthan,RAJASTHAN,8.0,778,Jodhpur (Gramin),जोधपुर (ग्रामीण),,6047,Baori,Baori,0.0,2024-10-07
28,Andhra Pradesh,ANDHRA PRADESH,28.0,750,Bapatla,Bapatla,0.0,5093,Bapatla,,5093.0,2024-10-07
19,West Bengal,WEST BENGAL,19.0,321,Purulia,PURULIA,340.0,2394,Barabazar,,2394.0,2024-10-07
10,Bihar,BIHAR,10.0,204,Lakhisarai,लखीसराय,227.0,1365,Barahiya,बड़हिया,1365.0,2024-10-07
18,Assam,ASSAM,18.0,616,Baksa,,324.0,5935,Barama Pt,,0.0,2024-10-07
22,Chhattisgarh,छत्तीसगढ़,22.0,763,Sarangarh-Bilaigarh,सारंगढ़-बिलाईगढ़,0.0,3271,Baramkela,बरमकेला,3271.0,2024-10-07
8,Rajasthan,RAJASTHAN,8.0,89,Baran,BARAN,128.0,672,Baran,बारां,672.0,2024-10-07
19,West Bengal,WEST BENGAL,19.0,303,North 24 Parganas,NORTH TWENTY FOUR PARGANAS,337.0,2325,Barasat - I,,2325.0,2024-10-07
1,Jammu And Kashmir,JAMMU AND KASHMIR,1.0,625,Shopian,SHOPIAN,13.0,6798,Barbugh,Barbugh,0.0,2024-10-07
21,Odisha,ODISHA,21.0,347,Bargarh,BARGARH,370.0,2766,Bargarh Sadar,,2766.0,2024-10-07
10,Bihar,BIHAR,10.0,212,Patna,पटना,230.0,1417,Barh,बाढ़,1417.0,2024-10-07
9,Uttar Pradesh,UTTAR PRADESH,9.0,137,Deoria,DEORIA,190.0,961,Barhaj,,961.0,2024-10-07
10,Bihar,BIHAR,10.0,214,Purnia,पूर्णिया,211.0,1129,Barhara,बरहरा,1129.0,2024-10-07
19,West Bengal,WEST BENGAL,19.0,305,Bankura,BANKURA,339.0,2363,Barjora,,2363.0,2024-10-07
8,Rajasthan,RAJASTHAN,8.0,90,Barmer,BARMER,115.0,7131,Barmer Gramin,बाड़मेर ग्रामीण,0.0,2024-10-07
3,Punjab,PUNJAB,3.0,605,Barnala,,54.0,275,Barnala,,275.0,2024-10-07
22,Chhattisgarh,छत्तीसगढ़,22.0,383,Korba,कोरबा,404.0,7233,Barpali,बरपाली,0.0,2024-10-07
27,Maharashtra,महाराष्ट्र,27.0,496,Solapur,सोलापूर,526.0,4246,Barshi,बार्शी,4246.0,2024-10-07
27,Maharashtra,महाराष्ट्र,27.0,467,Akola,अकोला,501.0,3994,Barshitakli,बार्शीटाकळी,3994.0,2024-10-07
23,Madhya Pradesh,MADHYA PRADESH,23.0,414,Khargone (West Nimar),खरगोन (पश्चिम निमाड़),440.0,3545,Barwaha,बडवाह,3545.0,2024-10-07
24,Gujarat,GUJARAT,24.0,676,Botad,BOTAD,0.0,3786,Barwala,,3786.0,2024-10-07
10,Bihar,BIHAR,10.0,222,Siwan,सिवान,218.0,1234,Basantpur,बसंतपुर,1234.0,2024-10-07
12,Arunachal Pradesh,ARUNACHAL PRADESH,12.0,724,Leparada,LEPARADA,0.0,1636,Basar Adc,,1636.0,2024-10-07
20,Jharkhand,झारखंड,20.0,330,Godda,गोड्डा,351.0,2560,Bashant Rai*,,2560.0,2024-10-07
36,Telangana,తెలంగాణ,0.0,698,Vikarabad,వికారాబాద్,0.0,4535,Basheerabad,బషీరాబాద్,4535.0,2024-10-07
19,West Bengal,WEST BENGAL,19.0,303,North 24 Parganas,NORTH TWENTY FOUR PARGANAS,337.0,2330,Basirhat - II,,2330.0,2024-10-07
18,Assam,ASSAM,18.0,616,Baksa,,324.0,2143,Baska,,2143.0,2024-10-07
6,Haryana,HARYANA,6.0,63,Hisar,HISAR,80.0,6408,Bass,बास,0.0,2024-10-07
8,Rajasthan,RAJASTHAN,8.0,783,Jaipur (Gramin),जयपुर (ग्रामीण),,549,Bassi,,549.0,2024-10-07
3,Punjab,PUNJAB,3.0,30,Fatehgarh Sahib,FATEHGARH SAHIB,40.0,220,Bassi Pathana,,220.0,2024-10-07
22,Chhattisgarh,छत्तीसगढ़,22.0,374,Bastar,बस्तर,414.0,3362,Bastanar,,3362.0,2024-10-07
5,Uttarakhand,UTTARAKHAND,5.0,54,Rudra Prayag,RUDRA PRAYAG,58.0,6334,Basukedar,,0.0,2024-10-07
8,Rajasthan,RAJASTHAN,8.0,97,Dausa,DAUSA,109.0,533,Baswa,Baswa,533.0,2024-10-07
3,Punjab,PUNJAB,3.0,32,Gurdaspur,GURDASPUR,35.0,203,Batala,,203.0,2024-10-07
21,Odisha,ODISHA,21.0,349,Boudh,BOUDH,391.0,3130,Baudh Sadar,,3130.0,2024-10-07
10,Bihar,BIHAR,10.0,190,Banka,बांका,225.0,1355,Bausi,बौंसी,1355.0,2024-10-07
24,Gujarat,GUJARAT,24.0,438,Ahmedabad,AHMEDABAD,474.0,3784,Bavla,,3784.0,2024-10-07
36,Telangana,తెలంగాణ,0.0,688,Mahabubabad,మహబుబాబాద్,0.0,4742,Bayyaram,బయ్యారం,4742.0,2024-10-07
23,Madhya Pradesh,MADHYA PRADESH,23.0,431,Sheopur,श्योपुर,418.0,3381,Beerpur,बीरपुर,3381.0,2024-10-07
1,Jammu And Kashmir,JAMMU AND KASHMIR,1.0,2,Budgam,,2.0,5,Beerwah,,5.0,2024-10-07
23,Madhya Pradesh,MADHYA PRADESH,23.0,421,Raisen,रायसेन,446.0,3592,Begamganj,बेगमगंज,3592.0,2024-10-07
8,Rajasthan,RAJASTHAN,8.0,97,Dausa,DAUSA,109.0,7134,Behrawanda,बहरावण्डा,0.0,2024-10-07
19,West Bengal,WEST BENGAL,19.0,319,Murshidabad,MURSHIDABAD,333.0,2244,Beldanga - I,,2244.0,2024-10-07
22,Chhattisgarh,छत्तीसगढ़,22.0,650,Bemetara,बेमेतरा,0.0,3312,Bemetara,,3312.0,2024-10-07
20,Jharkhand,झारखंड,20.0,339,Ranchi,रांची,364.0,2695,Bero,,2695.0,2024-10-07
28,Andhra Pradesh,ANDHRA PRADESH,28.0,517,Prakasam,PRAKASAM,549.0,5131,Bestavaripeta,బేస్తవారిపేట,5131.0,2024-10-07
8,Rajasthan,RAJASTHAN,8.0,95,Chittorgarh,CHITTORGARH,126.0,662,Bhadesar,,662.0,2024-10-07
8,Rajasthan,RAJASTHAN,8.0,104,Jalore,JALORE,116.0,7217,Bhadrajun,भाद्राजून,0.0,2024-10-07
27,Maharashtra,महाराष्ट्र,27.0,473,Chandrapur,चंद्रपूर,509.0,4070,Bhadravati,भद्रावती,4070.0,2024-10-07
19,West Bengal,WEST BENGAL,19.0,319,Murshidabad,MURSHIDABAD,333.0,2232,Bhagawangola - II,,2232.0,2024-10-07
12,Arunachal Pradesh,ARUNACHAL PRADESH,12.0,242,West Kameng,WEST KAMENG,246.0,6561,Bhalukpong Eac,Bhalukpong EAC,0.0,2024-10-07
27,Maharashtra,महाराष्ट्र,27.0,475,Gadchiroli,गडचिरोली,508.0,4061,Bhamragad,भामरागड,4061.0,2024-10-07
8,Rajasthan,RAJASTHAN,8.0,103,Jaisalmer,JAISALMER,114.0,6040,Bhaniyana,Bhaniyana,0.0,2024-10-07
9,Uttar Pradesh,UTTAR PRADESH,9.0,131,Basti,BASTI,185.0,937,Bhanpur,,937.0,2024-10-07
19,West Bengal,WEST BENGAL,19.0,319,Murshidabad,MURSHIDABAD,333.0,2246,Bharatpur - II,,2246.0,2024-10-07
2,Himachal Pradesh,HIMACHAL PRADESH,2.0,16,Chamba,CHAMBA,23.0,92,Bharmour,,92.0,2024-10-07
22,Chhattisgarh,छत्तीसगढ़,22.0,763,Sarangarh-Bilaigarh,सारंगढ़-बिलाईगढ़,0.0,7276,Bhatgaon,भटगांव,0.0,2024-10-07
21,Odisha,ODISHA,21.0,347,Bargarh,BARGARH,370.0,2764,Bheden,,2764.0,2024-10-07
36,Telangana,తెలంగాణ,0.0,501,Adilabad,ఆదిలాబాద్,532.0,6223,Bheempur,భీంపూర్,0.0,2024-10-07
28,Andhra Pradesh,ANDHRA PRADESH,28.0,520,Visakhapatnam,విశాఖపట్నం,544.0,4865,Bheemunipatnam,,4865.0,2024-10-07
1,Jammu And Kashmir,JAMMU AND KASHMIR,1.0,4,Doda,DODA,16.0,7203,Bhella,,0.0,2024-10-07
23,Madhya Pradesh,MADHYA PRADESH,23.0,414,Khargone (West Nimar),खरगोन (पश्चिम निमाड़),440.0,3549,Bhikangaon,भीकनगांव,3549.0,2024-10-07
5,Uttarakhand,UTTARAKHAND,5.0,45,Almora,ALMORA,64.0,325,Bhikiasain,,325.0,2024-10-07
23,Madhya Pradesh,MADHYA PRADESH,23.0,407,Gwalior,ग्वालियर,421.0,3401,Bhitarwar,भितरवार,3401.0,2024-10-07
9,Uttar Pradesh,UTTAR PRADESH,9.0,121,Ambedkar Nagar,AMBEDKAR NAGAR,178.0,911,Bhiti,,911.0,2024-10-07
27,Maharashtra,महाराष्ट्र,27.0,497,Thane,ठाणे,517.0,4166,Bhiwandi,भिवंडी,4166.0,2024-10-07
9,Uttar Pradesh,UTTAR PRADESH,9.0,166,Mainpuri,MAINPURI,148.0,777,Bhogaon,,777.0,2024-10-07
21,Odisha,ODISHA,21.0,346,Baleshwar,BALESHWAR,377.0,2891,Bhograi,,2891.0,2024-10-07
2,Himachal Pradesh,HIMACHAL PRADESH,2.0,17,Hamirpur,HAMIRPUR,28.0,146,Bhoranj,,146.0,2024-10-07
2,Himachal Pradesh,HIMACHAL PRADESH,2.0,17,Hamirpur,HAMIRPUR,28.0,6885,Bhota,,0.0,2024-10-07
18,Assam,ASSAM,18.0,294,Kokrajhar,KOKRAJHAR,300.0,2002,Bhowraguri,,2002.0,2024-10-07
18,Assam,ASSAM,18.0,296,Marigaon,MARIGAON,304.0,2027,Bhuragaon,,2027.0,2024-10-07
33,Tamil Nadu,TAMIL NADU,33.0,570,Cuddalore,CUDDALORE,617.0,6645,Bhuvanagiri,புவனகிரி,0.0,2024-10-07
23,Madhya Pradesh,MADHYA PRADESH,23.0,399,Chhindwara,छिन्दवाड़ा,455.0,3657,Bichhua,बिछुआ,3657.0,2024-10-07
23,Madhya Pradesh,MADHYA PRADESH,23.0,410,Indore,इन्दौर,439.0,7013,Bicholi Hapsi,भिचौलीहप्सी,0.0,2024-10-07
30,Goa,GOA,30.0,551,North Goa,NORTH GOA,585.0,5612,Bicholim,,5612.0,2024-10-07
8,Rajasthan,RAJASTHAN,8.0,96,Churu,CHURU,102.0,6426,Bidasar,बीदासर,0.0,2024-10-07
9,Uttar Pradesh,UTTAR PRADESH,9.0,122,Auraiya,AURAIYA,162.0,841,Bidhuna,,841.0,2024-10-07
10,Bihar,BIHAR,10.0,209,Nalanda,नालंदा,229.0,1386,Bihar,,1386.0,2024-10-07
10,Bihar,BIHAR,10.0,197,Gopalganj,गोपालगंज,217.0,1216,Bijaipur,विजयपुर,1216.0,2024-10-07
1,Jammu And Kashmir,JAMMU AND KASHMIR,1.0,1,Anantnag,ANANTNAG,14.0,54,Bijbehara,,54.0,2024-10-07
18,Assam,ASSAM,18.0,612,Chirang,,320.0,2115,Bijni (Pt),,2115.0,2024-10-07
9,Uttar Pradesh,UTTAR PRADESH,9.0,132,Bijnor,BIJNOR,134.0,713,Bijnor,,713.0,2024-10-07
22,Chhattisgarh,छत्तीसगढ़,22.0,375,Bilaspur,बिलासपुर,406.0,3297,Bilha,,3297.0,2024-10-07
1,Jammu And Kashmir,JAMMU AND KASHMIR,1.0,7,Kathua,KATHUA,7.0,27,Billawar,,27.0,2024-10-07
27,Maharashtra,महाराष्ट्र,27.0,485,Nanded,नांदेड,511.0,4105,Biloli,बिलोली,4105.0,2024-10-07
21,Odisha,ODISHA,21.0,356,Jajapur,JAJAPUR,382.0,2984,Binjharpur,,2984.0,2024-10-07
5,Uttarakhand,UTTARAKHAND,5.0,52,Pauri Garhwal,PAURI GARHWAL,61.0,6354,Bironkhal,,0.0,2024-10-07
10,Bihar,BIHAR,10.0,206,Madhubani,मधुबनी,207.0,1092,Bisfi,बिस्फी,1092.0,2024-10-07
1,Jammu And Kashmir,JAMMU AND KASHMIR,1.0,5,Jammu,JAMMU,21.0,81,Bishnah,,81.0,2024-10-07
20,Jharkhand,झारखंड,20.0,331,Gumla,गुमला,366.0,2706,Bishunpur,,2706.0,2024-10-07
21,Odisha,ODISHA,21.0,373,Sundargarh,SUNDARGARH,374.0,2818,Bisra,,2818.0,2024-10-07
9,Uttar Pradesh,UTTAR PRADESH,9.0,183,Sitapur,SITAPUR,154.0,806,Biswan,,806.0,2024-10-07
10,Bihar,BIHAR,10.0,217,Samastipur,समस्तीपुर,221.0,1303,Bithan,बिथान,1303.0,2024-10-07
20,Jharkhand,झारखंड,20.0,330,Godda,गोड्डा,351.0,2557,Boarijor,,2557.0,2024-10-07
33,Tamil Nadu,TAMIL NADU,33.0,588,Theni,THENI,624.0,5842,Bodinayakanur,,5842.0,2024-10-07
22,Chhattisgarh,छत्तीसगढ़,22.0,375,Bilaspur,बिलासपुर,406.0,7250,Bodri,बोदरी,0.0,2024-10-07
27,Maharashtra,महाराष्ट्र,27.0,478,Jalgaon,जळगाव,499.0,3964,Bodvad,बोधवड,3964.0,2024-10-07
18,Assam,ASSAM,18.0,291,Kamrup,KAMRUP,321.0,2124,Boko,,2124.0,2024-10-07
20,Jharkhand,झारखंड,20.0,342,Simdega,सिमडेगा,367.0,2722,Bolba,,2722.0,2024-10-07
8,Rajasthan,RAJASTHAN,8.0,113,Sawai Madhopur,SAWAI MADHOPUR,108.0,529,Bonli,,529.0,2024-10-07
36,Telangana,తెలంగాణ,0.0,697,Yadadri Bhuvanagiri,యదాద్రి భువనగిరి,0.0,4630,B Pochampally,బి.పోచంపల్లి,4630.0,2024-10-07
21,Odisha,ODISHA,21.0,354,Ganjam,GANJAM,388.0,3093,Brahmapur Sadar,,3093.0,2024-10-07
9,Uttar Pradesh,UTTAR PRADESH,9.0,133,Budaun,BUDAUN,149.0,782,Budaun,,782.0,2024-10-07
1,Jammu And Kashmir,JAMMU AND KASHMIR,1.0,2,Budgam,,2.0,7,Budgam,,7.0,2024-10-07
19,West Bengal,WEST BENGAL,19.0,304,South 24 Parganas,SOUTH 24 Parganas,343.0,2413,Budge Budge - I,,2413.0,2024-10-07
8,Rajasthan,RAJASTHAN,8.0,106,Jhunjhunu,JHUNJHUNU,103.0,489,Buhana,,489.0,2024-10-07
28,Andhra Pradesh,ANDHRA PRADESH,28.0,502,Ananthapuramu,అనంతపురము,553.0,5329,Bukkaraya Samudram,,5329.0,2024-10-07
27,Maharashtra,महाराष्ट्र,27.0,472,Buldhana,बुलढाणा,500.0,3984,Buldana,बुलडाणा,3984.0,2024-10-07
12,Arunachal Pradesh,ARUNACHAL PRADESH,12.0,242,West Kameng,WEST KAMENG,246.0,6847,Buragaon Eac,BURAGAON EAC,0.0,2024-10-07
23,Madhya Pradesh,MADHYA PRADESH,23.0,398,Chhatarpur,छ्तरपुर,425.0,3434,Buxwaha,बक्‍स्‍वाहा,3434.0,2024-10-07
19,West Bengal,WEST BENGAL,19.0,304,South 24 Parganas,SOUTH 24 Parganas,343.0,2421,Canning - II,,2421.0,2024-10-07
28,Andhra Pradesh,ANDHRA PRADESH,28.0,511,Kurnool,KURNOOL,552.0,5256,C.Belagal,,5256.0,2024-10-07
1,Jammu And Kashmir,JAMMU AND KASHMIR,1.0,2,Budgam,,2.0,8,Chadoora,,8.0,2024-10-07
10,Bihar,BIHAR,10.0,200,Kaimur (Bhabua),कैमूर ( भभुआ ),233.0,1452,Chainpur,चैनपुर,1452.0,2024-10-07
20,Jharkhand,झारखंड,20.0,338,Palamu,पलामू,358.0,2634,Chainpur,,2634.0,2024-10-07
5,Uttarakhand,UTTARAKHAND,5.0,52,Pauri Garhwal,PAURI GARHWAL,61.0,6036,Chakisain,Chakisain,0.0,2024-10-07
20,Jharkhand,झारखंड,20.0,343,West Singhbhum,पश्चिमी सिंघभूम,368.0,2731,Chakradharpur,चक्रधरपुर,2731.0,2024-10-07
21,Odisha,ODISHA,21.0,354,Ganjam,GANJAM,388.0,3087,Chamakhandi,,3087.0,2024-10-07
3,Punjab,PUNJAB,3.0,42,Rupnagar,ਰੂਪਨਗਰ,51.0,265,Chamkaur Sahib,ਚਮਕੌਰ ਸਾਹਿਬ,265.0,2024-10-07
5,Uttarakhand,UTTARAKHAND,5.0,47,Chamoli,CHAMOLI,57.0,285,Chamoli,,285.0,2024-10-07
21,Odisha,ODISHA,21.0,361,Kendujhar,KENDUJHAR,375.0,2839,Champua,,2839.0,2024-10-07
8,Rajasthan,RAJASTHAN,8.0,778,Jodhpur (Gramin),जोधपुर (ग्रामीण),,7374,Chamu,चामू,0.0,2024-10-07
24,Gujarat,GUJARAT,24.0,455,Patan,PATAN,470.0,3750,Chanasma,,3750.0,2024-10-07
19,West Bengal,WEST BENGAL,19.0,316,Malda,MALDA,332.0,2211,Chanchal - II,,2211.0,2024-10-07
21,Odisha,ODISHA,21.0,366,Nabarangpur,NABARANGPUR,397.0,3190,Chandahandi,,3190.0,2024-10-07
21,Odisha,ODISHA,21.0,362,Khordha,KHORDHA,386.0,3038,Chandaka,,3038.0,2024-10-07
36,Telangana,తెలంగాణ,0.0,514,Nalgonda,నల్గొండ,539.0,4652,Chandampeta,చందంపేట,4652.0,2024-10-07
20,Jharkhand,झारखंड,20.0,322,Bokaro,बोकारो,355.0,2596,Chandankiyari,,2596.0,2024-10-07
9,Uttar Pradesh,UTTAR PRADESH,9.0,659,Sambhal,SAMBHAL,0.0,722,Chandausi,,722.0,2024-10-07
21,Odisha,ODISHA,21.0,373,Sundargarh,SUNDARGARH,374.0,2824,Chandiposh,,2824.0,2024-10-07
28,Andhra Pradesh,ANDHRA PRADESH,28.0,752,Tirupati,Tirupati,0.0,5384,Chandragiri,,5384.0,2024-10-07
21,Odisha,ODISHA,21.0,370,Rayagada,RAYAGADA,396.0,3174,Chandrapur,,3174.0,2024-10-07
36,Telangana,తెలంగాణ,0.0,690,Bhadradri Kothagudem,భద్రాద్రి కొత్తగూడెం,0.0,4747,Chandrugonda,చండ్రుగొండ,4747.0,2024-10-07
27,Maharashtra,महाराष्ट्र,27.0,468,Amravati,अमरावती,503.0,4005,Chandurbazar,चांदूर बाजार,4005.0,2024-10-07
13,Nagaland,NAGALAND,13.0,250,Wokha,WOKHA,264.0,1780,Changpang,,1780.0,2024-10-07
10,Bihar,BIHAR,10.0,211,Pashchim Champaran,पश्चिम चम्पारण,203.0,1025,Chanpatia,चनपटिया,1025.0,2024-10-07
18,Assam,ASSAM,18.0,285,Dhubri,DHUBURI,301.0,6019,Chapar Pt,Chapar Pt,2010.0,2024-10-07
19,West Bengal,WEST BENGAL,19.0,320,Nadia,NADIA,336.0,2305,Chapra,,2305.0,2024-10-07
36,Telangana,తెలంగాణ,0.0,694,Nagarkurnool,నాగర్ కర్నూల్,0.0,6293,Charakonda,చారకోండ,0.0,2024-10-07
20,Jharkhand,झारखंड,20.0,323,Chatra,चतरा,347.0,2518,Chatra,चतरा,2518.0,2024-10-07
10,Bihar,BIHAR,10.0,194,Buxar,बक्सर,232.0,1438,Chaugain,चौगाई,1438.0,2024-10-07
23,Madhya Pradesh,MADHYA PRADESH,23.0,399,Chhindwara,छिन्दवाड़ा,455.0,3650,Chaurai,चौरई,3650.0,2024-10-07
32,Kerala,KERALA,32.0,566,Thrissur,തൃശ്ശൂര്‍,594.0,5653,Chavakkad,ചാവക്കാട്,5653.0,2024-10-07
10,Bihar,BIHAR,10.0,224,Vaishali,वैशाली,220.0,1273,Chehra Kalan,चेहरा कलां,1273.0,2024-10-07
29,Karnataka,ಕರ್ನಾಟಕ,29.0,630,Chikkaballapura,ಚಿಕ್ಕಬಳ್ಳಾಪುರ,582.0,7407,Chelur,ಚೇಳೂರು,0.0,2024-10-07
10,Bihar,BIHAR,10.0,191,Begusarai,बेगूसराय,222.0,1307,Cheria Bariarpur,चेरिया बरियारपुर,1307.0,2024-10-07
13,Nagaland,NAGALAND,13.0,765,Shamator,Shamator,0.0,1827,Chessore,,1827.0,2024-10-07
12,Arunachal Pradesh,ARUNACHAL PRADESH,12.0,241,Upper Subansiri,UPPER SUBANSIRI,249.0,1614,Chetam Peer Yapu Circle,Chetam Peer Yapu Circle,1614.0,2024-10-07
13,Nagaland,NAGALAND,13.0,248,Phek,PHEK,266.0,1807,Chetheba,,1807.0,2024-10-07
8,Rajasthan,RAJASTHAN,8.0,93,Bikaner,BIKANER,101.0,479,Chhatargarh,,479.0,2024-10-07
20,Jharkhand,झारखंड,20.0,338,Palamu,पलामू,358.0,2620,Chhatarpur,,2620.0,2024-10-07
8,Rajasthan,RAJASTHAN,8.0,89,Baran,BARAN,128.0,677,Chhipabarod,छिपाबडौद,677.0,2024-10-07
8,Rajasthan,RAJASTHAN,8.0,629,Pratapgarh,PRATAPGARH,131.0,698,Chhoti Sadri,,698.0,2024-10-07
36,Telangana,తెలంగాణ,0.0,508,Karimnagar,కరీంనగర్,534.0,4442,Chigurumamidi,చిగురుమామిడి,4442.0,2024-10-07
14,Manipur,MANIPUR,14.0,257,Senapati,SENAPATI,272.0,6483,Chilivai Phaibung,,0.0,2024-10-07
36,Telangana,తెలంగాణ,0.0,513,Medak,మెదక్,535.0,6274,Chilpched,చిలపు చెడు,0.0,2024-10-07
28,Andhra Pradesh,ANDHRA PRADESH,28.0,517,Prakasam,PRAKASAM,549.0,5128,Chimakurthy,చీమకుర్తి,5128.0,2024-10-07
14,Manipur,MANIPUR,14.0,260,Ukhrul,UKHRUL,279.0,1887,Chingai,,1887.0,2024-10-07
33,Tamil Nadu,TAMIL NADU,33.0,729,Kallakurichi,கள்ளக்குறிச்சி,0.0,5977,Chinnasalem,,0.0,2024-10-07
19,West Bengal,WEST BENGAL,19.0,312,Hooghly,HOOGHLY,338.0,2346,Chinsurah - Magra,,2346.0,2024-10-07
36,Telangana,తెలంగాణ,0.0,696,Suryapet,సూర్యాపేట,0.0,6303,Chinthalapalem,చింతలపాలెం (మల్లారెడ్డి గూడెం),0.0,2024-10-07
28,Andhra Pradesh,ANDHRA PRADESH,28.0,745,Alluri Sitharama Raju,Alluri Sitharama Raju,0.0,4849,Chinthapalli,Chinthapalli,4849.0,2024-10-07
36,Telangana,తెలంగాణ,0.0,514,Nalgonda,నల్గొండ,539.0,4650,Chinthapally,చింతపల్లి,4650.0,2024-10-07
32,Kerala,KERALA,32.0,565,Thiruvananthapuram,തിരുവനന്തപുരം,601.0,5689,Chirayinkeezhu,ചിറയിന്‍കീഴ്,5689.0,2024-10-07
2,Himachal Pradesh,HIMACHAL PRADESH,2.0,23,Shimla,SHIMLA,33.0,192,Chirgaon,,192.0,2024-10-07
22,Chhattisgarh,छत्तीसगढ़,22.0,760,Manendragarh-Chirmiri-Bharatpur(M C B),मनेन्द्रगढ़-चिरमिरी-भरतपुर(ऍम.सी.बी.),0.0,7268,Chirmiri,चिरमिरी,0.0,2024-10-07
29,Karnataka,ಕರ್ನಾಟಕ,29.0,538,Kalaburagi,ಕಲಬುರಗಿ,579.0,5585,Chittapur,ಚಿತಾಪುರ,5585.0,2024-10-07
28,Andhra Pradesh,ANDHRA PRADESH,28.0,503,Chittoor,CHITTOOR,554.0,5421,Chittoor,,5421.0,2024-10-07
36,Telangana,తెలంగాణ,0.0,514,Nalgonda,నల్గొండ,539.0,4633,Chityal,చిట్యాల,4633.0,2024-10-07
17,Meghalaya,MEGHALAYA,17.0,277,South Garo Hills,SOUTH GARO HILLS,295.0,1975,Chokpot,,1975.0,2024-10-07
8,Rajasthan,RAJASTHAN,8.0,783,Jaipur (Gramin),जयपुर (ग्रामीण),,541,Chomu,,541.0,2024-10-07
27,Maharashtra,महाराष्ट्र,27.0,478,Jalgaon,जळगाव,499.0,3960,Chopda,चोपडा,3960.0,2024-10-07
8,Rajasthan,RAJASTHAN,8.0,768,Didwana-Kuchaman,डीडवाना-कुचामन,,7364,Choti Khatu,छोटी खाटू,0.0,2024-10-07
28,Andhra Pradesh,ANDHRA PRADESH,28.0,503,Chittoor,CHITTOOR,554.0,5413,Chowdepalle,,5413.0,2024-10-07
13,Nagaland,NAGALAND,13.0,248,Phek,PHEK,266.0,1806,Chozuba,,1806.0,2024-10-07
21,Odisha,ODISHA,21.0,350,Cuttack,CUTTACK,381.0,2968,Cuttack (M.Corp.) P.S,,2968.0,2024-10-07
24,Gujarat,GUJARAT,24.0,461,Vadodara,VADODARA,486.0,3905,Dabhoi,,3905.0,2024-10-07
17,Meghalaya,MEGHALAYA,17.0,278,West Garo Hills,WEST GARO HILLS,293.0,1963,Dadenggiri,,1963.0,2024-10-07
38,The Dadra And Nagar Haveli And Daman And Diu,THE DADRA AND NAGAR HAVELI AND DAMAN AND DIU,,465,Dadra And Nagar Haveli,DADRA AND NAGAR HAVELI,496.0,3949,Dadra & Nagar Haveli,,3949.0,2024-10-07
10,Bihar,BIHAR,10.0,214,Purnia,पूर्णिया,211.0,1141,Dagarua,डगरुआ,1141.0,2024-10-07
6,Haryana,HARYANA,6.0,72,Rewari,REWARI,85.0,6464,Dahina St,दहिना,0.0,2024-10-07
21,Odisha,ODISHA,21.0,361,Kendujhar,KENDUJHAR,375.0,2852,Daitari,,2852.0,2024-10-07
12,Arunachal Pradesh,ARUNACHAL PRADESH,12.0,233,Kurung Kumey,KURUNG KUMEY,256.0,1714,Damin Circle,DAMIN CIRCLE,1714.0,2024-10-07
23,Madhya Pradesh,MADHYA PRADESH,23.0,400,Damoh,दमोह,428.0,3458,Damoh,दमोह,3458.0,2024-10-07
29,Karnataka,ಕರ್ನಾಟಕ,29.0,550,Uttara Kannada,ಉತ್ತರ ಕನ್ನಡ,563.0,7064,Dandeli,,0.0,2024-10-07
10,Bihar,BIHAR,10.0,201,Katihar,कटिहार,212.0,1150,Dandkhora,डंडखोरा,1150.0,2024-10-07
19,West Bengal,WEST BENGAL,19.0,318,Paschim Medinipur,PASCHIM MEDINIPUR,344.0,2467,Dantan - I,,2467.0,2024-10-07
24,Gujarat,GUJARAT,24.0,441,Banas Kantha,BANAS KANTHA,469.0,3735,Dantiwada,,3735.0,2024-10-07
12,Arunachal Pradesh,ARUNACHAL PRADESH,12.0,241,Upper Subansiri,UPPER SUBANSIRI,249.0,1615,Daporijo Hq,Daporijo Hq,1615.0,2024-10-07
10,Bihar,BIHAR,10.0,222,Siwan,सिवान,218.0,1246,Daraundha,दरौन्दा,1246.0,2024-10-07
22,Chhattisgarh,छत्तीसगढ़,22.0,389,Surguja,सरगुजा,401.0,7261,Darima,दरिमा,0.0,2024-10-07
22,Chhattisgarh,छत्तीसगढ़,22.0,383,Korba,कोरबा,404.0,7266,Darri,दर्री,0.0,2024-10-07
28,Andhra Pradesh,ANDHRA PRADESH,28.0,517,Prakasam,PRAKASAM,549.0,5114,Darsi,,5114.0,2024-10-07
22,Chhattisgarh,छत्तीसगढ़,22.0,646,Balod,बालोद,0.0,3320,Daundilohara,Daundilohara,3320.0,2024-10-07
10,Bihar,BIHAR,10.0,215,Rohtas,रोहतास,234.0,1459,Dawath,दावत,1459.0,2024-10-07
6,Haryana,HARYANA,6.0,60,Faridabad,FARIDABAD,88.0,6415,Dayalpur St,दयालपुर,0.0,2024-10-07
12,Arunachal Pradesh,ARUNACHAL PRADESH,12.0,231,East Kameng,EAST KAMENG,247.0,7021,Debeyar Co Circle,DEBEYAR CO CIRCLE,0.0,2024-10-07
27,Maharashtra,महाराष्ट्र,27.0,485,Nanded,नांदेड,511.0,4110,Deglur,देगलुर,4110.0,2024-10-07
8,Rajasthan,RAJASTHAN,8.0,115,Sirohi,SIROHI,117.0,7154,Deldar,देलदर,0.0,2024-10-07
8,Rajasthan,RAJASTHAN,8.0,112,Rajsamand,RAJSAMAND,123.0,6935,Delwara,देलवाड़ा,0.0,2024-10-07
27,Maharashtra,महाराष्ट्र,27.0,498,Wardha,वर्धा,504.0,4020,Deoli,देवळी,4020.0,2024-10-07
9,Uttar Pradesh,UTTAR PRADESH,9.0,137,Deoria,DEORIA,190.0,959,Deoria,,959.0,2024-10-07
12,Arunachal Pradesh,ARUNACHAL PRADESH,12.0,235,Lower Dibang Valley,LOWER DIBANG VALLEY,258.0,6569,Desali Circle,Desali,0.0,2024-10-07
24,Gujarat,GUJARAT,24.0,461,Vadodara,VADODARA,486.0,6035,Desar,DESAR,0.0,2024-10-07
19,West Bengal,WEST BENGAL,19.0,317,Purba Medinipur,PURBA MEDINIPUR,345.0,2489,Deshopran,,2489.0,2024-10-07
5,Uttarakhand,UTTARAKHAND,5.0,53,Pithoragarh,PITHORAGARH,62.0,6424,Devalthal,,0.0,2024-10-07
28,Andhra Pradesh,ANDHRA PRADESH,28.0,744,Anakapalli,Anakapalli,0.0,4859,Devarapalli,Devarapalli,4859.0,2024-10-07
23,Madhya Pradesh,MADHYA PRADESH,23.0,420,Panna,पन्ना,426.0,3437,Devendranagar,देवेंद्रनगर,3437.0,2024-10-07
20,Jharkhand,झारखंड,20.0,324,Deoghar,देवघर,350.0,2549,Devipur,देवीपुर,2549.0,2024-10-07
5,Uttarakhand,UTTARAKHAND,5.0,55,Tehri Garhwal,TEHRI GARHWAL,59.0,294,Devprayag,,294.0,2024-10-07
5,Uttarakhand,UTTARAKHAND,5.0,47,Chamoli,CHAMOLI,57.0,6347,Dewal,,0.0,2024-10-07
20,Jharkhand,झारखंड,20.0,327,East Singhbum,पूर्वी सिंघभूम,357.0,2611,Dhalbhumgarh,,2611.0,2024-10-07
10,Bihar,BIHAR,10.0,214,Purnia,पूर्णिया,211.0,1132,Dhamdaha,धमदाहा,1132.0,2024-10-07
22,Chhattisgarh,छत्तीसगढ़,22.0,377,Dhamtari,धमतरी,412.0,3346,Dhamtari,,3346.0,2024-10-07
24,Gujarat,GUJARAT,24.0,462,Valsad,VALSAD,491.0,3928,Dharampur,,3928.0,2024-10-07
33,Tamil Nadu,TAMIL NADU,33.0,634,Tiruppur,TIRUPPUR,633.0,5902,Dharapuram,,5902.0,2024-10-07
5,Uttarakhand,UTTARAKHAND,5.0,53,Pithoragarh,PITHORAGARH,62.0,316,Dharchula,,316.0,2024-10-07
5,Uttarakhand,UTTARAKHAND,5.0,51,Nainital,NAINITAL,66.0,341,Dhari,,341.0,2024-10-07
33,Tamil Nadu,TAMIL NADU,33.0,571,Dharmapuri,DHARMAPURI,630.0,5888,Dharmapuri,,5888.0,2024-10-07
21,Odisha,ODISHA,21.0,356,Jajapur,JAJAPUR,382.0,2979,Dharmasala,,2979.0,2024-10-07
28,Andhra Pradesh,ANDHRA PRADESH,28.0,754,Sri Sathya Sai,Sri Sathya Sai,0.0,5336,Dharmavaram,,5336.0,2024-10-07
18,Assam,ASSAM,18.0,301,Sonitpur,SONITPUR,306.0,2041,Dhekiajuli (Pt),,2041.0,2024-10-07
23,Madhya Pradesh,MADHYA PRADESH,23.0,413,Katni,कटनी,450.0,3626,Dhimarkheda,ढीमरखेड़ा,3626.0,2024-10-07
18,Assam,ASSAM,18.0,297,Nagaon,NAGAON,305.0,2034,Dhing,,2034.0,2024-10-07
2,Himachal Pradesh,HIMACHAL PRADESH,2.0,18,Kangra,KANGRA,24.0,109,Dhira,,109.0,2024-10-07
28,Andhra Pradesh,ANDHRA PRADESH,28.0,502,Ananthapuramu,అనంతపురము,553.0,5304,D.Hirehal,,5304.0,2024-10-07
24,Gujarat,GUJARAT,24.0,457,Rajkot,RAJKOT,476.0,3810,Dhoraji,,3810.0,2024-10-07
19,West Bengal,WEST BENGAL,19.0,314,Jalpaiguri,JALPAIGURI,328.0,2176,Dhupguri,,2176.0,2024-10-07
5,Uttarakhand,UTTARAKHAND,5.0,45,Almora,ALMORA,64.0,6342,Dhyari,,0.0,2024-10-07
36,Telangana,తెలంగాణ,0.0,516,Nizamabad,నిజామాబాదు,533.0,4377,Dichpally,డిచ్ పల్లి,4377.0,2024-10-07
5,Uttarakhand,UTTARAKHAND,5.0,53,Pithoragarh,PITHORAGARH,62.0,317,Didihat,,317.0,2024-10-07
10,Bihar,BIHAR,10.0,203,Kishanganj,किशनगंज,210.0,1122,Dighalbank,दिघलबैंक,1122.0,2024-10-07
10,Bihar,BIHAR,10.0,215,Rohtas,रोहतास,234.0,1458,Dinara,दिनारा,1458.0,2024-10-07
27,Maharashtra,महाराष्ट्र,27.0,487,Nashik,नाशिक,516.0,4149,Dindori,दिंडोरी,4149.0,2024-10-07
22,Chhattisgarh,छत्तीसगढ़,22.0,383,Korba,कोरबा,404.0,7293,Dipka,दीपका,0.0,2024-10-07
37,Ladakh,Ladakh,0.0,9,Leh Ladakh,LEH LADAKH,3.0,7231,Diskit,Diskit,0.0,2024-10-07
18,Assam,ASSAM,18.0,618,Kamrup Metro,KAMRUP MOHANAGAR,322.0,2129,Dispur,,2129.0,2024-10-07
5,Uttarakhand,UTTARAKHAND,5.0,49,Dehradun,DEHRADUN,60.0,6335,Doiwala,,0.0,2024-10-07
36,Telangana,తెలంగాణ,0.0,685,Kamareddy,కామారెడ్డి,0.0,4392,Domakonda,దోమకొండ,4392.0,2024-10-07
20,Jharkhand,झारखंड,20.0,334,Koderma,कोडरमा,348.0,2528,Domchanch,डोमचांच,2528.0,2024-10-07
28,Andhra Pradesh,ANDHRA PRADESH,28.0,517,Prakasam,PRAKASAM,549.0,5102,Donakonda,,5102.0,2024-10-07
36,Telangana,తెలంగాణ,0.0,688,Mahabubabad,మహబుబాబాద్,0.0,4722,Dornakal,డోర్నకల్,4722.0,2024-10-07
8,Rajasthan,RAJASTHAN,8.0,769,Dudu,दूदू,,6027,Dudu,दूदू,0.0,2024-10-07
28,Andhra Pradesh,ANDHRA PRADESH,28.0,506,Guntur,GUNTUR,548.0,5076,Duggirala,,5076.0,2024-10-07
36,Telangana,తెలంగాణ,0.0,690,Bhadradri Kothagudem,భద్రాద్రి కొత్తగూడెం,0.0,4729,Dummugudem,దుమ్ముగూడెం,4729.0,2024-10-07
10,Bihar,BIHAR,10.0,221,Sitamarhi,सीतामढी,206.0,1074,Dumra,डूमरा,1074.0,2024-10-07
37,Ladakh,Ladakh,0.0,9,Leh Ladakh,LEH LADAKH,3.0,7158,Durbuk,Durbuk,0.0,2024-10-07
5,Uttarakhand,UTTARAKHAND,5.0,45,Almora,ALMORA,64.0,329,Dwarahat,,329.0,2024-10-07
20,Jharkhand,झारखंड,20.0,325,Dhanbad,धनबाद,354.0,6201,Egarkund,एगारकुंड,0.0,2024-10-07
1,Jammu And Kashmir,JAMMU AND KASHMIR,1.0,13,Srinagar,SRINAGAR,10.0,6803,Eidgah,Eidgah,0.0,2024-10-07
36,Telangana,తెలంగాణ,0.0,686,Hanumakonda,హనుమకొండ,0.0,4449,Elkathurthy,ఎల్కతుర్తి,4449.0,2024-10-07
6,Haryana,HARYANA,6.0,74,Sirsa,SIRSA,79.0,392,Ellenabad,,392.0,2024-10-07
28,Andhra Pradesh,ANDHRA PRADESH,28.0,748,Eluru,Eluru,0.0,4966,Eluru,,4966.0,2024-10-07
13,Nagaland,NAGALAND,13.0,250,Wokha,WOKHA,264.0,1790,Englan,,1790.0,2024-10-07
33,Tamil Nadu,TAMIL NADU,33.0,594,Thoothukkudi,Thoothukkudi,627.0,6633,Eral,ஏரல்,0.0,2024-10-07
33,Tamil Nadu,TAMIL NADU,33.0,573,Erode,ERODE,610.0,5753,Erode,,5753.0,2024-10-07
9,Uttar Pradesh,UTTAR PRADESH,9.0,139,Etawah,ETAWAH,161.0,838,Etawah,,838.0,2024-10-07
36,Telangana,తెలంగాణ,0.0,518,Ranga Reddy,రంగా రెడ్డి,537.0,4559,Farooqnagar,ఫరూఖ్ నగర్,4559.0,2024-10-07
8,Rajasthan,RAJASTHAN,8.0,103,Jaisalmer,JAISALMER,114.0,576,Fatehgarh,,576.0,2024-10-07
9,Uttar Pradesh,UTTAR PRADESH,9.0,142,Fatehpur,FATEHPUR,172.0,878,Fatehpur,,878.0,2024-10-07
10,Bihar,BIHAR,10.0,196,Gaya,गया,236.0,1508,Fatehpur,फतेहपुर,1508.0,2024-10-07
10,Bihar,BIHAR,10.0,212,Patna,पटना,230.0,1411,Fatwah,फतुहाँ,1411.0,2024-10-07
3,Punjab,PUNJAB,3.0,651,Fazilka,,0.0,237,Fazilka,,237.0,2024-10-07
9,Uttar Pradesh,UTTAR PRADESH,9.0,119,Aligarh,ALIGARH,143.0,753,Gabhana,,753.0,2024-10-07
23,Madhya Pradesh,MADHYA PRADESH,23.0,418,Narsimhapur,नरसिंहपुर,452.0,3635,Gadarwara,गाडरवारा,3635.0,2024-10-07
27,Maharashtra,महाराष्ट्र,27.0,475,Gadchiroli,गडचिरोली,508.0,4057,Gadchiroli,गडचिरोली,4057.0,2024-10-07
27,Maharashtra,महाराष्ट्र,27.0,480,Kolhapur,कोल्हापूर,530.0,4293,Gadhinglaj,गडहिंग्लज,4293.0,2024-10-07
8,Rajasthan,RAJASTHAN,8.0,90,Barmer,BARMER,115.0,6906,Gadraroad,गडरारोड,0.0,2024-10-07
36,Telangana,తెలంగాణ,0.0,695,Jogulamba Gadwal,జోగులాంబ గద్వాల,0.0,4603,Gadwal,గద్వాల్,4603.0,2024-10-07
23,Madhya Pradesh,MADHYA PRADESH,23.0,421,Raisen,रायसेन,446.0,3591,Gairatganj,गैरतगंज,3591.0,2024-10-07
5,Uttarakhand,UTTARAKHAND,5.0,55,Tehri Garhwal,TEHRI GARHWAL,59.0,6372,Gaja,,0.0,2024-10-07
28,Andhra Pradesh,ANDHRA PRADESH,28.0,521,Vizianagaram,VIZIANAGARAM,543.0,4825,Gajapathinagaram,,4825.0,2024-10-07
8,Rajasthan,RAJASTHAN,8.0,100,Ganganagar,GANGANAGAR,99.0,7376,Gajsinghpur,गजसिंहपुर,0.0,2024-10-07
36,Telangana,తెలంగాణ,0.0,692,Siddipet,సిద్దిపేట,0.0,4483,Gajwel,గజ్వెల్,4483.0,2024-10-07
2,Himachal Pradesh,HIMACHAL PRADESH,2.0,17,Hamirpur,HAMIRPUR,28.0,142,Galore,,142.0,2024-10-07
19,West Bengal,WEST BENGAL,19.0,306,Purba Bardhaman,PURBA BARDHAMAN,335.0,2288,Galsi - II,,2288.0,2024-10-07
28,Andhra Pradesh,ANDHRA PRADESH,28.0,749,Ntr,NTR,0.0,4996,Gampalagudem,,4996.0,2024-10-07
36,Telangana,తెలంగాణ,0.0,685,Kamareddy,కామారెడ్డి,0.0,4382,Gandhari,గాందారి,4382.0,2024-10-07
36,Telangana,తెలంగాణ,0.0,518,Ranga Reddy,రంగా రెడ్డి,537.0,6320,Gandipet,గండిపెట్,0.0,2024-10-07
8,Rajasthan,RAJASTHAN,8.0,88,Banswara,BANSWARA,125.0,6610,Gangadtalai,Gangadtalai,0.0,2024-10-07
8,Rajasthan,RAJASTHAN,8.0,100,Ganganagar,GANGANAGAR,99.0,458,Ganganagar,,458.0,2024-10-07
19,West Bengal,WEST BENGAL,19.0,310,Dakshin Dinajpur,DAKSHIN DINAJPUR,331.0,2201,Gangarampur,,2201.0,2024-10-07
28,Andhra Pradesh,ANDHRA PRADESH,28.0,745,Alluri Sitharama Raju,Alluri Sitharama Raju,0.0,4894,Gangavaram,,4894.0,2024-10-07
11,Sikkim,SIKKIM,11.0,225,Gangtok,Gangtok,244.0,1553,Gangtok,,1553.0,2024-10-07
21,Odisha,ODISHA,21.0,353,Gajapati,GAJAPATI,389.0,3108,Garabandha,,3108.0,2024-10-07
10,Bihar,BIHAR,10.0,193,Bhojpur,भोजपुर,231.0,1431,Garhani,गरहनि,1431.0,2024-10-07
20,Jharkhand,झारखंड,20.0,328,Garhwa,गढ़वा,346.0,2509,Garhwa,गढ़वा,2509.0,2024-10-07
23,Madhya Pradesh,MADHYA PRADESH,23.0,416,Mandsaur,मन्दसौर,433.0,3494,Garoth,गरोठ,3494.0,2024-10-07
17,Meghalaya,MEGHALAYA,17.0,277,South Garo Hills,SOUTH GARO HILLS,295.0,1976,Gasuapara,,1976.0,2024-10-07
19,West Bengal,WEST BENGAL,19.0,316,Malda,MALDA,332.0,2214,Gazole,,2214.0,2024-10-07
12,Arunachal Pradesh,ARUNACHAL PRADESH,12.0,719,Lower Siang,LOWER SIANG,0.0,1638,Gensi Eac,,1638.0,2024-10-07
36,Telangana,తెలంగాణ,0.0,687,Jayashankar Bhupalapally,జయశంకర్ భూపాలపల్లి,0.0,4683,Ghanpur (Mulug),ఘణపూర్ (ములుగు),4683.0,2024-10-07
36,Telangana,తెలంగాణ,0.0,689,Jangoan,జనగాం,0.0,4676,Ghanpur (Station),ఘణపూర్(స్టేషన్),4676.0,2024-10-07
6,Haryana,HARYANA,6.0,67,Karnal,KARNAL,74.0,374,Gharaunda,,374.0,2024-10-07
27,Maharashtra,महाराष्ट्र,27.0,500,Yavatmal,यवतमाळ,510.0,4089,Ghatanji,घाटंजी,4089.0,2024-10-07
20,Jharkhand,झारखंड,20.0,327,East Singhbum,पूर्वी सिंघभूम,357.0,2607,Ghatshila,,2607.0,2024-10-07
9,Uttar Pradesh,UTTAR PRADESH,9.0,145,Ghaziabad,GHAZIABAD,140.0,739,Ghaziabad,,739.0,2024-10-07
24,Gujarat,GUJARAT,24.0,454,Panch Mahals,PANCH MAHALS,484.0,3887,Ghoghamba,,3887.0,2024-10-07
9,Uttar Pradesh,UTTAR PRADESH,9.0,184,Sonbhadra,SONBHADRA,200.0,1004,Ghorawal,,1004.0,2024-10-07
10,Bihar,BIHAR,10.0,199,Jehanabad,जहानाबाद,239.0,1539,Ghoshi,घोसी,1539.0,2024-10-07
22,Chhattisgarh,छत्तीसगढ़,22.0,376,Dakshin Bastar Dantewada,दक्षिण बस्तर दंतेवाड़ा,416.0,3370,Gidam,,3370.0,2024-10-07
3,Punjab,PUNJAB,3.0,39,Sri Muktsar Sahib,ਸ੍ਰੀ ਮੁਕਤਸਰ ਸਾਹਿਬ,44.0,240,Gidderbaha,,240.0,2024-10-07
10,Bihar,BIHAR,10.0,198,Jamui,जमुई,238.0,1531,Gidhaur,गिद्धौर,1531.0,2024-10-07
33,Tamil Nadu,TAMIL NADU,33.0,596,Viluppuram,VILLUPURAM,607.0,5728,Gingee,,5728.0,2024-10-07
12,Arunachal Pradesh,ARUNACHAL PRADESH,12.0,241,Upper Subansiri,UPPER SUBANSIRI,249.0,6551,Gite Ripa Circle,Gite Ripa Circle,0.0,2024-10-07
19,West Bengal,WEST BENGAL,19.0,311,Uttar Dinajpur,UTTAR DINAJPUR,330.0,2193,Goalpokher - I,গোয়ালপোখের- ১,2193.0,2024-10-07
24,Gujarat,GUJARAT,24.0,454,Panch Mahals,PANCH MAHALS,484.0,3885,Godhra,,3885.0,2024-10-07
19,West Bengal,WEST BENGAL,19.0,312,Hooghly,HOOGHLY,338.0,2339,Goghat - II,,2339.0,2024-10-07
8,Rajasthan,RAJASTHAN,8.0,117,Udaipur,UDAIPUR,130.0,686,Gogunda,,686.0,2024-10-07
10,Bihar,BIHAR,10.0,189,Aurangabad,औरंगाबाद,235.0,1478,Goh,गोह,1478.0,2024-10-07
6,Haryana,HARYANA,6.0,75,Sonipat,SONIPAT,76.0,378,Gohana,,378.0,2024-10-07
21,Odisha,ODISHA,21.0,354,Ganjam,GANJAM,388.0,3095,Golanthara,,3095.0,2024-10-07
28,Andhra Pradesh,ANDHRA PRADESH,28.0,505,East Godavari,EAST GODAVARI,545.0,4951,Gopalapuram,,4951.0,2024-10-07
10,Bihar,BIHAR,10.0,192,Bhagalpur,भागलपुर,224.0,1334,Gopalpur,गोपालपुर,1334.0,2024-10-07
28,Andhra Pradesh,ANDHRA PRADESH,28.0,504,Y.S.R.,,551.0,5211,Gopavaram,,5211.0,2024-10-07
20,Jharkhand,झारखंड,20.0,326,Dumka,दुमका,362.0,2669,Gopikandar,,2669.0,2024-10-07
9,Uttar Pradesh,UTTAR PRADESH,9.0,148,Gorakhpur,GORAKHPUR,188.0,950,Gorakhpur,,950.0,2024-10-07
28,Andhra Pradesh,ANDHRA PRADESH,28.0,755,Nandyal,Nandyal,0.0,5287,Gospadu,,5287.0,2024-10-07
21,Odisha,ODISHA,21.0,370,Rayagada,RAYAGADA,396.0,3184,Gudari,,3184.0,2024-10-07
21,Odisha,ODISHA,21.0,359,Kandhamal,KANDHAMAL,390.0,3114,G.Udayagiri,,3114.0,2024-10-07
28,Andhra Pradesh,ANDHRA PRADESH,28.0,754,Sri Sathya Sai,Sri Sathya Sai,0.0,5352,Gudibanda,,5352.0,2024-10-07
29,Karnataka,ಕರ್ನಾಟಕ,29.0,630,Chikkaballapura,ಚಿಕ್ಕಬಳ್ಳಾಪುರ,582.0,5597,Gudibanda,ಗುಡಿಬಂಡಾ,5597.0,2024-10-07
28,Andhra Pradesh,ANDHRA PRADESH,28.0,503,Chittoor,CHITTOOR,554.0,5431,Gudipala,,5431.0,2024-10-07
36,Telangana,తెలంగాణ,0.0,688,Mahabubabad,మహబుబాబాద్,0.0,4711,Gudur,గూడూర్,4711.0,2024-10-07
33,Tamil Nadu,TAMIL NADU,33.0,568,Chennai,CHENNAI,603.0,7169,Guindy,கிண்டி,0.0,2024-10-07
29,Karnataka,ಕರ್ನಾಟಕ,29.0,524,Bagalkote,ಬಾಗಲಕೋಟೆ,556.0,7061,Guledgudda,ಗುಳೇದಗುಡ್ಡ,0.0,2024-10-07
20,Jharkhand,झारखंड,20.0,331,Gumla,गुमला,366.0,2712,Gumla,,2712.0,2024-10-07
28,Andhra Pradesh,ANDHRA PRADESH,28.0,743,Parvathipuram Manyam,Parvathipuram Manyam,0.0,4808,Gummalakshmipuram,,4808.0,2024-10-07
23,Madhya Pradesh,MADHYA PRADESH,23.0,406,Guna,गुना,458.0,6609,Guna Nagar,गुना नगर,0.0,2024-10-07
1,Jammu And Kashmir,JAMMU AND KASHMIR,1.0,626,Ganderbal,GANDERBAL,11.0,6806,Gund,Gund,0.0,2024-10-07
36,Telangana,తెలంగాణ,0.0,514,Nalgonda,నల్గొండ,539.0,4651,Gundlapally,గుండ్లపల్లి,4651.0,2024-10-07
29,Karnataka,ಕರ್ನಾಟಕ,29.0,531,Chamarajanagara,ಚಾಮರಾಜನಗರ,578.0,5576,Gundlupet,ಗುಂಡ್ಲುಪೇಟೆ,5576.0,2024-10-07
9,Uttar Pradesh,UTTAR PRADESH,9.0,659,Sambhal,SAMBHAL,0.0,778,Gunnaur,,778.0,2024-10-07
28,Andhra Pradesh,ANDHRA PRADESH,28.0,506,Guntur,GUNTUR,548.0,6833,Guntur East,GUNTUR EAST,0.0,2024-10-07
21,Odisha,ODISHA,21.0,370,Rayagada,RAYAGADA,396.0,3183,Gunupur,,3183.0,2024-10-07
28,Andhra Pradesh,ANDHRA PRADESH,28.0,751,Palnadu,Palnadu,0.0,5044,Gurajala,గురజాల,5044.0,2024-10-07
21,Odisha,ODISHA,21.0,353,Gajapati,GAJAPATI,389.0,3106,Gurandi,,3106.0,2024-10-07
3,Punjab,PUNJAB,3.0,32,Gurdaspur,GURDASPUR,35.0,202,Gurdaspur,,202.0,2024-10-07
23,Madhya Pradesh,MADHYA PRADESH,23.0,424,Rewa,रीवा,430.0,3481,Gurh,गुढ़,3481.0,2024-10-07
28,Andhra Pradesh,ANDHRA PRADESH,28.0,521,Vizianagaram,VIZIANAGARAM,543.0,4828,Gurla,,4828.0,2024-10-07
29,Karnataka,ಕರ್ನಾಟಕ,29.0,635,Yadgir,ಯಾದಗಿರಿ,580.0,7094,Gurumitkal,,0.0,2024-10-07
18,Assam,ASSAM,18.0,618,Kamrup Metro,KAMRUP MOHANAGAR,322.0,2128,Guwahati,,2128.0,2024-10-07
23,Madhya Pradesh,MADHYA PRADESH,23.0,437,Vidisha,विदिशा,443.0,3577,Gyaraspur,ग्यारसपुर,3577.0,2024-10-07
12,Arunachal Pradesh,ARUNACHAL PRADESH,12.0,231,East Kameng,EAST KAMENG,247.0,1588,Gyawe Purang Circle,,1588.0,2024-10-07
27,Maharashtra,महाराष्ट्र,27.0,485,Nanded,नांदेड,511.0,4098,Hadgaon,हदगाव,4098.0,2024-10-07
2,Himachal Pradesh,HIMACHAL PRADESH,2.0,19,Kinnaur,KINNAUR,34.0,194,Hangrang,,194.0,2024-10-07
10,Bihar,BIHAR,10.0,195,Darbhanga,दरभंगा,215.0,1190,Hanumannagar,हनुमाननगर,1190.0,2024-10-07
2,Himachal Pradesh,HIMACHAL PRADESH,2.0,18,Kangra,KANGRA,24.0,97,Harchakian,,97.0,2024-10-07
23,Madhya Pradesh,MADHYA PRADESH,23.0,408,Harda,हरदा,448.0,3608,Harda,हरदा,3608.0,2024-10-07
19,West Bengal,WEST BENGAL,19.0,319,Murshidabad,MURSHIDABAD,333.0,2242,Hariharpara,,2242.0,2024-10-07
19,West Bengal,WEST BENGAL,19.0,320,Nadia,NADIA,336.0,2315,Haringhata,,2315.0,2024-10-07
10,Bihar,BIHAR,10.0,206,Madhubani,मधुबनी,207.0,1081,Harlakhi,हरलाखी,1081.0,2024-10-07
29,Karnataka,ಕರ್ನಾಟಕ,29.0,631,Ramanagara,ರಾಮನಗರ,584.0,7196,Harohalli,HAROHALLI,0.0,2024-10-07
23,Madhya Pradesh,MADHYA PRADESH,23.0,399,Chhindwara,छिन्दवाड़ा,455.0,3649,Harrai,हर्रई,3649.0,2024-10-07
10,Bihar,BIHAR,10.0,189,Aurangabad,औरंगाबाद,235.0,1477,Haspura,हसपुरा,1477.0,2024-10-07
21,Odisha,ODISHA,21.0,373,Sundargarh,SUNDARGARH,374.0,2817,Hatibari,,2817.0,2024-10-07
23,Madhya Pradesh,MADHYA PRADESH,23.0,402,Dewas,देवास,437.0,3530,Hatpiplya,हाटपिपलिया,3530.0,2024-10-07
29,Karnataka,ಕರ್ನಾಟಕ,29.0,540,Haveri,ಹಾವೇರಿ,564.0,5492,Haveri,ಹಾವೇರಿ,5492.0,2024-10-07
12,Arunachal Pradesh,ARUNACHAL PRADESH,12.0,628,Anjaw,,260.0,1736,Hayuliang Adc,,1736.0,2024-10-07
27,Maharashtra,महाराष्ट्र,27.0,485,Nanded,नांदेड,511.0,4097,Himayatnagar,हिमायतनगर,4097.0,2024-10-07
8,Rajasthan,RAJASTHAN,8.0,94,Bundi,BUNDI,121.0,622,Hindoli,,622.0,2024-10-07
27,Maharashtra,महाराष्ट्र,27.0,498,Wardha,वर्धा,504.0,4021,Hinganghat,हिंगणघाट,4021.0,2024-10-07
29,Karnataka,ಕರ್ನಾಟಕ,29.0,533,Chitradurga,ಚಿತ್ರದುರ್ಗ,566.0,5508,Hiriyur,ಹಿರಿಯೂರು,5508.0,2024-10-07
15,Mizoram,MIZORAM,15.0,726,Hnahthial,,0.0,1915,Hnahthial,,1915.0,2024-10-07
23,Madhya Pradesh,MADHYA PRADESH,23.0,409,Narmadapuram,नर्मदापुरम,449.0,7045,Hoshangabad Nagar,होशंगाबाद नगर,0.0,2024-10-07
13,Nagaland,NAGALAND,13.0,247,Mon,MON,261.0,1746,Hunta,,1746.0,2024-10-07
32,Kerala,KERALA,32.0,556,Idukki,ഇടുക്കി,596.0,5942,Idukki,ഇടുക്കി,0.0,2024-10-07
36,Telangana,తెలంగాణ,0.0,683,Rajanna Sircilla,రాజన్న సిరిసిల్ల,0.0,4436,Illanthakunta,ఇల్లంతకుంట,4436.0,2024-10-07
36,Telangana,తెలంగాణ,0.0,516,Nizamabad,నిజామాబాదు,533.0,6236,Indalwai,ఇందల్ వాయి,0.0,2024-10-07
27,Maharashtra,महाराष्ट्र,27.0,490,Pune,पुणे,521.0,4200,Indapur,इंदापूर,4200.0,2024-10-07
23,Madhya Pradesh,MADHYA PRADESH,23.0,401,Datia,दतिया,422.0,3404,Indergarh,इन्दरगढ़,3404.0,2024-10-07
23,Madhya Pradesh,MADHYA PRADESH,23.0,410,Indore,इन्दौर,439.0,3543,Indore,इन्दौर,3543.0,2024-10-07
10,Bihar,BIHAR,10.0,198,Jamui,जमुई,238.0,1525,Islamnagar Aliganj,इस्लामनगर अलीगंज,1525.0,2024-10-07
2,Himachal Pradesh,HIMACHAL PRADESH,2.0,26,Una,UNA,29.0,6889,Ispur,,0.0,2024-10-07
27,Maharashtra,महाराष्ट्र,27.0,479,Jalna,जालना,514.0,4126,Jafrabad,जाफ्राबाद,4126.0,2024-10-07
24,Gujarat,GUJARAT,24.0,439,Amreli,AMRELI,480.0,3848,Jafrabad,,3848.0,2024-10-07
20,Jharkhand,झारखंड,20.0,343,West Singhbhum,पश्चिमी सिंघभूम,368.0,2743,Jagannathpur,जगन्नाथपुर,2743.0,2024-10-07
28,Andhra Pradesh,ANDHRA PRADESH,28.0,746,Kakinada,Kakinada,0.0,4898,Jaggampeta,,4898.0,2024-10-07
36,Telangana,తెలంగాణ,0.0,681,Jagitial,జగిత్యాల,0.0,4414,Jagitial,జగిత్యాల్,4414.0,2024-10-07
36,Telangana,తెలంగాణ,0.0,681,Jagitial,జగిత్యాల,0.0,6211,Jagitial Rural,జగిత్యాల రూరల్,0.0,2024-10-07
8,Rajasthan,RAJASTHAN,8.0,780,Shahpura,शाहपुरा,,636,Jahazpur,,636.0,2024-10-07
22,Chhattisgarh,छत्तीसगढ़,22.0,762,Sakti,सक्ती,0.0,3286,Jaijaipur,,3286.0,2024-10-07
19,West Bengal,WEST BENGAL,19.0,321,Purulia,PURULIA,340.0,2378,Jaipur,,2378.0,2024-10-07
8,Rajasthan,RAJASTHAN,8.0,103,Jaisalmer,JAISALMER,114.0,574,Jaisalmer,,574.0,2024-10-07
21,Odisha,ODISHA,21.0,356,Jajapur,JAJAPUR,382.0,2978,Jajpur Sadar,,2978.0,2024-10-07
3,Punjab,PUNJAB,3.0,651,Fazilka,,0.0,236,Jalalabad,,236.0,2024-10-07
9,Uttar Pradesh,UTTAR PRADESH,9.0,121,Ambedkar Nagar,AMBEDKAR NAGAR,178.0,909,Jalalpur,,909.0,2024-10-07
10,Bihar,BIHAR,10.0,218,Saran,सारण,219.0,1256,Jalalpur,जलालपुर,1256.0,2024-10-07
10,Bihar,BIHAR,10.0,207,Munger,मुंगेर,226.0,1358,Jamalpur,जमालपुर,1358.0,2024-10-07
12,Arunachal Pradesh,ARUNACHAL PRADESH,12.0,238,Tawang,TAWANG,245.0,1561,Jang Adc,Jang ADC,1561.0,2024-10-07
21,Odisha,ODISHA,21.0,362,Khordha,KHORDHA,386.0,3050,Jankia,,3050.0,2024-10-07
21,Odisha,ODISHA,21.0,344,Anugul,ANUGUL,384.0,3012,Jarapada,,3012.0,2024-10-07
22,Chhattisgarh,छत्तीसगढ़,22.0,647,Mungeli,मुंगेली,0.0,7311,Jarhagaon,जरहागाँव,0.0,2024-10-07
21,Odisha,ODISHA,21.0,365,Mayurbhanj,MAYURBHANJ,376.0,2867,Jashipur,,2867.0,2024-10-07
8,Rajasthan,RAJASTHAN,8.0,93,Bikaner,BIKANER,101.0,7365,Jasrasar,जसरासर,0.0,2024-10-07
9,Uttar Pradesh,UTTAR PRADESH,9.0,139,Etawah,ETAWAH,161.0,836,Jaswantnagar,,836.0,2024-10-07
8,Rajasthan,RAJASTHAN,8.0,104,Jalore,JALORE,116.0,6044,Jaswantpura,,0.0,2024-10-07
21,Odisha,ODISHA,21.0,362,Khordha,KHORDHA,386.0,3049,Jatani,,3049.0,2024-10-07
9,Uttar Pradesh,UTTAR PRADESH,9.0,152,Jaunpur,JAUNPUR,194.0,984,Jaunpur,,984.0,2024-10-07
27,Maharashtra,महाराष्ट्र,27.0,665,Palghar,पालघर,0.0,4160,Jawhar,जव्हार,4160.0,2024-10-07
10,Bihar,BIHAR,10.0,199,Jehanabad,जहानाबाद,239.0,1536,Jehanabad,जहानाबाद,1536.0,2024-10-07
21,Odisha,ODISHA,21.0,363,Koraput,KORAPUT,398.0,3209,Jeypore,,3209.0,2024-10-07
10,Bihar,BIHAR,10.0,206,Madhubani,मधुबनी,207.0,1097,Jhanjharpur,झंझारपुर,1097.0,2024-10-07
21,Odisha,ODISHA,21.0,357,Jharsuguda,JHARSUGUDA,371.0,2776,Jharsuguda,,2776.0,2024-10-07
23,Madhya Pradesh,MADHYA PRADESH,23.0,414,Khargone (West Nimar),खरगोन (पश्चिम निमाड़),440.0,3553,Jhiranya,झिरनिया,3553.0,2024-10-07
36,Telangana,తెలంగాణ,0.0,518,Ranga Reddy,రంగా రెడ్డి,537.0,6322,Jilled Chowdergudem,జిల్లెడ్ చౌదెర్గూడెం,0.0,2024-10-07
36,Telangana,తెలంగాణ,0.0,691,Sangareddy,సంగారెడ్డి,0.0,4493,Jinnaram,జిన్నారం,4493.0,2024-10-07
17,Meghalaya,MEGHALAYA,17.0,276,Ri Bhoi,RI BHOI,297.0,1986,Jirang,,1986.0,2024-10-07
27,Maharashtra,महाराष्ट्र,27.0,473,Chandrapur,चंद्रपूर,509.0,4076,Jiwati,जिवती,4076.0,2024-10-07
11,Sikkim,SIKKIM,11.0,227,Namchi,Namchi,243.0,6399,Jorethang,Jorethang,0.0,2024-10-07
8,Rajasthan,RAJASTHAN,8.0,767,Deeg,डीग,,7381,Jurhara,जुरहरा,0.0,2024-10-07
21,Odisha,ODISHA,21.0,354,Ganjam,GANJAM,388.0,3080,Kabisuryanagar,,3080.0,2024-10-07
8,Rajasthan,RAJASTHAN,8.0,780,Shahpura,शाहपुरा,,7366,Kachola,काछोला,0.0,2024-10-07
33,Tamil Nadu,TAMIL NADU,33.0,733,Tenkasi,தென்காசி,0.0,6639,Kadayanallur,கடையநல்லூா்,0.0,2024-10-07
27,Maharashtra,महाराष्ट्र,27.0,480,Kolhapur,कोल्हापूर,530.0,4290,Kagal,कागल,4290.0,2024-10-07
16,Tripura,ত্রিপুরা,16.0,655,Unakoti,ঊনকোটি,0.0,6682,Kailashahar,কৈলাসহর,0.0,2024-10-07
20,Jharkhand,झारखंड,20.0,336,Lohardaga,लोहरदगा,356.0,2600,Kairo,,2600.0,2024-10-07
21,Odisha,ODISHA,21.0,363,Koraput,KORAPUT,398.0,3206,Kakiriguma,,3206.0,2024-10-07
28,Andhra Pradesh,ANDHRA PRADESH,28.0,506,Guntur,GUNTUR,548.0,5083,Kakumanu,,5083.0,2024-10-07
18,Assam,ASSAM,18.0,617,Udalguri,,326.0,6427,Kalaigaon,,0.0,2024-10-07
12,Arunachal Pradesh,ARUNACHAL PRADESH,12.0,242,West Kameng,WEST KAMENG,246.0,1570,Kalaktang Adc,Kalaktang ADC,1570.0,2024-10-07
27,Maharashtra,महाराष्ट्र,27.0,484,Nagpur,नागपूर,505.0,4025,Kalameshwar,कळमेश्वर,4025.0,2024-10-07
27,Maharashtra,महाराष्ट्र,27.0,477,Hingoli,हिंगोली,512.0,4114,Kalamnuri,कळमनुरी,4114.0,2024-10-07
23,Madhya Pradesh,MADHYA PRADESH,23.0,430,Shajapur,शाजापुर,436.0,3523,Kalapipal,कालापीपल,3523.0,2024-10-07
33,Tamil Nadu,TAMIL NADU,33.0,593,Tiruvannamalai,TIRUVANNAMALAI,606.0,5959,Kalasapakkam,,0.0,2024-10-07
19,West Bengal,WEST BENGAL,19.0,316,Malda,MALDA,332.0,2220,Kaliachak - I,,2220.0,2024-10-07
19,West Bengal,WEST BENGAL,19.0,311,Uttar Dinajpur,UTTAR DINAJPUR,330.0,2198,Kaliaganj,,2198.0,2024-10-07
21,Odisha,ODISHA,21.0,356,Jajapur,JAJAPUR,382.0,2971,Kaliapani,,2971.0,2024-10-07
28,Andhra Pradesh,ANDHRA PRADESH,28.0,753,Annamayya,Annamayya,0.0,5387,Kalikiri,,5387.0,2024-10-07
19,West Bengal,WEST BENGAL,19.0,702,Kalimpong,KALIMPONG,0.0,2156,Kalimpong -I,,2156.0,2024-10-07
9,Uttar Pradesh,UTTAR PRADESH,9.0,173,Pilibhit,PILIBHIT,151.0,6866,Kalinagar,,0.0,2024-10-07
21,Odisha,ODISHA,21.0,356,Jajapur,JAJAPUR,382.0,2972,Kalinganagar,,2972.0,2024-10-07
9,Uttar Pradesh,UTTAR PRADESH,9.0,151,Jalaun,JALAUN,165.0,853,Kalpi,,853.0,2024-10-07
5,Uttarakhand,UTTARAKHAND,5.0,49,Dehradun,DEHRADUN,60.0,302,Kalsi,,302.0,2024-10-07
36,Telangana,తెలంగాణ,0.0,694,Nagarkurnool,నాగర్ కర్నూల్,0.0,4576,Kalwakurthy,కల్వకుర్తి,4576.0,2024-10-07
27,Maharashtra,महाराष्ट्र,27.0,497,Thane,ठाणे,517.0,4168,Kalyan,कल्याण,4168.0,2024-10-07
21,Odisha,ODISHA,21.0,370,Rayagada,RAYAGADA,396.0,3176,Kalyanasingpur,,3176.0,2024-10-07
24,Gujarat,GUJARAT,24.0,674,Devbhumi Dwarka,DEVBHUMI DWARKA,0.0,3819,Kalyanpur,,3819.0,2024-10-07
21,Odisha,ODISHA,21.0,352,Dhenkanal,DHENKANAL,383.0,2988,Kamakshyanagar,,2988.0,2024-10-07
21,Odisha,ODISHA,21.0,346,Baleshwar,BALESHWAR,377.0,2892,Kamarda,,2892.0,2024-10-07
28,Andhra Pradesh,ANDHRA PRADESH,28.0,748,Eluru,Eluru,0.0,4954,Kamavarapukota,,4954.0,2024-10-07
36,Telangana,తెలంగాణ,0.0,514,Nalgonda,నల్గొండ,539.0,4656,Kanagal,కనగల్,4656.0,2024-10-07
5,Uttarakhand,UTTARAKHAND,5.0,53,Pithoragarh,PITHORAGARH,62.0,6425,Kanalichhina,,0.0,2024-10-07
32,Kerala,KERALA,32.0,555,Ernakulam,എറണാകുളം,595.0,5661,Kanayannur,കണയന്നൂര്‍,5661.0,2024-10-07
33,Tamil Nadu,TAMIL NADU,33.0,596,Viluppuram,VILLUPURAM,607.0,6651,Kandachipuram,கண்டாச்சிபுரம்,0.0,2024-10-07
20,Jharkhand,झारखंड,20.0,328,Garhwa,गढ़वा,346.0,2498,Kandi,कांडी,2498.0,2024-10-07
5,Uttarakhand,UTTARAKHAND,5.0,55,Tehri Garhwal,TEHRI GARHWAL,59.0,6360,Kandisaur,,0.0,2024-10-07
36,Telangana,తెలంగాణ,0.0,518,Ranga Reddy,రంగా రెడ్డి,537.0,4545,Kandukur,కందుకూరు,4545.0,2024-10-07
12,Arunachal Pradesh,ARUNACHAL PRADESH,12.0,719,Lower Siang,LOWER SIANG,0.0,6572,Kangku Circle,Kangku Circle,0.0,2024-10-07
28,Andhra Pradesh,ANDHRA PRADESH,28.0,517,Prakasam,PRAKASAM,549.0,5136,Kanigiri,,5136.0,2024-10-07
21,Odisha,ODISHA,21.0,344,Anugul,ANUGUL,384.0,3003,Kaniha,,3003.0,2024-10-07
6,Haryana,HARYANA,6.0,69,Mahendragarh,MAHENDRAGARH,84.0,6458,Kanina,कनिना,0.0,2024-10-07
21,Odisha,ODISHA,21.0,352,Dhenkanal,DHENKANAL,383.0,2989,Kankadahad,,2989.0,2024-10-07
27,Maharashtra,महाराष्ट्र,27.0,495,Sindhudurg,सिंधुदुर्ग,529.0,4277,Kankavli,कणकवली,4277.0,2024-10-07
28,Andhra Pradesh,ANDHRA PRADESH,28.0,510,Krishna,KRISHNA,547.0,5023,Kankipadu,,5023.0,2024-10-07
8,Rajasthan,RAJASTHAN,8.0,117,Udaipur,UDAIPUR,130.0,6929,Kanod,कानोड,0.0,2024-10-07
22,Chhattisgarh,छत्तीसगढ़,22.0,380,Jashpur,जशपुर,402.0,3256,Kansabel,कांसाबेल,3256.0,2024-10-07
21,Odisha,ODISHA,21.0,345,Balangir,BALANGIR,393.0,3149,Kantabanji,,3149.0,2024-10-07
8,Rajasthan,RAJASTHAN,8.0,109,Kota,KOTA,127.0,6054,Kanwas,Kanwas,0.0,2024-10-07
8,Rajasthan,RAJASTHAN,8.0,95,Chittorgarh,CHITTORGARH,126.0,660,Kapasan,,660.0,2024-10-07
21,Odisha,ODISHA,21.0,365,Mayurbhanj,MAYURBHANJ,376.0,2885,Kaptipada,,2885.0,2024-10-07
22,Chhattisgarh,छत्तीसगढ़,22.0,386,Raigarh,रायगढ़,403.0,7348,Kapu,कापू,0.0,2024-10-07
3,Punjab,PUNJAB,3.0,35,Kapurthala,KAPURTHALA,36.0,206,Kapurthala,,206.0,2024-10-07
34,Puducherry,PUDUCHERRY,34.0,598,Karaikal,காரைக்கால்,637.0,5914,Karaikal,காரைக்கால்,5914.0,2024-10-07
33,Tamil Nadu,TAMIL NADU,33.0,585,Sivaganga,SIVAGANGA,622.0,5830,Karaikkudi,,5830.0,2024-10-07
36,Telangana,తెలంగాణ,0.0,690,Bhadradri Kothagudem,భద్రాద్రి కొత్తగూడెం,0.0,6269,Karakagudem,కరకగూడెం,0.0,2024-10-07
23,Madhya Pradesh,MADHYA PRADESH,23.0,432,Shivpuri,शिवपुरी,423.0,3410,Karera,करेरा,3410.0,2024-10-07
9,Uttar Pradesh,UTTAR PRADESH,9.0,166,Mainpuri,MAINPURI,148.0,776,Karhal,,776.0,2024-10-07
19,West Bengal,WEST BENGAL,19.0,320,Nadia,NADIA,336.0,2299,Karimpur - I,,2299.0,2024-10-07
23,Madhya Pradesh,MADHYA PRADESH,23.0,436,Umaria,उमरिया,431.0,6533,Karkeli,करकेली,0.0,2024-10-07
9,Uttar Pradesh,UTTAR PRADESH,9.0,136,Chitrakoot,CHITRAKOOT,171.0,875,Karwi,,875.0,2024-10-07
32,Kerala,KERALA,32.0,558,Kasaragod,കാസര്‍കോഡ്,588.0,5630,Kasaragod,കാസര്‍കോഡ്,5630.0,2024-10-07
2,Himachal Pradesh,HIMACHAL PRADESH,2.0,25,Solan,SOLAN,31.0,164,Kasauli,,164.0,2024-10-07
1,Jammu And Kashmir,JAMMU AND KASHMIR,1.0,4,Doda,DODA,16.0,6748,Kashtigarh,Kashtigarh,0.0,2024-10-07
23,Madhya Pradesh,MADHYA PRADESH,23.0,414,Khargone (West Nimar),खरगोन (पश्चिम निमाड़),440.0,3547,Kasrawad,कसरावद,3547.0,2024-10-07
23,Madhya Pradesh,MADHYA PRADESH,23.0,392,Balaghat,बालाघाट,457.0,3667,Katangi,कटंगी,3667.0,2024-10-07
36,Telangana,తెలంగాణ,0.0,681,Jagitial,జగిత్యాల,0.0,4418,Kathlapur,కథలాపూర్,4418.0,2024-10-07
10,Bihar,BIHAR,10.0,201,Katihar,कटिहार,212.0,1151,Katihar,कटिहार,1151.0,2024-10-07
27,Maharashtra,महाराष्ट्र,27.0,484,Nagpur,नागपूर,505.0,4024,Katol,काटोल,4024.0,2024-10-07
10,Bihar,BIHAR,10.0,208,Muzaffarpur,मुजफ्फरपुर,216.0,1208,Katra,कटरा,1208.0,2024-10-07
19,West Bengal,WEST BENGAL,19.0,306,Purba Bardhaman,PURBA BARDHAMAN,335.0,2282,Katwa - II,,2282.0,2024-10-07
31,Lakshadweep,LAKSHADWEEP,31.0,553,Lakshadweep District,LAKSHADWEEP DISTRICT,587.0,5625,Kavaratti,,5625.0,2024-10-07
1,Jammu And Kashmir,JAMMU AND KASHMIR,1.0,3,Baramulla,BARAMULLA,8.0,6829,Kawarhama,Kawarhama,0.0,2024-10-07
15,Mizoram,MIZORAM,15.0,266,Mamit,MAMIT,281.0,7342,Kawrtethawveng,Kawrtethawveng,0.0,2024-10-07
12,Arunachal Pradesh,ARUNACHAL PRADESH,12.0,679,Siang,,0.0,1646,Kebang Circle,,1646.0,2024-10-07
21,Odisha,ODISHA,21.0,361,Kendujhar,KENDUJHAR,375.0,2844,Kendujhar Sadar,,2844.0,2024-10-07
10,Bihar,BIHAR,10.0,195,Darbhanga,दरभंगा,215.0,1183,Keotiranway,,1183.0,2024-10-07
36,Telangana,తెలంగాణ,0.0,688,Mahabubabad,మహబుబాబాద్,0.0,4717,Kesamudram,కేసముద్రం,4717.0,2024-10-07
10,Bihar,BIHAR,10.0,194,Buxar,बक्सर,232.0,1439,Kesath,केसठ,1439.0,2024-10-07
22,Chhattisgarh,छत्तीसगढ़,22.0,643,Kondagaon,कोंडागांव,0.0,3355,Keshkal,Keshkal,3355.0,2024-10-07
24,Gujarat,GUJARAT,24.0,448,Junagadh,JUNAGADH,479.0,3831,Keshod,,3831.0,2024-10-07
8,Rajasthan,RAJASTHAN,8.0,94,Bundi,BUNDI,121.0,625,Keshoraipatan,,625.0,2024-10-07
23,Madhya Pradesh,MADHYA PRADESH,23.0,425,Sagar,सागर,427.0,3452,Kesli,केसली,3452.0,2024-10-07
28,Andhra Pradesh,ANDHRA PRADESH,28.0,747,Dr. B.R. Ambedkar Konaseema,డా బి ఆర్  అంబేడ్కర్ కోనసీమ,0.0,4929,K Gangavaram,,4929.0,2024-10-07
3,Punjab,PUNJAB,3.0,609,Tarn Taran,tarn taran,50.0,261,Khadur Sahib,,261.0,2024-10-07
1,Jammu And Kashmir,JAMMU AND KASHMIR,1.0,2,Budgam,,2.0,4,Khag,,4.0,2024-10-07
10,Bihar,BIHAR,10.0,198,Jamui,जमुई,238.0,1532,Khaira,खैरा,1532.0,2024-10-07
22,Chhattisgarh,छत्तीसगढ़,22.0,759,Khairagarh-Chhuikhadan-Gandai,खैरागढ़-छुईखदान-गंडई,0.0,3303,Khairagarh,,3303.0,2024-10-07
23,Madhya Pradesh,MADHYA PRADESH,23.0,392,Balaghat,बालाघाट,457.0,3670,Khairlanji,खैरलांजी,3670.0,2024-10-07
8,Rajasthan,RAJASTHAN,8.0,770,Khairthal-Tijara,खैरथल-तिजारा,,7207,Khairthal,खैरथल,0.0,2024-10-07
10,Bihar,BIHAR,10.0,206,Madhubani,मधुबनी,207.0,1089,Khajauli,खजौली,1089.0,2024-10-07
21,Odisha,ODISHA,21.0,359,Kandhamal,KANDHAMAL,390.0,3113,Khajuripada,,3113.0,2024-10-07
8,Rajasthan,RAJASTHAN,8.0,93,Bikaner,BIKANER,101.0,478,Khajuwala,,478.0,2024-10-07
24,Gujarat,GUJARAT,24.0,439,Amreli,AMRELI,480.0,3847,Khambha,,3847.0,2024-10-07
36,Telangana,తెలంగాణ,0.0,680,Nirmal,నిర్మల్,0.0,4347,Khanapur,ఖానాపూర్,4347.0,2024-10-07
27,Maharashtra,महाराष्ट्र,27.0,493,Sangli,सांगली,531.0,4299,Khanapur,खानापूर,4299.0,2024-10-07
36,Telangana,తెలంగాణ,0.0,522,Warangal,వరంగల్,540.0,4709,Khanapur,ఖానాపూర్,4709.0,2024-10-07
23,Madhya Pradesh,MADHYA PRADESH,23.0,405,Khandwa (East Nimar),खण्डवा (पूर्व निमाड़),466.0,3716,Khandwa,खण्डवा,3716.0,2024-10-07
24,Gujarat,GUJARAT,24.0,669,Mahisagar,મહિસાગર,0.0,3879,Khanpur,,3879.0,2024-10-07
21,Odisha,ODISHA,21.0,345,Balangir,BALANGIR,393.0,3145,Khaprakhol,,3145.0,2024-10-07
19,West Bengal,WEST BENGAL,19.0,318,Paschim Medinipur,PASCHIM MEDINIPUR,344.0,2460,Kharagpur - I,,2460.0,2024-10-07
1,Jammu And Kashmir,JAMMU AND KASHMIR,1.0,5,Jammu,JAMMU,21.0,6704,Kharah Balli,Kharah Balli,0.0,2024-10-07
20,Jharkhand,झारखंड,20.0,328,Garhwa,गढ़वा,346.0,2495,Kharaundhi,खरौंधी,2495.0,2024-10-07
1,Jammu And Kashmir,JAMMU AND KASHMIR,1.0,621,Ramban,RAMBAN,17.0,6759,Khari,Khari,0.0,2024-10-07
6,Haryana,HARYANA,6.0,75,Sonipat,SONIPAT,76.0,381,Kharkhoda,,381.0,2024-10-07
23,Madhya Pradesh,MADHYA PRADESH,23.0,402,Dewas,देवास,437.0,3531,Khategaon,खातेगांव,3531.0,2024-10-07
24,Gujarat,GUJARAT,24.0,450,Kheda,KHEDA,483.0,3874,Kheda,,3874.0,2024-10-07
19,West Bengal,WEST BENGAL,19.0,317,Purba Medinipur,PURBA MEDINIPUR,345.0,2486,Khejuri - I,,2486.0,2024-10-07
19,West Bengal,WEST BENGAL,19.0,317,Purba Medinipur,PURBA MEDINIPUR,345.0,2487,Khejuri - II,,2487.0,2024-10-07
12,Arunachal Pradesh,ARUNACHAL PRADESH,12.0,231,East Kameng,EAST KAMENG,247.0,6605,Khenawa Circle,,0.0,2024-10-07
6,Haryana,HARYANA,6.0,63,Hisar,HISAR,80.0,6419,Kheri Jalab St,खेड़ी जालब,0.0,2024-10-07
1,Jammu And Kashmir,JAMMU AND KASHMIR,1.0,3,Baramulla,BARAMULLA,8.0,6828,Khoie,Khoie,0.0,2024-10-07
21,Odisha,ODISHA,21.0,362,Khordha,KHORDHA,386.0,3036,Khordha,,3036.0,2024-10-07
21,Odisha,ODISHA,21.0,362,Khordha,KHORDHA,386.0,3037,Khordha Sadar,,3037.0,2024-10-07
14,Manipur,MANIPUR,14.0,714,Noney,NONEY,0.0,6038,Khoupum,,0.0,2024-10-07
23,Madhya Pradesh,MADHYA PRADESH,23.0,422,Rajgarh,राजगढ़,442.0,6993,Khujner,खूजनेर,0.0,2024-10-07
5,Uttarakhand,UTTARAKHAND,5.0,56,Udam Singh Nagar,UDAM SINGH NAGAR,67.0,349,Kichha,,349.0,2024-10-07
33,Tamil Nadu,TAMIL NADU,33.0,583,Ramanathapuram,RAMANATHAPURAM,626.0,6654,Kilakarai,கீழக்கரை,0.0,2024-10-07
31,Lakshadweep,LAKSHADWEEP,31.0,553,Lakshadweep District,LAKSHADWEEP DISTRICT,587.0,5623,Kiltan,,5623.0,2024-10-07
12,Arunachal Pradesh,ARUNACHAL PRADESH,12.0,237,Papum Pare,PAPUM PARE,248.0,1605,Kimin Sdo,,1605.0,2024-10-07
9,Uttar Pradesh,UTTAR PRADESH,9.0,118,Agra,AGRA,146.0,767,Kiraoli,,767.0,2024-10-07
5,Uttarakhand,UTTARAKHAND,5.0,55,Tehri Garhwal,TEHRI GARHWAL,59.0,6361,Kirtinagar,,0.0,2024-10-07
10,Bihar,BIHAR,10.0,203,Kishanganj,किशनगंज,210.0,1127,Kishanganj,किशनगंज,1127.0,2024-10-07
8,Rajasthan,RAJASTHAN,8.0,89,Baran,BARAN,128.0,674,Kishanganj,किशनगंज,674.0,2024-10-07
21,Odisha,ODISHA,21.0,371,Sambalpur,SAMBALPUR,372.0,2793,Kisinda,,2793.0,2024-10-07
29,Karnataka,ಕರ್ನಾಟಕ,29.0,527,Belagavi,ಬೆಳಗಾವಿ,555.0,7043,Kittur,ಕಿತ್ತೂರು,0.0,2024-10-07
10,Bihar,BIHAR,10.0,215,Rohtas,रोहतास,234.0,1457,Kochas,कोचस,1457.0,2024-10-07
32,Kerala,KERALA,32.0,555,Ernakulam,എറണാകുളം,595.0,5660,Kochi,കൊച്ചി,5660.0,2024-10-07
36,Telangana,తెలంగాణ,0.0,698,Vikarabad,వికారాబాద్,0.0,4549,Kodangal,కోడంగల్,4549.0,2024-10-07
20,Jharkhand,झारखंड,20.0,334,Koderma,कोडरमा,348.0,2527,Koderma,कोडरमा,2527.0,2024-10-07
21,Odisha,ODISHA,21.0,366,Nabarangpur,NABARANGPUR,397.0,3194,Kodinga,,3194.0,2024-10-07
33,Tamil Nadu,TAMIL NADU,33.0,573,Erode,ERODE,610.0,6637,Kodumudi,கொடுமுடி,0.0,2024-10-07
36,Telangana,తెలంగాణ,0.0,692,Siddipet,సిద్దిపేట,0.0,4443,Koheda,కోహెడ,4443.0,2024-10-07
22,Chhattisgarh,छत्तीसगढ़,22.0,637,Narayanpur,नारायणपुर,415.0,7321,Kohkameta,कोहकामेटा,0.0,2024-10-07
21,Odisha,ODISHA,21.0,373,Sundargarh,SUNDARGARH,374.0,2826,Koida,,2826.0,2024-10-07
9,Uttar Pradesh,UTTAR PRADESH,9.0,119,Aligarh,ALIGARH,143.0,755,Koil,,755.0,2024-10-07
29,Karnataka,ಕರ್ನಾಟಕ,29.0,542,Kolar,ಕೋಲಾರ,581.0,5591,Kolar,ಕೋಲಾರ,5591.0,2024-10-07
29,Karnataka,ಕರ್ನಾಟಕ,29.0,542,Kolar,ಕೋಲಾರ,581.0,7002,Kolar Gold Field,ಕೋಲಾರ ಗೋಲ್ಡ್ ಫೀಲ್ಡ್,0.0,2024-10-07
36,Telangana,తెలంగాణ,0.0,694,Nagarkurnool,నాగర్ కర్నూల్,0.0,4609,Kollapur,కొల్లాపూర్,4609.0,2024-10-07
33,Tamil Nadu,TAMIL NADU,33.0,580,Namakkal,NAMAKKAL,609.0,6625,Kolli Hills,கொல்லிமலை,0.0,2024-10-07
22,Chhattisgarh,छत्तीसगढ़,22.0,385,Mahasamund,महासमुंद,411.0,7322,Komakhan,कोमाखान,0.0,2024-10-07
12,Arunachal Pradesh,ARUNACHAL PRADESH,12.0,243,West Siang,WEST SIANG,250.0,6586,Kombo Circle,,0.0,2024-10-07
36,Telangana,తెలంగాణ,0.0,692,Siddipet,సిద్దిపేట,0.0,6284,Komuravelli,కొమురవెల్లి,0.0,2024-10-07
22,Chhattisgarh,छत्तीसगढ़,22.0,643,Kondagaon,कोंडागांव,0.0,3357,Kondagaon,,3357.0,2024-10-07
36,Telangana,తెలంగాణ,0.0,692,Siddipet,సిద్దిపేట,0.0,4462,Kondapak,కొండపాక,4462.0,2024-10-07
33,Tamil Nadu,TAMIL NADU,33.0,590,Thiruvarur,THIRUVARUR,619.0,6627,Koothanallur,கூத்தாநல்லூர்,0.0,2024-10-07
27,Maharashtra,महाराष्ट्र,27.0,466,Ahmednagar,अहमदनगर,522.0,4203,Kopargaon,कोपरगाव,4203.0,2024-10-07
12,Arunachal Pradesh,ARUNACHAL PRADESH,12.0,719,Lower Siang,LOWER SIANG,0.0,6574,Kora Circle,Kora Circle,0.0,2024-10-07
27,Maharashtra,महाराष्ट्र,27.0,473,Chandrapur,चंद्रपूर,509.0,4075,Korpana,कोरपना,4075.0,2024-10-07
28,Andhra Pradesh,ANDHRA PRADESH,28.0,511,Kurnool,KURNOOL,552.0,5251,Kosigi,,5251.0,2024-10-07
22,Chhattisgarh,छत्तीसगढ़,22.0,760,Manendragarh-Chirmiri-Bharatpur(M C B),मनेन्द्रगढ़-चिरमिरी-भरतपुर(ऍम.सी.बी.),0.0,7275,Kotadol,KOTADOL,0.0,2024-10-07
28,Andhra Pradesh,ANDHRA PRADESH,28.0,746,Kakinada,Kakinada,0.0,4889,Kotananduru,,4889.0,2024-10-07
28,Andhra Pradesh,ANDHRA PRADESH,28.0,747,Dr. B.R. Ambedkar Konaseema,డా బి ఆర్  అంబేడ్కర్ కోనసీమ,0.0,4927,Kothapeta,,4927.0,2024-10-07
2,Himachal Pradesh,HIMACHAL PRADESH,2.0,18,Kangra,KANGRA,24.0,6896,Kotla,,0.0,2024-10-07
23,Madhya Pradesh,MADHYA PRADESH,23.0,390,Anuppur,अनूपपुर,461.0,3693,Kotma,कोतमा,3693.0,2024-10-07
8,Rajasthan,RAJASTHAN,8.0,780,Shahpura,शाहपुरा,,635,Kotri,,635.0,2024-10-07
7,Delhi,DELHI,7.0,77,Central,CENTRAL,95.0,435,Kotwali,,435.0,2024-10-07
1,Jammu And Kashmir,JAMMU AND KASHMIR,1.0,3,Baramulla,BARAMULLA,8.0,36,Kreeri,,36.0,2024-10-07
2,Himachal Pradesh,HIMACHAL PRADESH,2.0,25,Solan,SOLAN,31.0,163,Krishangarh,,163.0,2024-10-07
19,West Bengal,WEST BENGAL,19.0,320,Nadia,NADIA,336.0,2306,Krishnagar - II,,2306.0,2024-10-07
36,Telangana,తెలంగాణ,0.0,680,Nirmal,నిర్మల్,0.0,4338,Kubeer,కుబీర్,4338.0,2024-10-07
29,Karnataka,ಕರ್ನಾಟಕ,29.0,738,Vijayanagar,,0.0,5502,Kudligi,ಕೂಡ್ಲಿಗಿ,5502.0,2024-10-07
10,Bihar,BIHAR,10.0,200,Kaimur (Bhabua),कैमूर ( भभुआ ),233.0,1448,Kudra,कुदरा,1448.0,2024-10-07
24,Gujarat,GUJARAT,24.0,641,Tapi,,493.0,6169,Kukarmunda,Kukarmunda,0.0,2024-10-07
20,Jharkhand,झारखंड,20.0,341,Saraikela Kharsawan,सरायकेला खरसावां,369.0,2750,Kukru,,2750.0,2024-10-07
33,Tamil Nadu,TAMIL NADU,33.0,576,Karur,KARUR,613.0,5771,Kulithalai,,5771.0,2024-10-07
9,Uttar Pradesh,UTTAR PRADESH,9.0,165,Mahoba,MAHOBA,169.0,868,Kulpahar,,868.0,2024-10-07
8,Rajasthan,RAJASTHAN,8.0,112,Rajsamand,RAJSAMAND,123.0,642,Kumbhalgarh,,642.0,2024-10-07
23,Madhya Pradesh,MADHYA PRADESH,23.0,406,Guna,गुना,458.0,3681,Kumbhraj,कुंभराज,3681.0,2024-10-07
32,Kerala,KERALA,32.0,566,Thrissur,തൃശ്ശൂര്‍,594.0,6598,Kunnamkulam,കുന്നംകുളം,0.0,2024-10-07
32,Kerala,KERALA,32.0,559,Kollam,കൊല്ലം,600.0,5685,Kunnathur,കുന്നത്തൂര്‍,5685.0,2024-10-07
28,Andhra Pradesh,ANDHRA PRADESH,28.0,511,Kurnool,KURNOOL,552.0,7183,Kurnool Urban,Kurnool Urban,0.0,2024-10-07
10,Bihar,BIHAR,10.0,188,Araria,अररिया,209.0,1117,Kursakatta,कुर्सकत्ता,1117.0,2024-10-07
10,Bihar,BIHAR,10.0,611,Arwal,अरवल,240.0,1546,Kurtha,कुर्था,1546.0,2024-10-07
29,Karnataka,ಕರ್ನಾಟಕ,29.0,541,Kodagu,ಕೊಡಗು,576.0,7124,Kushalanagar,KUSHALANAGAR,0.0,2024-10-07
10,Bihar,BIHAR,10.0,195,Darbhanga,दरभंगा,215.0,1198,Kusheshwar Asthan Purbi,कुशेश्वर स्थान पूर्वी,1198.0,2024-10-07
19,West Bengal,WEST BENGAL,19.0,310,Dakshin Dinajpur,DAKSHIN DINAJPUR,331.0,2200,Kushmundi,,2200.0,2024-10-07
36,Telangana,తెలంగాణ,0.0,509,Khammam,ఖమ్మం,541.0,4755,Kusumanchi,కూసుమంచి,4755.0,2024-10-07
33,Tamil Nadu,TAMIL NADU,33.0,735,Mayiladuthurai,,0.0,5797,Kuthalam,,5797.0,2024-10-07
32,Kerala,KERALA,32.0,554,Alappuzha,ആലപ്പുഴ,598.0,5675,Kuttanad,കുട്ടനാട്,5675.0,2024-10-07
21,Odisha,ODISHA,21.0,357,Jharsuguda,JHARSUGUDA,371.0,2778,Laikera,,2778.0,2024-10-07
23,Madhya Pradesh,MADHYA PRADESH,23.0,428,Seoni,सिवनी,456.0,3659,Lakhnadon,लखनादौन,3659.0,2024-10-07
10,Bihar,BIHAR,10.0,198,Jamui,जमुई,238.0,1529,Lakshmipur,लक्ष्मीपुर,1529.0,2024-10-07
18,Assam,ASSAM,18.0,289,Hailakandi,HAILAKANDI,318.0,2108,Lala,,2108.0,2024-10-07
23,Madhya Pradesh,MADHYA PRADESH,23.0,392,Balaghat,बालाघाट,457.0,3671,Lalbarra,लालबर्रा,3671.0,2024-10-07
9,Uttar Pradesh,UTTAR PRADESH,9.0,174,Pratapgarh,PRATAPGARH,173.0,880,Lalganj,,880.0,2024-10-07
10,Bihar,BIHAR,10.0,224,Vaishali,वैशाली,220.0,1270,Lalganj,लालगंज,1270.0,2024-10-07
1,Jammu And Kashmir,JAMMU AND KASHMIR,1.0,8,Kupwara,KUPWARA,1.0,6792,Lalpora,Lalpora,0.0,2024-10-07
24,Gujarat,GUJARAT,24.0,447,Jamnagar,JAMNAGAR,477.0,3818,Lalpur,,3818.0,2024-10-07
5,Uttarakhand,UTTARAKHAND,5.0,45,Almora,ALMORA,64.0,6368,Lamgada,,0.0,2024-10-07
23,Madhya Pradesh,MADHYA PRADESH,23.0,392,Balaghat,बालाघाट,457.0,3676,Lanji,लांजी,3676.0,2024-10-07
1,Jammu And Kashmir,JAMMU AND KASHMIR,1.0,14,Udhampur,UDHAMPUR,19.0,6737,Latti,Latti,0.0,2024-10-07
22,Chhattisgarh,छत्तीसगढ़,22.0,644,Balodabazar-Bhatapara,बलौदाबाजार-भाटापारा,0.0,7246,Lavan,लवन,0.0,2024-10-07
19,West Bengal,WEST BENGAL,19.0,702,Kalimpong,KALIMPONG,0.0,7050,Lavaold,,0.0,2024-10-07
23,Madhya Pradesh,MADHYA PRADESH,23.0,398,Chhatarpur,छ्तरपुर,425.0,3425,Lavkush Nagar,लवकुश नगर,3425.0,2024-10-07
20,Jharkhand,झारखंड,20.0,323,Chatra,चतरा,347.0,2517,Lawalaung,लावालौंग,2517.0,2024-10-07
12,Arunachal Pradesh,ARUNACHAL PRADESH,12.0,666,Longding,LONGDING,0.0,1689,Lawnu Circle,Lawnu Circle,1689.0,2024-10-07
12,Arunachal Pradesh,ARUNACHAL PRADESH,12.0,678,Namsai,,0.0,1735,Lekang Mahadevpur Circle,Lekang Mahadevpur Circle,1735.0,2024-10-07
28,Andhra Pradesh,ANDHRA PRADESH,28.0,754,Sri Sathya Sai,Sri Sathya Sai,0.0,5365,Lepakshi,,5365.0,2024-10-07
21,Odisha,ODISHA,21.0,373,Sundargarh,SUNDARGARH,374.0,2805,Lephripara,,2805.0,2024-10-07
23,Madhya Pradesh,MADHYA PRADESH,23.0,434,Tikamgarh,टीकमगढ़,424.0,6536,Lidhora,लिधौरा,0.0,2024-10-07
12,Arunachal Pradesh,ARUNACHAL PRADESH,12.0,719,Lower Siang,LOWER SIANG,0.0,1640,Likabali Sdo,,1640.0,2024-10-07
24,Gujarat,GUJARAT,24.0,439,Amreli,AMRELI,480.0,3842,Lilia,,3842.0,2024-10-07
14,Manipur,MANIPUR,14.0,259,Thoubal,THOUBAL,276.0,1876,Lilong,,1876.0,2024-10-07
24,Gujarat,GUJARAT,24.0,460,Surendranagar,SURENDRANAGAR,475.0,3797,Limbdi,,3797.0,2024-10-07
36,Telangana,తెలంగాణ,0.0,685,Kamareddy,కామారెడ్డి,0.0,4388,Lingampet,లింగంపేట్,4388.0,2024-10-07
28,Andhra Pradesh,ANDHRA PRADESH,28.0,515,Sri Potti Sriramulu Nellore,శ్రీ పొట్టి శ్రీరాములు నెల్లూరు,550.0,5150,Lingasamudram,,5150.0,2024-10-07
36,Telangana,తెలంగాణ,0.0,680,Nirmal,నిర్మల్,0.0,4342,Lokeswaram,లోకేశ్వరం,4342.0,2024-10-07
27,Maharashtra,महाराष्ट्र,27.0,472,Buldhana,बुलढाणा,500.0,3987,Lonar,लोणार,3987.0,2024-10-07
16,Tripura,ত্রিপুরা,16.0,269,Dhalai,ধলাই,291.0,6692,Longtharai Valley,লংতরাই ভ্যলী,0.0,2024-10-07
22,Chhattisgarh,छत्तीसगढ़,22.0,647,Mungeli,मुंगेली,0.0,3290,Lormi,,3290.0,2024-10-07
13,Nagaland,NAGALAND,13.0,250,Wokha,WOKHA,264.0,1786,Lotsu,,1786.0,2024-10-07
24,Gujarat,GUJARAT,24.0,669,Mahisagar,મહિસાગર,0.0,3882,Lunawada,,3882.0,2024-10-07
8,Rajasthan,RAJASTHAN,8.0,93,Bikaner,BIKANER,101.0,475,Lunkaransar,,475.0,2024-10-07
21,Odisha,ODISHA,21.0,358,Kalahandi,KALAHANDI,395.0,3160,Madanpur Rampur,,3160.0,2024-10-07
19,West Bengal,WEST BENGAL,19.0,664,Alipurduar,,0.0,2170,Madarihat,,2170.0,2024-10-07
29,Karnataka,ಕರ್ನಾಟಕ,29.0,544,Mandya,ಮಂಡ್ಯ,573.0,5551,Maddur,ಮದ್ದೂರು,5551.0,2024-10-07
36,Telangana,తెలంగాణ,0.0,518,Ranga Reddy,రంగా రెడ్డి,537.0,4564,Madgul,మాడ్గుల,4564.0,2024-10-07
10,Bihar,BIHAR,10.0,205,Madhepura,मधेपुरा,213.0,1161,Madhepura,मधेपुरा,1161.0,2024-10-07
9,Uttar Pradesh,UTTAR PRADESH,9.0,151,Jalaun,JALAUN,165.0,851,Madhogarh,,851.0,2024-10-07
9,Uttar Pradesh,UTTAR PRADESH,9.0,168,Mau,MAU,192.0,972,Madhuban,,972.0,2024-10-07
10,Bihar,BIHAR,10.0,206,Madhubani,मधुबनी,207.0,1093,Madhubani,,1093.0,2024-10-07
10,Bihar,BIHAR,10.0,211,Pashchim Champaran,पश्चिम चम्पारण,203.0,1021,Madhubani,मधुबनी,1021.0,2024-10-07
20,Jharkhand,झारखंड,20.0,324,Deoghar,देवघर,350.0,2550,Madhupur,मधुपुर,2550.0,2024-10-07
33,Tamil Nadu,TAMIL NADU,33.0,569,Coimbatore,COIMBATORE,632.0,5986,Madukkari,,0.0,2024-10-07
33,Tamil Nadu,TAMIL NADU,33.0,578,Madurai,MADURAI,623.0,5960,Madurai East,,0.0,2024-10-07
36,Telangana,తెలంగాణ,0.0,512,Mahabubnagar,మహబూబ్ నగర్,538.0,6258,Mahabubnagar Rural,మహబూబ్ నగర్ (రూరల్),0.0,2024-10-07
27,Maharashtra,महाराष्ट्र,27.0,500,Yavatmal,यवतमाळ,510.0,4087,Mahagaon,महागाव,4087.0,2024-10-07
9,Uttar Pradesh,UTTAR PRADESH,9.0,125,Bahraich,BAHRAICH,180.0,920,Mahasi,,920.0,2024-10-07
34,Puducherry,PUDUCHERRY,34.0,599,Mahe,MAHE,636.0,5913,Mahe,,5913.0,2024-10-07
20,Jharkhand,झारखंड,20.0,337,Pakur,पाकुर,353.0,2577,Maheshpur,,2577.0,2024-10-07
19,West Bengal,WEST BENGAL,19.0,317,Purba Medinipur,PURBA MEDINIPUR,345.0,2475,Mahisadal,,2475.0,2024-10-07
18,Assam,ASSAM,18.0,708,Charaideo,,0.0,2075,Mahmora,,2075.0,2024-10-07
10,Bihar,BIHAR,10.0,224,Vaishali,वैशाली,220.0,1283,Mahnar,महनार,1283.0,2024-10-07
24,Gujarat,GUJARAT,24.0,450,Kheda,KHEDA,483.0,3877,Mahudha,,3877.0,2024-10-07
21,Odisha,ODISHA,21.0,373,Sundargarh,SUNDARGARH,374.0,2831,Mahulapada,,2831.0,2024-10-07
21,Odisha,ODISHA,21.0,365,Mayurbhanj,MAYURBHANJ,376.0,2887,Mahuldiha,,2887.0,2024-10-07
17,Meghalaya,MEGHALAYA,17.0,740,Eastern West Khasi Hills,,0.0,1982,Mairang,,1982.0,2024-10-07
27,Maharashtra,महाराष्ट्र,27.0,470,Beed,बीड,523.0,4219,Majalgaon,माजलगाव,4219.0,2024-10-07
2,Himachal Pradesh,HIMACHAL PRADESH,2.0,18,Kangra,KANGRA,24.0,6919,Majheen,,0.0,2024-10-07
23,Madhya Pradesh,MADHYA PRADESH,23.0,426,Satna,सतना,429.0,3462,Majhgawan,मझगवां,3462.0,2024-10-07
20,Jharkhand,झारखंड,20.0,328,Garhwa,गढ़वा,346.0,2499,Majhiaon,मझिआंव,2499.0,2024-10-07
10,Bihar,BIHAR,10.0,218,Saran,सारण,219.0,1262,Maker,मकेर,1262.0,2024-10-07
36,Telangana,తెలంగాణ,0.0,516,Nizamabad,నిజామాబాదు,533.0,4367,Makloor,మక్లూర్,4367.0,2024-10-07
8,Rajasthan,RAJASTHAN,8.0,113,Sawai Madhopur,SAWAI MADHOPUR,108.0,528,Malarna Doongar,,528.0,2024-10-07
29,Karnataka,ಕರ್ನಾಟಕ,29.0,544,Mandya,ಮಂಡ್ಯ,573.0,5552,Malavalli,ಮಳವಳ್ಳಿ,5552.0,2024-10-07
27,Maharashtra,महाराष्ट्र,27.0,487,Nashik,नाशिक,516.0,4146,Malegaon,मालेगाव,4146.0,2024-10-07
24,Gujarat,GUJARAT,24.0,672,Arvalli,,0.0,3771,Malpur,,3771.0,2024-10-07
33,Tamil Nadu,TAMIL NADU,33.0,591,Tiruchirappalli,TIRUCHIRAPPALLI,614.0,5776,Manachanallur,,5776.0,2024-10-07
23,Madhya Pradesh,MADHYA PRADESH,23.0,419,Neemuch,नीमच,432.0,3491,Manasa,मनासा,3491.0,2024-10-07
19,West Bengal,WEST BENGAL,19.0,321,Purulia,PURULIA,340.0,2395,Manbazar - I,,2395.0,2024-10-07
36,Telangana,తెలంగాణ,0.0,518,Ranga Reddy,రంగా రెడ్డి,537.0,4547,Manchal,మంచాల్,4547.0,2024-10-07
12,Arunachal Pradesh,ARUNACHAL PRADESH,12.0,628,Anjaw,,260.0,1737,Manchal Circle,,1737.0,2024-10-07
28,Andhra Pradesh,ANDHRA PRADESH,28.0,747,Dr. B.R. Ambedkar Konaseema,డా బి ఆర్  అంబేడ్కర్ కోనసీమ,0.0,4920,Mandapeta,,4920.0,2024-10-07
28,Andhra Pradesh,ANDHRA PRADESH,28.0,748,Eluru,Eluru,0.0,5015,Mandavalli,,5015.0,2024-10-07
8,Rajasthan,RAJASTHAN,8.0,97,Dausa,DAUSA,109.0,6914,Mandawar,मण्डावर,0.0,2024-10-07
2,Himachal Pradesh,HIMACHAL PRADESH,2.0,22,Mandi,MANDI,27.0,133,Mandi,,133.0,2024-10-07
24,Gujarat,GUJARAT,24.0,449,Kachchh,KACHCHH,468.0,3729,Mandvi,,3729.0,2024-10-07
6,Haryana,HARYANA,6.0,62,Gurugram,GURUGRAM,86.0,419,Manesar,,419.0,2024-10-07
6,Haryana,HARYANA,6.0,72,Rewari,REWARI,85.0,6466,Manethi St,मनेठी,0.0,2024-10-07
36,Telangana,తెలంగాణ,0.0,720,Mulugu,ములుగు,0.0,4686,Mangapet,మంగపేట,4686.0,2024-10-07
13,Nagaland,NAGALAND,13.0,765,Shamator,Shamator,0.0,1828,Mangko,,1828.0,2024-10-07
19,West Bengal,WEST BENGAL,19.0,306,Purba Bardhaman,PURBA BARDHAMAN,335.0,2278,Mangolkote,,2278.0,2024-10-07
10,Bihar,BIHAR,10.0,218,Saran,सारण,219.0,1255,Manjhi,मांझी,1255.0,2024-10-07
9,Uttar Pradesh,UTTAR PRADESH,9.0,147,Gonda,GONDA,183.0,931,Mankapur,,931.0,2024-10-07
12,Arunachal Pradesh,ARUNACHAL PRADESH,12.0,229,Changlang,CHANGLANG,253.0,1673,Manmao Eac,Manmao EAC,1673.0,2024-10-07
33,Tamil Nadu,TAMIL NADU,33.0,590,Thiruvarur,THIRUVARUR,619.0,5808,Mannargudi,,5808.0,2024-10-07
8,Rajasthan,RAJASTHAN,8.0,105,Jhalawar,JHALAWAR,129.0,681,Manohar Thana,,681.0,2024-10-07
36,Telangana,తెలంగాణ,0.0,691,Sangareddy,సంగారెడ్డి,0.0,4451,Manoor,మనూర్,4451.0,2024-10-07
23,Madhya Pradesh,MADHYA PRADESH,23.0,436,Umaria,उमरिया,431.0,3484,Manpur,मानपुर,3484.0,2024-10-07
27,Maharashtra,महाराष्ट्र,27.0,479,Jalna,जालना,514.0,4132,Mantha,मंठा,4132.0,2024-10-07
36,Telangana,తెలంగాణ,0.0,682,Peddapalli,పెద్దపల్లి,0.0,4401,Manthani,మంథని,4401.0,2024-10-07
28,Andhra Pradesh,ANDHRA PRADESH,28.0,511,Kurnool,KURNOOL,552.0,5250,Mantralayam,,5250.0,2024-10-07
28,Andhra Pradesh,ANDHRA PRADESH,28.0,515,Sri Potti Sriramulu Nellore,శ్రీ పొట్టి శ్రీరాములు నెల్లూరు,550.0,5183,Manubolu,,5183.0,2024-10-07
29,Karnataka,ಕರ್ನಾಟಕ,29.0,546,Raichur,ರಾಯಚೂರು,559.0,5462,Manvi,ಮಾನ್ವಿ,5462.0,2024-10-07
10,Bihar,BIHAR,10.0,223,Supaul,सुपौल,208.0,1108,Marauna,मरौना,1108.0,2024-10-07
27,Maharashtra,महाराष्ट्र,27.0,500,Yavatmal,यवतमाळ,510.0,4092,Maregaon,मारेगाव,4092.0,2024-10-07
9,Uttar Pradesh,UTTAR PRADESH,9.0,152,Jaunpur,JAUNPUR,194.0,985,Mariahu,,985.0,2024-10-07
9,Uttar Pradesh,UTTAR PRADESH,9.0,170,Mirzapur,मिर्ज़ापुर,199.0,1002,Marihan,मड़िहान,1002.0,2024-10-07
22,Chhattisgarh,छत्तीसगढ़,22.0,646,Balod,बालोद,0.0,7297,Marri Bangla(Deori),मार्री बंगला(देवरी),0.0,2024-10-07
28,Andhra Pradesh,ANDHRA PRADESH,28.0,517,Prakasam,PRAKASAM,549.0,5129,Marripudi,,5129.0,2024-10-07
21,Odisha,ODISHA,21.0,360,Kendrapara,KENDRAPARA,379.0,2932,Marsaghai,,2932.0,2024-10-07
10,Bihar,BIHAR,10.0,212,Patna,पटना,230.0,1408,Masaurhi,मसौढ़ी,1408.0,2024-10-07
29,Karnataka,ಕರ್ನಾಟಕ,29.0,546,Raichur,ರಾಯಚೂರು,559.0,7101,Maski,,0.0,2024-10-07
33,Tamil Nadu,TAMIL NADU,33.0,568,Chennai,CHENNAI,603.0,5701,Mathavaram,,5701.0,2024-10-07
9,Uttar Pradesh,UTTAR PRADESH,9.0,167,Mathura,MATHURA,145.0,764,Mathura,,764.0,2024-10-07
19,West Bengal,WEST BENGAL,19.0,304,South 24 Parganas,SOUTH 24 Parganas,343.0,2436,Mathurapur - II,,2436.0,2024-10-07
10,Bihar,BIHAR,10.0,191,Begusarai,बेगूसराय,222.0,1320,Matihani,मटिहानी,1320.0,2024-10-07
36,Telangana,తెలంగాణ,0.0,696,Suryapet,సూర్యాపేట,0.0,4670,Mattampally,మట్టంపల్లి,4670.0,2024-10-07
27,Maharashtra,महाराष्ट्र,27.0,484,Nagpur,नागपूर,505.0,4029,Mauda,मौदा,4029.0,2024-10-07
9,Uttar Pradesh,UTTAR PRADESH,9.0,149,Hamirpur,HAMIRPUR,168.0,867,Maudaha,,867.0,2024-10-07
17,Meghalaya,MEGHALAYA,17.0,274,East Khasi Hills,EAST KHASI HILLS,298.0,1991,Mawkynrew,,1991.0,2024-10-07
17,Meghalaya,MEGHALAYA,17.0,658,South West Khasi Hills,SOUTH WEST KHASI HILLS,0.0,1984,Mawkyrwat,,1984.0,2024-10-07
17,Meghalaya,MEGHALAYA,17.0,274,East Khasi Hills,EAST KHASI HILLS,298.0,6541,Mawpat,,0.0,2024-10-07
17,Meghalaya,MEGHALAYA,17.0,274,East Khasi Hills,EAST KHASI HILLS,298.0,1988,Mawphlang,,1988.0,2024-10-07
17,Meghalaya,MEGHALAYA,17.0,274,East Khasi Hills,EAST KHASI HILLS,298.0,1990,Mawryngkneng,,1990.0,2024-10-07
35,Andaman And Nicobar Islands,ANDAMAN AND NICOBAR ISLANDS,35.0,632,North And Middle Andaman,NORTH AND MIDDLE ANDAMAN,639.0,5920,Mayabunder,,5920.0,2024-10-07
20,Jharkhand,झारखंड,20.0,323,Chatra,चतरा,347.0,2521,Mayur Hand,मयुरहंड,2521.0,2024-10-07
7,Delhi,DELHI,7.0,78,East,EAST,93.0,6084,Mayur Vihar,Mayur Vihar,0.0,2024-10-07
12,Arunachal Pradesh,ARUNACHAL PRADESH,12.0,232,East Siang,EAST SIANG,251.0,1656,Mebo Adc,Mebo ADC,1656.0,2024-10-07
23,Madhya Pradesh,MADHYA PRADESH,23.0,412,Jhabua,झाबुआ,464.0,3708,Meghnagar,मेघनगर,3708.0,2024-10-07
20,Jharkhand,झारखंड,20.0,330,Godda,गोड्डा,351.0,2555,Meherma,,2555.0,2024-10-07
23,Madhya Pradesh,MADHYA PRADESH,23.0,395,Bhind,भिण्ड,420.0,3393,Mehgaon,मेहगाँव,3393.0,2024-10-07
19,West Bengal,WEST BENGAL,19.0,308,Cooch Behar,COOCH BEHAR,329.0,2180,Mekliganj,,2180.0,2024-10-07
36,Telangana,తెలంగాణ,0.0,696,Suryapet,సూర్యాపేట,0.0,4671,Mellachervu,మేళ్ళచెరువు,4671.0,2024-10-07
33,Tamil Nadu,TAMIL NADU,33.0,578,Madurai,MADURAI,623.0,5835,Melur,,5835.0,2024-10-07
19,West Bengal,WEST BENGAL,19.0,306,Purba Bardhaman,PURBA BARDHAMAN,335.0,2292,Memari - II,,2292.0,2024-10-07
24,Gujarat,GUJARAT,24.0,448,Junagadh,JUNAGADH,479.0,3830,Mendarda,,3830.0,2024-10-07
1,Jammu And Kashmir,JAMMU AND KASHMIR,1.0,10,Poonch,POONCH,5.0,18,Mendhar,,18.0,2024-10-07
12,Arunachal Pradesh,ARUNACHAL PRADESH,12.0,237,Papum Pare,PAPUM PARE,248.0,1604,Mengio Eac,,1604.0,2024-10-07
28,Andhra Pradesh,ANDHRA PRADESH,28.0,521,Vizianagaram,VIZIANAGARAM,543.0,4824,Mentada,,4824.0,2024-10-07
28,Andhra Pradesh,ANDHRA PRADESH,28.0,521,Vizianagaram,VIZIANAGARAM,543.0,4822,Merakamudidam,,4822.0,2024-10-07
19,West Bengal,WEST BENGAL,19.0,318,Paschim Medinipur,PASCHIM MEDINIPUR,344.0,2453,Midnapore,,2453.0,2024-10-07
28,Andhra Pradesh,ANDHRA PRADESH,28.0,755,Nandyal,Nandyal,0.0,5267,Midthur,,5267.0,2024-10-07
9,Uttar Pradesh,UTTAR PRADESH,9.0,140,Ayodhya,AYODHYA,177.0,903,Milkipur,,903.0,2024-10-07
27,Maharashtra,महाराष्ट्र,27.0,493,Sangli,सांगली,531.0,4302,Miraj,मिरज,4302.0,2024-10-07
19,West Bengal,WEST BENGAL,19.0,309,Darjeeling,DARJEELING,327.0,2160,Mirik,,2160.0,2024-10-07
10,Bihar,BIHAR,10.0,199,Jehanabad,जहानाबाद,239.0,1538,Modanganj,मोदनगंज,1538.0,2024-10-07
24,Gujarat,GUJARAT,24.0,672,Arvalli,,0.0,3769,Modasa,,3769.0,2024-10-07
7,Delhi,DELHI,7.0,80,North,NORTH,91.0,432,Model Town,,432.0,2024-10-07
36,Telangana,తెలంగాణ,0.0,512,Mahabubnagar,మహబూబ్ నగర్,538.0,7187,Mohammadabad,,0.0,2024-10-07
20,Jharkhand,झारखंड,20.0,338,Palamu,पलामू,358.0,2617,Mohammad Ganj,,2617.0,2024-10-07
19,West Bengal,WEST BENGAL,19.0,318,Paschim Medinipur,PASCHIM MEDINIPUR,344.0,2469,Mohanpur,,2469.0,2024-10-07
16,Tripura,ত্রিপুরা,16.0,272,West Tripura,পশ্চিম ত্রিপুরা,289.0,6689,Mohanpur,মোহনপুর,0.0,2024-10-07
6,Haryana,HARYANA,6.0,60,Faridabad,FARIDABAD,88.0,6435,Mohna St,मोहना,0.0,2024-10-07
27,Maharashtra,महाराष्ट्र,27.0,496,Solapur,सोलापूर,526.0,4248,Mohol,मोहोळ,4248.0,2024-10-07
10,Bihar,BIHAR,10.0,212,Patna,पटना,230.0,1420,Mokameh,मोकामा,1420.0,2024-10-07
29,Karnataka,ಕರ್ನಾಟಕ,29.0,533,Chitradurga,ಚಿತ್ರದುರ್ಗ,566.0,5503,Molakalmuru,ಮೊಳಕಲ್ಮುರು,5503.0,2024-10-07
13,Nagaland,NAGALAND,13.0,247,Mon,MON,261.0,1757,Monyakshu,,1757.0,2024-10-07
2,Himachal Pradesh,HIMACHAL PRADESH,2.0,19,Kinnaur,KINNAUR,34.0,196,Morang,,196.0,2024-10-07
23,Madhya Pradesh,MADHYA PRADESH,23.0,417,Morena,मुरैना,419.0,7047,Morena Nagar,मुरैना नगर,0.0,2024-10-07
19,West Bengal,WEST BENGAL,19.0,317,Purba Medinipur,PURBA MEDINIPUR,345.0,2476,Moyna,,2476.0,2024-10-07
36,Telangana,తెలంగాణ,0.0,509,Khammam,ఖమ్మం,541.0,4758,Mudigonda,ముదిగొండ,4758.0,2024-10-07
27,Maharashtra,महाराष्ट्र,27.0,485,Nanded,नांदेड,511.0,4101,Mudkhed,मुदखेड,4101.0,2024-10-07
33,Tamil Nadu,TAMIL NADU,33.0,583,Ramanathapuram,RAMANATHAPURAM,626.0,5857,Mudukulathur,,5857.0,2024-10-07
21,Odisha,ODISHA,21.0,364,Malkangiri,MALKANGIRI,399.0,3222,Mudulipada,,3222.0,2024-10-07
22,Chhattisgarh,छत्तीसगढ़,22.0,386,Raigarh,रायगढ़,403.0,7300,Mukdega,मुकडेगा,0.0,2024-10-07
27,Maharashtra,महाराष्ट्र,27.0,473,Chandrapur,चंद्रपूर,509.0,4072,Mul,मुल,4072.0,2024-10-07
24,Gujarat,GUJARAT,24.0,460,Surendranagar,SURENDRANAGAR,475.0,3793,Muli,,3793.0,2024-10-07
28,Andhra Pradesh,ANDHRA PRADESH,28.0,747,Dr. B.R. Ambedkar Konaseema,డా బి ఆర్  అంబేడ్కర్ కోనసీమ,0.0,4932,Mummidivaram,,4932.0,2024-10-07
24,Gujarat,GUJARAT,24.0,449,Kachchh,KACHCHH,468.0,3730,Mundra,,3730.0,2024-10-07
23,Madhya Pradesh,MADHYA PRADESH,23.0,391,Ashoknagar,अशोकनगर,459.0,3688,Mungaoli,मुंगावली,3688.0,2024-10-07
19,West Bengal,WEST BENGAL,19.0,319,Murshidabad,MURSHIDABAD,333.0,2237,Murshidabad Jiaganj,,2237.0,2024-10-07
27,Maharashtra,महाराष्ट्र,27.0,467,Akola,अकोला,501.0,3992,Murtijapur,मुर्तिजापूर,3992.0,2024-10-07
21,Odisha,ODISHA,21.0,365,Mayurbhanj,MAYURBHANJ,376.0,2878,Muruda,,2878.0,2024-10-07
32,Kerala,KERALA,32.0,555,Ernakulam,എറണാകുളം,595.0,5662,Muvattupuzha,മുവ്വാറ്റുപുഴ,5662.0,2024-10-07
21,Odisha,ODISHA,21.0,364,Malkangiri,MALKANGIRI,399.0,3229,M.V. 79,,3229.0,2024-10-07
17,Meghalaya,MEGHALAYA,17.0,274,East Khasi Hills,EAST KHASI HILLS,298.0,1989,Mylliem,,1989.0,2024-10-07
29,Karnataka,ಕರ್ನಾಟಕ,29.0,545,Mysuru,ಮೈಸೂರು,577.0,5572,Mysuru,ಮೈಸೂರು,5572.0,2024-10-07
36,Telangana,తెలంగాణ,0.0,696,Suryapet,సూర్యాపేట,0.0,4641,Nadigudem,నడిగూడెం,4641.0,2024-10-07
27,Maharashtra,महाराष्ट्र,27.0,466,Ahmednagar,अहमदनगर,522.0,4209,Nagar,नगर,4209.0,2024-10-07
23,Madhya Pradesh,MADHYA PRADESH,23.0,435,Ujjain,उज्जैन,435.0,3509,Nagda,नागदा,3509.0,2024-10-07
36,Telangana,తెలంగాణ,0.0,685,Kamareddy,కామారెడ్డి,0.0,4387,Nagireddypet,నాగిరెడ్డిపెట్,4387.0,2024-10-07
19,West Bengal,WEST BENGAL,19.0,314,Jalpaiguri,JALPAIGURI,328.0,2169,Nagrakata,,2169.0,2024-10-07
1,Jammu And Kashmir,JAMMU AND KASHMIR,1.0,620,Kishtwar,,18.0,6768,Nagseni,Nagseni,0.0,2024-10-07
23,Madhya Pradesh,MADHYA PRADESH,23.0,415,Mandla,मंडला,454.0,3646,Nainpur,नैनपुर,3646.0,2024-10-07
28,Andhra Pradesh,ANDHRA PRADESH,28.0,744,Anakapalli,Anakapalli,0.0,4880,Nakkapalli,Nakkapalli,4880.0,2024-10-07
3,Punjab,PUNJAB,3.0,34,Jalandhar,JALANDHAR,37.0,210,Nakodar,,210.0,2024-10-07
19,West Bengal,WEST BENGAL,19.0,307,Birbhum,BIRBHUM,334.0,2251,Nalhati - I,,2251.0,2024-10-07
28,Andhra Pradesh,ANDHRA PRADESH,28.0,754,Sri Sathya Sai,Sri Sathya Sai,0.0,5359,Nallachervu,నల్లచెరువు,5359.0,2024-10-07
17,Meghalaya,MEGHALAYA,17.0,275,West Jaintia Hills,WEST JAINTIA HILLS,299.0,7335,Namdong,,0.0,2024-10-07
19,West Bengal,WEST BENGAL,19.0,317,Purba Medinipur,PURBA MEDINIPUR,345.0,2474,Nanda Kumar,,2474.0,2024-10-07
21,Odisha,ODISHA,21.0,363,Koraput,KORAPUT,398.0,3214,Nandapur,,3214.0,2024-10-07
28,Andhra Pradesh,ANDHRA PRADESH,28.0,519,Srikakulam,SRIKAKULAM,542.0,4782,Nandigam,,4782.0,2024-10-07
36,Telangana,తెలంగాణ,0.0,518,Ranga Reddy,రంగా రెడ్డి,537.0,6321,Nandigama,నందిగామ,0.0,2024-10-07
3,Punjab,PUNJAB,3.0,42,Rupnagar,ਰੂਪਨਗਰ,51.0,263,Nangal,ਨੰਗਲ,263.0,2024-10-07
8,Rajasthan,RAJASTHAN,8.0,97,Dausa,DAUSA,109.0,6053,Nangal Rajawatan,,0.0,2024-10-07
36,Telangana,తెలంగాణ,0.0,692,Siddipet,సిద్దిపేట,0.0,4461,Nangnoor,నంగునూరు,4461.0,2024-10-07
36,Telangana,తెలంగాణ,0.0,691,Sangareddy,సంగారెడ్డి,0.0,4452,Narayankhed,నారాయణఖేడ్,4452.0,2024-10-07
18,Assam,ASSAM,18.0,295,Lakhimpur,LAKHIMPUR,307.0,2048,Narayanpur,,2048.0,2024-10-07
36,Telangana,తెలంగాణ,0.0,697,Yadadri Bhuvanagiri,యదాద్రి భువనగిరి,0.0,4648,Narayanpur,నారాయణపూర్,4648.0,2024-10-07
8,Rajasthan,RAJASTHAN,8.0,782,Kotputli-Behror,कोटपूतली-बहरोड,,6936,Narayanpur,नारायणपुर,0.0,2024-10-07
5,Uttarakhand,UTTARAKHAND,5.0,55,Tehri Garhwal,TEHRI GARHWAL,59.0,299,Narendra Nagar,,299.0,2024-10-07
10,Bihar,BIHAR,10.0,213,Purbi Champaran,पूर्वी चंपारण,204.0,1036,Narkatia,,1036.0,2024-10-07
36,Telangana,తెలంగాణ,0.0,689,Jangoan,జనగాం,0.0,4675,Narmetta,నర్మెట్ట,4675.0,2024-10-07
10,Bihar,BIHAR,10.0,188,Araria,अररिया,209.0,1112,Narpatganj,नरपतगंज,1112.0,2024-10-07
23,Madhya Pradesh,MADHYA PRADESH,23.0,418,Narsimhapur,नरसिंहपुर,452.0,3636,Narsimhapur,नरसिम्हापुर,3636.0,2024-10-07
28,Andhra Pradesh,ANDHRA PRADESH,28.0,744,Anakapalli,Anakapalli,0.0,4854,Narsipatnam,,4854.0,2024-10-07
36,Telangana,తెలంగాణ,0.0,684,Mancherial,మంచిర్యాల్,0.0,6226,Naspur,నస్పూరు,0.0,2024-10-07
23,Madhya Pradesh,MADHYA PRADESH,23.0,437,Vidisha,विदिशा,443.0,3575,Nateran,नटेरन,3575.0,2024-10-07
10,Bihar,BIHAR,10.0,192,Bhagalpur,भागलपुर,224.0,1339,Nathnagar,नाथनगर,1339.0,2024-10-07
10,Bihar,BIHAR,10.0,216,Saharsa,सहरसा,214.0,1171,Nauhatta,नौहट्टा,1171.0,2024-10-07
10,Bihar,BIHAR,10.0,222,Siwan,सिवान,218.0,1229,Nautan,नौतन,1229.0,2024-10-07
29,Karnataka,ಕರ್ನಾಟಕ,29.0,536,Dharwad,ಧಾರವಾಡ,562.0,5474,Navalgund,ನವಲಗುಂದ,5474.0,2024-10-07
20,Jharkhand,झारखंड,20.0,338,Palamu,पलामू,358.0,2625,Nawa Bazar,,2625.0,2024-10-07
36,Telangana,తెలంగాణ,0.0,512,Mahabubnagar,మహబూబ్ నగర్,538.0,4556,Nawabpet,నవాబ్ పేట,4556.0,2024-10-07
10,Bihar,BIHAR,10.0,210,Nawada,नवादा,237.0,1512,Nawada,नवादा,1512.0,2024-10-07
22,Chhattisgarh,छत्तीसगढ़,22.0,379,Janjgir-Champa,जांजगीर - चाम्पा,405.0,3280,Nawagarh,,3280.0,2024-10-07
22,Chhattisgarh,छत्तीसगढ़,22.0,650,Bemetara,बेमेतरा,0.0,3311,Nawagarh,,3311.0,2024-10-07
10,Bihar,BIHAR,10.0,194,Buxar,बक्सर,232.0,1445,Nawanagar,नावानगर,1445.0,2024-10-07
27,Maharashtra,महाराष्ट्र,27.0,486,Nandurbar,नंदूरबार,497.0,3955,Nawapur,नवापूर,3955.0,2024-10-07
19,West Bengal,WEST BENGAL,19.0,309,Darjeeling,DARJEELING,327.0,2163,Naxalbari,,2163.0,2024-10-07
8,Rajasthan,RAJASTHAN,8.0,114,Sikar,SIKAR,111.0,7153,Nechwa,नेछवा,0.0,2024-10-07
8,Rajasthan,RAJASTHAN,8.0,782,Kotputli-Behror,कोटपूतली-बहरोड,,6380,Neemrana,नीमराणा,0.0,2024-10-07
36,Telangana,తెలంగాణ,0.0,696,Suryapet,సూర్యాపేట,0.0,4665,Nereducherla,నేరేడ్ చర్ల,4665.0,2024-10-07
27,Maharashtra,महाराष्ट्र,27.0,466,Ahmednagar,अहमदनगर,522.0,4206,Nevasa,नेवासा,4206.0,2024-10-07
15,Mizoram,MIZORAM,15.0,727,Saitual,SAITUAL,0.0,1906,Ngopa,,1906.0,2024-10-07
21,Odisha,ODISHA,21.0,350,Cuttack,CUTTACK,381.0,2967,Niali,,2967.0,2024-10-07
2,Himachal Pradesh,HIMACHAL PRADESH,2.0,19,Kinnaur,KINNAUR,34.0,198,Nichar,,198.0,2024-10-07
28,Andhra Pradesh,ANDHRA PRADESH,28.0,505,East Godavari,EAST GODAVARI,545.0,4960,Nidadavole,,4960.0,2024-10-07
21,Odisha,ODISHA,21.0,352,Dhenkanal,DHENKANAL,383.0,2992,Nihalprasad,,2992.0,2024-10-07
3,Punjab,PUNJAB,3.0,38,Moga,MOGA,42.0,231,Nihal Singhwala,,231.0,2024-10-07
33,Tamil Nadu,TAMIL NADU,33.0,572,Dindigul,DINDIGUL,612.0,5767,Nilakkottai,,5767.0,2024-10-07
32,Kerala,KERALA,32.0,562,Malappuram,മലപ്പുറം,592.0,5642,Nilambur,നിലമ്പൂര്‍,5642.0,2024-10-07
6,Haryana,HARYANA,6.0,67,Karnal,KARNAL,74.0,370,Nilokheri,,370.0,2024-10-07
8,Rajasthan,RAJASTHAN,8.0,97,Dausa,DAUSA,109.0,7211,Nirjharna,निरर्झना,0.0,2024-10-07
21,Odisha,ODISHA,21.0,350,Cuttack,CUTTACK,381.0,2958,Nischintakoili,,2958.0,2024-10-07
13,Nagaland,NAGALAND,13.0,764,Niuland,Niuland,0.0,1792,Niuland,,1792.0,2024-10-07
23,Madhya Pradesh,MADHYA PRADESH,23.0,722,Niwari,निवारी,0.0,3415,Niwari,निवाड़ी,3415.0,2024-10-07
9,Uttar Pradesh,UTTAR PRADESH,9.0,123,Azamgarh,AZAMGARH,191.0,967,Nizamabad,,967.0,2024-10-07
28,Andhra Pradesh,ANDHRA PRADESH,28.0,750,Bapatla,Bapatla,0.0,5094,Nizampatnam,,5094.0,2024-10-07
8,Rajasthan,RAJASTHAN,8.0,90,Barmer,BARMER,115.0,7132,Nokhra,नौखड़ा,0.0,2024-10-07
13,Nagaland,NAGALAND,13.0,736,Noklak,Noklak,0.0,1823,Nokhu,,1823.0,2024-10-07
18,Assam,ASSAM,18.0,291,Kamrup,KAMRUP,321.0,2126,North Guwahati,উত্তৰ গুৱাহাটী,2126.0,2024-10-07
21,Odisha,ODISHA,21.0,354,Ganjam,GANJAM,388.0,3097,Nuagaon,,3097.0,2024-10-07
10,Bihar,BIHAR,10.0,200,Kaimur (Bhabua),कैमूर ( भभुआ ),233.0,1447,Nuaon,नुआँव,1447.0,2024-10-07
5,Uttarakhand,UTTARAKHAND,5.0,51,Nainital,NAINITAL,66.0,6350,Okhalkanda,,0.0,2024-10-07
24,Gujarat,GUJARAT,24.0,674,Devbhumi Dwarka,DEVBHUMI DWARKA,0.0,3812,Okhamandal,,3812.0,2024-10-07
27,Maharashtra,महाराष्ट्र,27.0,488,Dharashiv,धाराशिव,525.0,4243,Omarga,उमरगा,4243.0,2024-10-07
19,West Bengal,WEST BENGAL,19.0,305,Bankura,BANKURA,339.0,2370,Onda,,2370.0,2024-10-07
32,Kerala,KERALA,32.0,563,Palakkad,പാലക്കാട്,593.0,5647,Ottappalam,ഒറ്റപ്പാലം,5647.0,2024-10-07
34,Puducherry,PUDUCHERRY,34.0,600,Puducherry,புதுச்சேரி,635.0,5910,Oulgaret,உழவர்கரை,5910.0,2024-10-07
28,Andhra Pradesh,ANDHRA PRADESH,28.0,752,Tirupati,Tirupati,0.0,5189,Ozili,ఓజిలి,5189.0,2024-10-07
18,Assam,ASSAM,18.0,298,Nalbari,NALBARI,323.0,2133,Pachim Nalbari,,2133.0,2024-10-07
22,Chhattisgarh,छत्तीसगढ़,22.0,375,Bilaspur,बिलासपुर,406.0,7349,Pachpedi,पचपेड़ी,0.0,2024-10-07
2,Himachal Pradesh,HIMACHAL PRADESH,2.0,22,Mandi,MANDI,27.0,123,Padhar,,123.0,2024-10-07
20,Jharkhand,झारखंड,20.0,338,Palamu,पलामू,358.0,2627,Padwa,,2627.0,2024-10-07
20,Jharkhand,झारखंड,20.0,337,Pakur,पाकुर,353.0,2576,Pakaur,,2576.0,2024-10-07
32,Kerala,KERALA,32.0,563,Palakkad,പാലക്കാട്,593.0,5649,Palakkad,പാലക്കാട്,5649.0,2024-10-07
28,Andhra Pradesh,ANDHRA PRADESH,28.0,519,Srikakulam,SRIKAKULAM,542.0,4775,Palasa,,4775.0,2024-10-07
9,Uttar Pradesh,UTTAR PRADESH,9.0,161,Lalitpur,LALITPUR,167.0,6881,Pali,,0.0,2024-10-07
12,Arunachal Pradesh,ARUNACHAL PRADESH,12.0,677,Kra Daadi,KRA DAADI,0.0,1703,Palin Circle,,1703.0,2024-10-07
20,Jharkhand,झारखंड,20.0,331,Gumla,गुमला,366.0,2717,Palkot,,2717.0,2024-10-07
1,Jammu And Kashmir,JAMMU AND KASHMIR,1.0,11,Pulwama,PULWAMA,12.0,48,Pampore,,48.0,2024-10-07
2,Himachal Pradesh,HIMACHAL PRADESH,2.0,18,Kangra,KANGRA,24.0,6899,Panchrukhi,,0.0,2024-10-07
19,West Bengal,WEST BENGAL,19.0,704,Paschim Bardhaman,PASCHIM BARDHAMAN,0.0,2273,Pandabeswar,,2273.0,2024-10-07
21,Odisha,ODISHA,21.0,361,Kendujhar,KENDUJHAR,375.0,2849,Pandapara,,2849.0,2024-10-07
10,Bihar,BIHAR,10.0,206,Madhubani,मधुबनी,207.0,1094,Pandaul,पंडौल,1094.0,2024-10-07
23,Madhya Pradesh,MADHYA PRADESH,23.0,405,Khandwa (East Nimar),खण्डवा (पूर्व निमाड़),466.0,3718,Pandhana,पंधाना,3718.0,2024-10-07
36,Telangana,తెలంగాణ,0.0,693,Wanaparthy,వనపర్తి,0.0,4601,Pangal,పాన్ గల్,4601.0,2024-10-07
12,Arunachal Pradesh,ARUNACHAL PRADESH,12.0,666,Longding,LONGDING,0.0,1692,Pangchao Sdo,,1692.0,2024-10-07
2,Himachal Pradesh,HIMACHAL PRADESH,2.0,16,Chamba,CHAMBA,23.0,83,Pangi,,83.0,2024-10-07
12,Arunachal Pradesh,ARUNACHAL PRADESH,12.0,679,Siang,,0.0,1645,Pangin Eac,,1645.0,2024-10-07
6,Haryana,HARYANA,6.0,71,Panipat,PANIPAT,75.0,375,Panipat,,375.0,2024-10-07
16,Tripura,ত্রিপুরা,16.0,270,North Tripura,উত্তর ত্রিপুরা,292.0,6678,Panisagar,পানিসাগর,0.0,2024-10-07
1,Jammu And Kashmir,JAMMU AND KASHMIR,1.0,13,Srinagar,SRINAGAR,10.0,6804,Panthachowk,Panthachowk,0.0,2024-10-07
33,Tamil Nadu,TAMIL NADU,33.0,587,The Nilgiris,THE NILGIRIS,611.0,5754,Panthalur,,5754.0,2024-10-07
27,Maharashtra,महाराष्ट्र,27.0,491,Raigad,रायगड,520.0,4173,Panvel,पनवेल,4173.0,2024-10-07
36,Telangana,తెలంగాణ,0.0,513,Medak,మెదక్,535.0,4455,Papannapet,పాపన్నపేట్,4455.0,2024-10-07
33,Tamil Nadu,TAMIL NADU,33.0,571,Dharmapuri,DHARMAPURI,630.0,5887,Pappireddipatti,,5887.0,2024-10-07
10,Bihar,BIHAR,10.0,196,Gaya,गया,236.0,1496,Paraiya,परैया,1496.0,2024-10-07
28,Andhra Pradesh,ANDHRA PRADESH,28.0,744,Anakapalli,Anakapalli,0.0,4870,Paravada,,4870.0,2024-10-07
8,Rajasthan,RAJASTHAN,8.0,768,Didwana-Kuchaman,डीडवाना-कुचामन,,564,Parbatsar,,564.0,2024-10-07
10,Bihar,BIHAR,10.0,202,Khagaria,खगड़िया,223.0,1328,Parbatta,परबत्ता,1328.0,2024-10-07
12,Arunachal Pradesh,ARUNACHAL PRADESH,12.0,235,Lower Dibang Valley,LOWER DIBANG VALLEY,258.0,6841,Parbuk Sdo,PARBUK SDO,0.0,2024-10-07
1,Jammu And Kashmir,JAMMU AND KASHMIR,1.0,5,Jammu,JAMMU,21.0,6705,Pargwal,Pargwal,0.0,2024-10-07
27,Maharashtra,महाराष्ट्र,27.0,470,Beed,बीड,523.0,4224,Parli,परळी,4224.0,2024-10-07
10,Bihar,BIHAR,10.0,213,Purbi Champaran,पूर्वी चंपारण,204.0,1053,Patahi,पताहि,1053.0,2024-10-07
22,Chhattisgarh,छत्तीसगढ़,22.0,378,Durg,दुर्ग,409.0,3318,Patan,,3318.0,2024-10-07
21,Odisha,ODISHA,21.0,361,Kendujhar,KENDUJHAR,375.0,2843,Patana,,2843.0,2024-10-07
10,Bihar,BIHAR,10.0,216,Saharsa,सहरसा,214.0,1176,Patarghat,पतरघट,1176.0,2024-10-07
3,Punjab,PUNJAB,3.0,662,Pathankot,PATHANKOT,0.0,201,Pathankot,,201.0,2024-10-07
23,Madhya Pradesh,MADHYA PRADESH,23.0,437,Vidisha,विदिशा,443.0,6971,Pathari,पठारी,0.0,2024-10-07
27,Maharashtra,महाराष्ट्र,27.0,489,Parbhani,परभणी,513.0,4120,Pathri,पाथ्री,4120.0,2024-10-07
3,Punjab,PUNJAB,3.0,41,Patiala,PATIALA,48.0,253,Patiala,,253.0,2024-10-07
21,Odisha,ODISHA,21.0,345,Balangir,BALANGIR,393.0,3144,Patnagarh,,3144.0,2024-10-07
10,Bihar,BIHAR,10.0,217,Samastipur,समस्तीपुर,221.0,1292,Patori,पतोरी,1292.0,2024-10-07
3,Punjab,PUNJAB,3.0,41,Patiala,PATIALA,48.0,251,Patran,,251.0,2024-10-07
20,Jharkhand,झारखंड,20.0,607,Ramgarh,रामगढ़,361.0,2660,Patratu,,2660.0,2024-10-07
9,Uttar Pradesh,UTTAR PRADESH,9.0,174,Pratapgarh,PRATAPGARH,173.0,883,Patti,,883.0,2024-10-07
5,Uttarakhand,UTTARAKHAND,5.0,52,Pauri Garhwal,PAURI GARHWAL,61.0,307,Pauri,,307.0,2024-10-07
23,Madhya Pradesh,MADHYA PRADESH,23.0,420,Panna,पन्ना,426.0,3440,Pawai,पवई,3440.0,2024-10-07
3,Punjab,PUNJAB,3.0,36,Ludhiana,ਲੂਿਧਆਣਾ,41.0,226,Payal,,226.0,2024-10-07
12,Arunachal Pradesh,ARUNACHAL PRADESH,12.0,241,Upper Subansiri,UPPER SUBANSIRI,249.0,1612,Payeng Circle,Payeng Circle,1612.0,2024-10-07
12,Arunachal Pradesh,ARUNACHAL PRADESH,12.0,679,Siang,,0.0,6607,Payum Circle,,0.0,2024-10-07
28,Andhra Pradesh,ANDHRA PRADESH,28.0,506,Guntur,GUNTUR,548.0,5075,Pedakakani,,5075.0,2024-10-07
28,Andhra Pradesh,ANDHRA PRADESH,28.0,746,Kakinada,Kakinada,0.0,4915,Pedapudi,,4915.0,2024-10-07
36,Telangana,తెలంగాణ,0.0,514,Nalgonda,నల్గొండ,539.0,4658,Pedda Adesherlapally,పెద్ద అడిశర్లపల్లి,4658.0,2024-10-07
28,Andhra Pradesh,ANDHRA PRADESH,28.0,511,Kurnool,KURNOOL,552.0,5253,Pedda Kadubur,,5253.0,2024-10-07
28,Andhra Pradesh,ANDHRA PRADESH,28.0,502,Ananthapuramu,అనంతపురము,553.0,5311,Peddavaduguru,Peddavaduguru,5311.0,2024-10-07
36,Telangana,తెలంగాణ,0.0,514,Nalgonda,నల్గొండ,539.0,4659,Peddavoora,పెద్దవూర,4659.0,2024-10-07
28,Andhra Pradesh,ANDHRA PRADESH,28.0,752,Tirupati,Tirupati,0.0,5195,Pellakur,,5195.0,2024-10-07
27,Maharashtra,महाराष्ट्र,27.0,491,Raigad,रायगड,520.0,4176,Pen,पेण,4176.0,2024-10-07
28,Andhra Pradesh,ANDHRA PRADESH,28.0,753,Annamayya,Annamayya,0.0,5244,Penagalur,,5244.0,2024-10-07
36,Telangana,తెలంగాణ,0.0,699,Kumuram Bheem Asifabad,కుమురం భీమ్ ఆసిఫాబాద్,0.0,6313,Penchicalpet,పెంచికల్ పేట్,0.0,2024-10-07
28,Andhra Pradesh,ANDHRA PRADESH,28.0,504,Y.S.R.,,551.0,5232,Pendlimarry,పెండ్లిమర్రి,5232.0,2024-10-07
22,Chhattisgarh,छत्तीसगढ़,22.0,734,Gaurela-Pendra-Marwahi,गौरेला-पेंड्रा-मरवाही,0.0,3287,Pendra Road,पेंड्रारोड,3287.0,2024-10-07
33,Tamil Nadu,TAMIL NADU,33.0,571,Dharmapuri,DHARMAPURI,630.0,5889,Pennagaram,,5889.0,2024-10-07
13,Nagaland,NAGALAND,13.0,613,Peren,,271.0,1857,Peren,,1857.0,2024-10-07
33,Tamil Nadu,TAMIL NADU,33.0,588,Theni,THENI,624.0,5843,Periyakulam,,5843.0,2024-10-07
33,Tamil Nadu,TAMIL NADU,33.0,573,Erode,ERODE,610.0,5752,Perundurai,,5752.0,2024-10-07
8,Rajasthan,RAJASTHAN,8.0,772,Phalodi,फलाैदी,,567,Phalodi,,567.0,2024-10-07
12,Arunachal Pradesh,ARUNACHAL PRADESH,12.0,233,Kurung Kumey,KURUNG KUMEY,256.0,1707,Phassang Circle,PHASSANG CIRCLE,1707.0,2024-10-07
3,Punjab,PUNJAB,3.0,34,Jalandhar,JALANDHAR,37.0,211,Phillaur,,211.0,2024-10-07
8,Rajasthan,RAJASTHAN,8.0,780,Shahpura,शाहपुरा,,6067,Phooliya Kalan,Phooliya Kalan,0.0,2024-10-07
13,Nagaland,NAGALAND,13.0,248,Phek,PHEK,266.0,1804,Phor,,1804.0,2024-10-07
21,Odisha,ODISHA,21.0,359,Kandhamal,KANDHAMAL,390.0,3112,Phulabani Town,,3112.0,2024-10-07
18,Assam,ASSAM,18.0,292,Karbi Anglong,KARBI ANGLONG,314.0,2090,Phuloni,,2090.0,2024-10-07
12,Arunachal Pradesh,ARUNACHAL PRADESH,12.0,725,Shi Yomi,SHI YOMI,0.0,6590,Pidi Circle,Pidi Circle,0.0,2024-10-07
28,Andhra Pradesh,ANDHRA PRADESH,28.0,751,Palnadu,Palnadu,0.0,5047,Piduguralla,,5047.0,2024-10-07
28,Andhra Pradesh,ANDHRA PRADESH,28.0,753,Annamayya,Annamayya,0.0,5386,Pileru,,5386.0,2024-10-07
23,Madhya Pradesh,MADHYA PRADESH,23.0,409,Narmadapuram,नर्मदापुरम,449.0,3618,Pipariya,पिपरिया,3618.0,2024-10-07
10,Bihar,BIHAR,10.0,211,Pashchim Champaran,पश्चिम चम्पारण,203.0,1020,Piprasi,पिपरासी,1020.0,2024-10-07
12,Arunachal Pradesh,ARUNACHAL PRADESH,12.0,677,Kra Daadi,KRA DAADI,0.0,1715,Pipsorang Circle,,1715.0,2024-10-07
29,Karnataka,ಕರ್ನಾಟಕ,29.0,545,Mysuru,ಮೈಸೂರು,577.0,5569,Piriyapatna,ಪೆರಿಯಾಪಟ್ಟಣ,5569.0,2024-10-07
23,Madhya Pradesh,MADHYA PRADESH,23.0,403,Dhar,धार,438.0,7042,Pithampur,पीतमपुर,0.0,2024-10-07
28,Andhra Pradesh,ANDHRA PRADESH,28.0,746,Kakinada,Kakinada,0.0,4911,Pithapuram,,4911.0,2024-10-07
5,Uttarakhand,UTTARAKHAND,5.0,53,Pithoragarh,PITHORAGARH,62.0,320,Pithoragarh,,320.0,2024-10-07
21,Odisha,ODISHA,21.0,364,Malkangiri,MALKANGIRI,399.0,3228,Podia,,3228.0,2024-10-07
12,Arunachal Pradesh,ARUNACHAL PRADESH,12.0,233,Kurung Kumey,KURUNG KUMEY,256.0,6845,Polosang Circle,POLOSANG CIRCLE,0.0,2024-10-07
32,Kerala,KERALA,32.0,562,Malappuram,മലപ്പുറം,592.0,5646,Ponnani,പൊന്നാനി,5646.0,2024-10-07
19,West Bengal,WEST BENGAL,19.0,317,Purba Medinipur,PURBA MEDINIPUR,345.0,2477,Potashpur - I,,2477.0,2024-10-07
20,Jharkhand,झारखंड,20.0,327,East Singhbum,पूर्वी सिंघभूम,357.0,2608,Potka,,2608.0,2024-10-07
1,Jammu And Kashmir,JAMMU AND KASHMIR,1.0,627,Reasi,REASI,20.0,6742,Pouni,Pouni,0.0,2024-10-07
10,Bihar,BIHAR,10.0,201,Katihar,कटिहार,212.0,1149,Pranpur,प्राणपुर,1149.0,2024-10-07
9,Uttar Pradesh,UTTAR PRADESH,9.0,174,Pratapgarh,PRATAPGARH,173.0,882,Pratapgarh,,882.0,2024-10-07
20,Jharkhand,झारखंड,20.0,323,Chatra,चतरा,347.0,2515,Pratappur,प्रतापपुर,2515.0,2024-10-07
7,Delhi,DELHI,7.0,78,East,EAST,93.0,441,Preet Vihar,,441.0,2024-10-07
23,Madhya Pradesh,MADHYA PRADESH,23.0,722,Niwari,निवारी,0.0,3417,Prithvipur,पृथ्वीपुर,3417.0,2024-10-07
33,Tamil Nadu,TAMIL NADU,33.0,576,Karur,KARUR,613.0,6676,Pugalur,புகளூர்,0.0,2024-10-07
28,Andhra Pradesh,ANDHRA PRADESH,28.0,753,Annamayya,Annamayya,0.0,5247,Pullampeta,,5247.0,2024-10-07
1,Jammu And Kashmir,JAMMU AND KASHMIR,1.0,11,Pulwama,PULWAMA,12.0,51,Pulwama,,51.0,2024-10-07
32,Kerala,KERALA,32.0,559,Kollam,കൊല്ലം,600.0,5947,Punalur,പുനലൂര്‍,0.0,2024-10-07
19,West Bengal,WEST BENGAL,19.0,321,Purulia,PURULIA,340.0,2388,Puncha,,2388.0,2024-10-07
21,Odisha,ODISHA,21.0,369,Puri,PURI,387.0,3070,Puri (M),,3070.0,2024-10-07
19,West Bengal,WEST BENGAL,19.0,321,Purulia,PURULIA,340.0,2387,Purulia - I,,2387.0,2024-10-07
17,Meghalaya,MEGHALAYA,17.0,274,East Khasi Hills,EAST KHASI HILLS,298.0,1995,Pynursla,,1995.0,2024-10-07
1,Jammu And Kashmir,JAMMU AND KASHMIR,1.0,622,Kulgam,KULGAM,15.0,6193,Qaimoh,,0.0,2024-10-07
36,Telangana,తెలంగాణ,0.0,700,Medchal Malkajgiri,మేడ్చల్ మల్కాజిగిరి,0.0,4518,Qutballapur,ఖుతుబుల్లాపూర్,4518.0,2024-10-07
11,Sikkim,SIKKIM,11.0,225,Gangtok,Gangtok,244.0,7177,Rabdang,Rabdang,0.0,2024-10-07
27,Maharashtra,महाराष्ट्र,27.0,480,Kolhapur,कोल्हापूर,530.0,4289,Radhanagari,राधानगरी,4289.0,2024-10-07
33,Tamil Nadu,TAMIL NADU,33.0,592,Tirunelveli,TIRUNELVELI,628.0,5880,Radhapuram,,5880.0,2024-10-07
23,Madhya Pradesh,MADHYA PRADESH,23.0,406,Guna,गुना,458.0,3679,Raghogarh,राघोगढ़,3679.0,2024-10-07
23,Madhya Pradesh,MADHYA PRADESH,23.0,426,Satna,सतना,429.0,7111,Raghurajnagar (Nagriya),रघुराजनगर (नगरीय),0.0,2024-10-07
23,Madhya Pradesh,MADHYA PRADESH,23.0,425,Sagar,सागर,427.0,3448,Rahatgarh,राहतगढ,3448.0,2024-10-07
22,Chhattisgarh,छत्तीसगढ़,22.0,386,Raigarh,रायगढ़,403.0,3267,Raigarh,रायगढ़,3267.0,2024-10-07
21,Odisha,ODISHA,21.0,366,Nabarangpur,NABARANGPUR,397.0,3187,Raighar,,3187.0,2024-10-07
8,Rajasthan,RAJASTHAN,8.0,112,Rajsamand,RAJSAMAND,123.0,644,Railmagra,,644.0,2024-10-07
19,West Bengal,WEST BENGAL,19.0,306,Purba Bardhaman,PURBA BARDHAMAN,335.0,2298,Raina - II,,2298.0,2024-10-07
8,Rajasthan,RAJASTHAN,8.0,105,Jhalawar,JHALAWAR,129.0,6925,Raipur,रायपुर,0.0,2024-10-07
28,Andhra Pradesh,ANDHRA PRADESH,28.0,505,East Godavari,EAST GODAVARI,545.0,4907,Rajamahendravaram Rural,Rajamahendravaram Rural,4907.0,2024-10-07
33,Tamil Nadu,TAMIL NADU,33.0,597,Virudhunagar,VIRUDHUNAGAR,625.0,5847,Rajapalayam,,5847.0,2024-10-07
23,Madhya Pradesh,MADHYA PRADESH,23.0,398,Chhatarpur,छ्तरपुर,425.0,3430,Rajnagar,राजनगर,3430.0,2024-10-07
19,West Bengal,WEST BENGAL,19.0,307,Birbhum,BIRBHUM,334.0,2258,Rajnagar,,2258.0,2024-10-07
28,Andhra Pradesh,ANDHRA PRADESH,28.0,751,Palnadu,Palnadu,0.0,5059,Rajupalem,,5059.0,2024-10-07
28,Andhra Pradesh,ANDHRA PRADESH,28.0,503,Chittoor,CHITTOOR,554.0,5428,Ramakuppam,,5428.0,2024-10-07
36,Telangana,తెలంగాణ,0.0,697,Yadadri Bhuvanagiri,యదాద్రి భువనగిరి,0.0,4632,Ramannapet,రామన్నపేట,4632.0,2024-10-07
36,Telangana,తెలంగాణ,0.0,513,Medak,మెదక్,535.0,4457,Ramayampet,రామాయంపేట,4457.0,2024-10-07
17,Meghalaya,MEGHALAYA,17.0,279,West Khasi Hills,WEST KHASI HILLS,296.0,7333,Rambrai,,0.0,2024-10-07
20,Jharkhand,झारखंड,20.0,338,Palamu,पलामू,358.0,6325,Ramgarh,,0.0,2024-10-07
20,Jharkhand,झारखंड,20.0,326,Dumka,दुमका,362.0,2668,Ramgarh,,2668.0,2024-10-07
20,Jharkhand,झारखंड,20.0,607,Ramgarh,रामगढ़,361.0,2662,Ramgarh,,2662.0,2024-10-07
10,Bihar,BIHAR,10.0,213,Purbi Champaran,पूर्वी चंपारण,204.0,1033,Ramgarhwa,रामगढ़वा,1033.0,2024-10-07
5,Uttarakhand,UTTARAKHAND,5.0,51,Nainital,NAINITAL,66.0,343,Ramnagar,,343.0,2024-10-07
28,Andhra Pradesh,ANDHRA PRADESH,28.0,745,Alluri Sitharama Raju,Alluri Sitharama Raju,0.0,4895,Rampachodavaram,,4895.0,2024-10-07
23,Madhya Pradesh,MADHYA PRADESH,23.0,426,Satna,सतना,429.0,3466,Rampur Baghelan,रामपुर बघेलान,3466.0,2024-10-07
19,West Bengal,WEST BENGAL,19.0,307,Birbhum,BIRBHUM,334.0,2253,Rampurhat - I,,2253.0,2024-10-07
19,West Bengal,WEST BENGAL,19.0,307,Birbhum,BIRBHUM,334.0,2254,Rampurhat - II,,2254.0,2024-10-07
23,Madhya Pradesh,MADHYA PRADESH,23.0,433,Sidhi,सीधी,462.0,3697,Rampur Naikin,रामपुर नैकिन,3697.0,2024-10-07
8,Rajasthan,RAJASTHAN,8.0,90,Barmer,BARMER,115.0,583,Ramsar,,583.0,2024-10-07
19,West Bengal,WEST BENGAL,19.0,320,Nadia,NADIA,336.0,2312,Ranaghat - I,,2312.0,2024-10-07
21,Odisha,ODISHA,21.0,367,Nayagarh,NAYAGARH,385.0,3033,Ranapur,,3033.0,2024-10-07
24,Gujarat,GUJARAT,24.0,456,Porbandar,PORBANDAR,478.0,3823,Ranavav,,3823.0,2024-10-07
35,Andaman And Nicobar Islands,ANDAMAN AND NICOBAR ISLANDS,35.0,632,North And Middle Andaman,NORTH AND MIDDLE ANDAMAN,639.0,5921,Rangat,,5921.0,2024-10-07
10,Bihar,BIHAR,10.0,188,Araria,अररिया,209.0,1115,Raniganj,रानीगंज,1115.0,2024-10-07
8,Rajasthan,RAJASTHAN,8.0,779,Sanchore,सांचौर,,591,Raniwara,,591.0,2024-10-07
24,Gujarat,GUJARAT,24.0,676,Botad,BOTAD,0.0,3785,Ranpur,,3785.0,2024-10-07
9,Uttar Pradesh,UTTAR PRADESH,9.0,156,Kanpur Dehat,KANPUR DEHAT,163.0,843,Rasulabad,,843.0,2024-10-07
23,Madhya Pradesh,MADHYA PRADESH,23.0,423,Ratlam,रतलाम,434.0,7009,Ratlam Nagar,रतलाम नगर,0.0,2024-10-07
21,Odisha,ODISHA,21.0,373,Sundargarh,SUNDARGARH,374.0,2832,Raurkela (M),,2832.0,2024-10-07
28,Andhra Pradesh,ANDHRA PRADESH,28.0,753,Annamayya,Annamayya,0.0,5239,Rayachoti,,5239.0,2024-10-07
13,Nagaland,NAGALAND,13.0,248,Phek,PHEK,266.0,1813,Razieba,,1813.0,2024-10-07
28,Andhra Pradesh,ANDHRA PRADESH,28.0,747,Dr. B.R. Ambedkar Konaseema,డా బి ఆర్  అంబేడ్కర్ కోనసీమ,0.0,4937,Razole,,4937.0,2024-10-07
36,Telangana,తెలంగాణ,0.0,687,Jayashankar Bhupalapally,జయశంకర్ భూపాలపల్లి,0.0,4690,Regonda,రేగోండ,4690.0,2024-10-07
23,Madhya Pradesh,MADHYA PRADESH,23.0,408,Harda,हरदा,448.0,3611,Rehatgaon,रहटगाँव,3611.0,2024-10-07
21,Odisha,ODISHA,21.0,344,Anugul,ANUGUL,384.0,3002,Rengali Damsite,,3002.0,2024-10-07
2,Himachal Pradesh,HIMACHAL PRADESH,2.0,22,Mandi,MANDI,27.0,6952,Rewalsar,,0.0,2024-10-07
10,Bihar,BIHAR,10.0,221,Sitamarhi,सीतामढी,206.0,1070,Riga,रिगा,1070.0,2024-10-07
8,Rajasthan,RAJASTHAN,8.0,117,Udaipur,UDAIPUR,130.0,694,Rishabhdeo,,694.0,2024-10-07
23,Madhya Pradesh,MADHYA PRADESH,23.0,413,Katni,कटनी,450.0,3621,Rithi,रीठी,3621.0,2024-10-07
10,Bihar,BIHAR,10.0,210,Nawada,नवादा,237.0,1517,Roh,रोह,1517.0,2024-10-07
10,Bihar,BIHAR,10.0,215,Rohtas,रोहतास,234.0,1475,Rohtas,रोहतास,1475.0,2024-10-07
28,Andhra Pradesh,ANDHRA PRADESH,28.0,754,Sri Sathya Sai,Sri Sathya Sai,0.0,5353,Rolla,,5353.0,2024-10-07
23,Madhya Pradesh,MADHYA PRADESH,23.0,395,Bhind,भिण्ड,420.0,3396,Ron,रॉन,3396.0,2024-10-07
29,Karnataka,ಕರ್ನಾಟಕ,29.0,537,Gadag,ಗದಗ,561.0,5469,Ron,ರೋಣ,5469.0,2024-10-07
17,Meghalaya,MEGHALAYA,17.0,277,South Garo Hills,SOUTH GARO HILLS,295.0,1978,Rongara,,1978.0,2024-10-07
2,Himachal Pradesh,HIMACHAL PRADESH,2.0,24,Sirmaur,SIRMAUR,32.0,176,Ronhat,,176.0,2024-10-07
10,Bihar,BIHAR,10.0,217,Samastipur,समस्तीपुर,221.0,1300,Rosera,रोसरा,1300.0,2024-10-07
8,Rajasthan,RAJASTHAN,8.0,91,Bharatpur,BHARATPUR,105.0,7389,Rudawal,रूदावल,0.0,2024-10-07
28,Andhra Pradesh,ANDHRA PRADESH,28.0,755,Nandyal,Nandyal,0.0,5297,Rudravaram,,5297.0,2024-10-07
21,Odisha,ODISHA,21.0,361,Kendujhar,KENDUJHAR,375.0,2836,Rugudi,,2836.0,2024-10-07
12,Arunachal Pradesh,ARUNACHAL PRADESH,12.0,242,West Kameng,WEST KAMENG,246.0,6560,Rupa Sdo,Rupa SDO,0.0,2024-10-07
28,Andhra Pradesh,ANDHRA PRADESH,28.0,744,Anakapalli,Anakapalli,0.0,4861,Sabbavaram,,4861.0,2024-10-07
8,Rajasthan,RAJASTHAN,8.0,99,Dungarpur,DUNGARPUR,124.0,6062,Sabla,Sabla,0.0,2024-10-07
16,Tripura,ত্রিপুরা,16.0,271,South Tripura,দক্ষিন ত্রিপুরা,290.0,6688,Sabroom,সাৱ্রুম,0.0,2024-10-07
21,Odisha,ODISHA,21.0,369,Puri,PURI,387.0,3066,Sadar,,3066.0,2024-10-07
18,Assam,ASSAM,18.0,302,Tinsukia,TINSUKIA,309.0,2059,Sadiya,,2059.0,2024-10-07
23,Madhya Pradesh,MADHYA PRADESH,23.0,425,Sagar,सागर,427.0,3449,Sagar,सागर,3449.0,2024-10-07
8,Rajasthan,RAJASTHAN,8.0,99,Dungarpur,DUNGARPUR,124.0,648,Sagwara,,648.0,2024-10-07
14,Manipur,MANIPUR,14.0,717,Kamjong,,0.0,6499,Sahamphung,,0.0,2024-10-07
9,Uttar Pradesh,UTTAR PRADESH,9.0,133,Budaun,BUDAUN,149.0,781,Sahaswan,,781.0,2024-10-07
9,Uttar Pradesh,UTTAR PRADESH,9.0,633,Kasganj,Kasganj,202.0,1011,Sahawar,,1011.0,2024-10-07
10,Bihar,BIHAR,10.0,208,Muzaffarpur,मुजफ्फरपुर,216.0,1199,Sahebganj,साहेबगंज,1199.0,2024-10-07
10,Bihar,BIHAR,10.0,191,Begusarai,बेगूसराय,222.0,1318,Sahebpur Kamal,साहेबपुर कमाल,1318.0,2024-10-07
9,Uttar Pradesh,UTTAR PRADESH,9.0,146,Ghazipur,GHAZIPUR,195.0,988,Saidpur,,988.0,2024-10-07
19,West Bengal,WEST BENGAL,19.0,307,Birbhum,BIRBHUM,334.0,2261,Sainthia,,2261.0,2024-10-07
9,Uttar Pradesh,UTTAR PRADESH,9.0,135,Chandauli,CHANDAULI,196.0,992,Sakaldiha,,992.0,2024-10-07
7,Delhi,DELHI,7.0,83,South,SOUTH,98.0,6079,Saket,,0.0,2024-10-07
29,Karnataka,ಕರ್ನಾಟಕ,29.0,539,Hassan,ಹಾಸನ,574.0,5553,Sakleshpur,ಸಕಲೇಶಪುರ,5553.0,2024-10-07
10,Bihar,BIHAR,10.0,208,Muzaffarpur,मुजफ्फरपुर,216.0,1214,Sakra,सकरा,1214.0,2024-10-07
27,Maharashtra,महाराष्ट्र,27.0,474,Dhule,धुळे,498.0,3958,Sakri,साक्री,3958.0,2024-10-07
33,Tamil Nadu,TAMIL NADU,33.0,584,Salem,SALEM,608.0,5970,Salem South,,0.0,2024-10-07
10,Bihar,BIHAR,10.0,216,Saharsa,सहरसा,214.0,1179,Salkhua,सलखुआ,1179.0,2024-10-07
19,West Bengal,WEST BENGAL,19.0,305,Bankura,BANKURA,339.0,2356,Saltora,,2356.0,2024-10-07
28,Andhra Pradesh,ANDHRA PRADESH,28.0,746,Kakinada,Kakinada,0.0,4910,Samalkota,,4910.0,2024-10-07
6,Haryana,HARYANA,6.0,73,Rohtak,ROHTAK,82.0,406,Sampla,,406.0,2024-10-07
22,Chhattisgarh,छत्तीसगढ़,22.0,649,Balrampur-Ramanujganj,बलरामपुर-रामानुजगंज,0.0,7242,Samri,SAMRI,0.0,2024-10-07
27,Maharashtra,महाराष्ट्र,27.0,498,Wardha,वर्धा,504.0,4022,Samudrapur,समुद्रपूर,4022.0,2024-10-07
23,Madhya Pradesh,MADHYA PRADESH,23.0,414,Khargone (West Nimar),खरगोन (पश्चिम निमाड़),440.0,6997,Sanawad,सनावद,0.0,2024-10-07
19,West Bengal,WEST BENGAL,19.0,303,North 24 Parganas,NORTH TWENTY FOUR PARGANAS,337.0,2335,Sandeshkhali - II,,2335.0,2024-10-07
27,Maharashtra,महाराष्ट्र,27.0,492,Ratnagiri,रत्नागिरी,528.0,4272,Sangameshwar,संगमेश्वर,4272.0,2024-10-07
2,Himachal Pradesh,HIMACHAL PRADESH,2.0,19,Kinnaur,KINNAUR,34.0,199,Sangla,,199.0,2024-10-07
27,Maharashtra,महाराष्ट्र,27.0,472,Buldhana,बुलढाणा,500.0,3976,Sangrampur,संग्रामपूर,3976.0,2024-10-07
12,Arunachal Pradesh,ARUNACHAL PRADESH,12.0,233,Kurung Kumey,KURUNG KUMEY,256.0,1705,Sangram Sdo,SANGRAM SDO,1705.0,2024-10-07
13,Nagaland,NAGALAND,13.0,249,Tuensang,TUENSANG,267.0,1819,Sangsangnyu,,1819.0,2024-10-07
30,Goa,GOA,30.0,552,South Goa,SOUTH GOA,586.0,5618,Sanguem,,5618.0,2024-10-07
28,Andhra Pradesh,ANDHRA PRADESH,28.0,755,Nandyal,Nandyal,0.0,5300,Sanjamala,,5300.0,2024-10-07
10,Bihar,BIHAR,10.0,215,Rohtas,रोहतास,234.0,1465,Sanjhauli,संझौली,1465.0,2024-10-07
8,Rajasthan,RAJASTHAN,8.0,110,Nagaur,NAGAUR,112.0,7149,Sanjhu,सांजू,0.0,2024-10-07
33,Tamil Nadu,TAMIL NADU,33.0,733,Tenkasi,தென்காசி,0.0,5871,Sankarankoil,,5871.0,2024-10-07
22,Chhattisgarh,छत्तीसगढ़,22.0,375,Bilaspur,बिलासपुर,406.0,7235,Sankari,संकरी,0.0,2024-10-07
28,Andhra Pradesh,ANDHRA PRADESH,28.0,517,Prakasam,PRAKASAM,549.0,5138,Santhanuthala Padu,,5138.0,2024-10-07
19,West Bengal,WEST BENGAL,19.0,320,Nadia,NADIA,336.0,2311,Santipur,,2311.0,2024-10-07
18,Assam,ASSAM,18.0,708,Charaideo,,0.0,7054,Sapekhati,,0.0,2024-10-07
8,Rajasthan,RAJASTHAN,8.0,108,Karauli,KARAULI,107.0,525,Sapotra,,525.0,2024-10-07
22,Chhattisgarh,छत्तीसगढ़,22.0,379,Janjgir-Champa,जांजगीर - चाम्पा,405.0,7274,Saragaon,सारागाँव,0.0,2024-10-07
23,Madhya Pradesh,MADHYA PRADESH,23.0,638,Singrauli,सिंगरौली,463.0,6986,Sarai,सरई,0.0,2024-10-07
10,Bihar,BIHAR,10.0,217,Samastipur,समस्तीपुर,221.0,1295,Sarairanjan,सरायरंजन,1295.0,2024-10-07
10,Bihar,BIHAR,10.0,208,Muzaffarpur,मुजफ्फरपुर,216.0,1202,Saraiya,सरैया,1202.0,2024-10-07
36,Telangana,తెలంగాణ,0.0,680,Nirmal,నిర్మల్,0.0,4336,Sarangapur,సారంగపూర్,4336.0,2024-10-07
23,Madhya Pradesh,MADHYA PRADESH,23.0,422,Rajgarh,राजगढ़,442.0,3567,Sarangpur,सारंगपुर,3567.0,2024-10-07
23,Madhya Pradesh,MADHYA PRADESH,23.0,403,Dhar,धार,438.0,3533,Sardarpur,सरदारपुर,3533.0,2024-10-07
8,Rajasthan,RAJASTHAN,8.0,96,Churu,CHURU,102.0,483,Sardarshahar,,483.0,2024-10-07
8,Rajasthan,RAJASTHAN,8.0,98,Dholpur,DHOLPUR,106.0,6389,Sarmathura,सर्माथुरा,0.0,2024-10-07
37,Ladakh,Ladakh,0.0,9,Leh Ladakh,LEH LADAKH,3.0,7160,Saspol,Saspol,0.0,2024-10-07
23,Madhya Pradesh,MADHYA PRADESH,23.0,398,Chhatarpur,छ्तरपुर,425.0,7397,Satai,सटई,0.0,2024-10-07
10,Bihar,BIHAR,10.0,216,Saharsa,सहरसा,214.0,1172,Satar Kataiya,सत्‍तरकटैया,1172.0,2024-10-07
28,Andhra Pradesh,ANDHRA PRADESH,28.0,752,Tirupati,Tirupati,0.0,5402,Satyavedu,,5402.0,2024-10-07
12,Arunachal Pradesh,ARUNACHAL PRADESH,12.0,231,East Kameng,EAST KAMENG,247.0,1591,Sawa Circle,,1591.0,2024-10-07
8,Rajasthan,RAJASTHAN,8.0,781,Kekri,केकड़ी,,6660,Sawar,Sawar,0.0,2024-10-07
13,Nagaland,NAGALAND,13.0,245,Kohima,KOHIMA,270.0,1850,Sechu-Zubza,,1850.0,2024-10-07
28,Andhra Pradesh,ANDHRA PRADESH,28.0,743,Parvathipuram Manyam,Parvathipuram Manyam,0.0,4770,Seethampeta,,4770.0,2024-10-07
12,Arunachal Pradesh,ARUNACHAL PRADESH,12.0,241,Upper Subansiri,UPPER SUBANSIRI,249.0,6553,Segi Gusar Circle,Segi Gusar Circle,0.0,2024-10-07
23,Madhya Pradesh,MADHYA PRADESH,23.0,427,Sehore,सीहोर,445.0,3582,Sehore,सीहोर,3582.0,2024-10-07
23,Madhya Pradesh,MADHYA PRADESH,23.0,427,Sehore,सीहोर,445.0,7008,Sehore Nagar,सीहोर नगर,0.0,2024-10-07
17,Meghalaya,MEGHALAYA,17.0,278,West Garo Hills,WEST GARO HILLS,293.0,1962,Selsella,,1962.0,2024-10-07
27,Maharashtra,महाराष्ट्र,27.0,489,Parbhani,परभणी,513.0,4116,Selu,सेलू,4116.0,2024-10-07
23,Madhya Pradesh,MADHYA PRADESH,23.0,424,Rewa,रीवा,430.0,3475,Semaria,सेमरिया,3475.0,2024-10-07
33,Tamil Nadu,TAMIL NADU,33.0,580,Namakkal,NAMAKKAL,609.0,6632,Sendamangalam,சேந்தமங்கலம்,0.0,2024-10-07
33,Tamil Nadu,TAMIL NADU,33.0,610,Ariyalur,அரியலூர்,616.0,5785,Sendurai,செந்துறை,5785.0,2024-10-07
27,Maharashtra,महाराष्ट्र,27.0,477,Hingoli,हिंगोली,512.0,4111,Sengaon,सेनगाव,4111.0,2024-10-07
23,Madhya Pradesh,MADHYA PRADESH,23.0,409,Narmadapuram,नर्मदापुरम,449.0,3612,Seoni Malwa,सिवनी मालवा,3612.0,2024-10-07
8,Rajasthan,RAJASTHAN,8.0,98,Dholpur,DHOLPUR,106.0,517,Sepau,,517.0,2024-10-07
28,Andhra Pradesh,ANDHRA PRADESH,28.0,502,Ananthapuramu,అనంతపురము,553.0,5332,Settur,,5332.0,2024-10-07
36,Telangana,తెలంగాణ,0.0,518,Ranga Reddy,రంగా రెడ్డి,537.0,4542,Shabad,షాబాద్,4542.0,2024-10-07
27,Maharashtra,महाराष्ट्र,27.0,486,Nandurbar,नंदूरबार,497.0,3953,Shahade,शहादा,3953.0,2024-10-07
10,Bihar,BIHAR,10.0,192,Bhagalpur,भागलपुर,224.0,1341,Shahkund,शाहकुण्‍ड,1341.0,2024-10-07
29,Karnataka,ಕರ್ನಾಟಕ,29.0,635,Yadgir,ಯಾದಗಿರಿ,580.0,5588,Shahpur,ಶಾಹಪುರ,5588.0,2024-10-07
37,Ladakh,Ladakh,0.0,6,Kargil,KARGIL,4.0,6192,Shakar Chiktan,Shakar Chiktan,0.0,2024-10-07
17,Meghalaya,MEGHALAYA,17.0,279,West Khasi Hills,WEST KHASI HILLS,296.0,7338,Shallang,,0.0,2024-10-07
5,Uttarakhand,UTTARAKHAND,5.0,46,Bageshwar,BAGESHWAR,63.0,6367,Shama,,0.0,2024-10-07
9,Uttar Pradesh,UTTAR PRADESH,9.0,660,Shamli,SHAMLI,0.0,707,Shamli,,707.0,2024-10-07
24,Gujarat,GUJARAT,24.0,454,Panch Mahals,PANCH MAHALS,484.0,3883,Shehera,,3883.0,2024-10-07
10,Bihar,BIHAR,10.0,219,Sheikhpura,शेखपुरा,228.0,1374,Sheikhpura,शेखपुरा,1374.0,2024-10-07
33,Tamil Nadu,TAMIL NADU,33.0,733,Tenkasi,தென்காசி,0.0,5874,Shenkottai,,5874.0,2024-10-07
37,Ladakh,Ladakh,0.0,6,Kargil,KARGIL,4.0,7305,Shergole,Shergole,0.0,2024-10-07
27,Maharashtra,महाराष्ट्र,27.0,480,Kolhapur,कोल्हापूर,530.0,4286,Shirol,शिरोळ,4286.0,2024-10-07
27,Maharashtra,महाराष्ट्र,27.0,474,Dhule,धुळे,498.0,3956,Shirpur,शिरपूर,3956.0,2024-10-07
29,Karnataka,ಕರ್ನಾಟಕ,29.0,547,Shivamogga,ಶಿವಮೊಗ್ಗ,568.0,5520,Shivamogga,ಶಿವಮೊಗ್ಗ,5520.0,2024-10-07
33,Tamil Nadu,TAMIL NADU,33.0,577,Krishnagiri,KRISHNAGIRI,631.0,6641,Shoolagiri,சூளகிரி,0.0,2024-10-07
8,Rajasthan,RAJASTHAN,8.0,108,Karauli,KARAULI,107.0,7148,Shrimahaveer Ji,श्रीमहावीर जी,0.0,2024-10-07
23,Madhya Pradesh,MADHYA PRADESH,23.0,430,Shajapur,शाजापुर,436.0,3522,Shujalpur,शुजालपुर,3522.0,2024-10-07
9,Uttar Pradesh,UTTAR PRADESH,9.0,134,Bulandshahr,BULANDSHAHR,142.0,747,Siana,,747.0,2024-10-07
36,Telangana,తెలంగాణ,0.0,692,Siddipet,సిద్దిపేట,0.0,6281,Siddipet Rural,సిద్దిపేట (రూరల్),0.0,2024-10-07
36,Telangana,తెలంగాణ,0.0,692,Siddipet,సిద్దిపేట,0.0,4459,Siddipet Urban,సిద్దిపేట (అర్బన్),4459.0,2024-10-07
23,Madhya Pradesh,MADHYA PRADESH,23.0,411,Jabalpur,जबलपुर,451.0,3627,Sihora,सिहोरा,3627.0,2024-10-07
9,Uttar Pradesh,UTTAR PRADESH,9.0,126,Ballia,BALLIA,193.0,976,Sikanderpur,,976.0,2024-10-07
10,Bihar,BIHAR,10.0,211,Pashchim Champaran,पश्चिम चम्पारण,203.0,1026,Sikta,सिकटा,1026.0,2024-10-07
10,Bihar,BIHAR,10.0,188,Araria,अररिया,209.0,1118,Sikti,सिकटी,1118.0,2024-10-07
10,Bihar,BIHAR,10.0,209,Nalanda,नालंदा,229.0,1395,Silao,सिलाव,1395.0,2024-10-07
27,Maharashtra,महाराष्ट्र,27.0,469,Chhatrapati Sambhajinagar,छत्रपती संभाजीनगर,515.0,4135,Sillod,सिल्लोड,4135.0,2024-10-07
12,Arunachal Pradesh,ARUNACHAL PRADESH,12.0,237,Papum Pare,PAPUM PARE,248.0,6843,Silsango Circle,SILSANGO CIRCLE,0.0,2024-10-07
10,Bihar,BIHAR,10.0,216,Saharsa,सहरसा,214.0,1178,Simri Bakhtiarpur,सिमरीबख्तियारपुर,1178.0,2024-10-07
21,Odisha,ODISHA,21.0,368,Nuapada,NUAPADA,394.0,3158,Sinapali,,3158.0,2024-10-07
29,Karnataka,ಕರ್ನಾಟಕ,29.0,530,Vijayapura,ವಿಜಯಾಪುರ,557.0,5451,Sindgi,ಸಿಂದಗಿ,5451.0,2024-10-07
8,Rajasthan,RAJASTHAN,8.0,775,Balotra,बालोतरा,,6052,Sindhari,,0.0,2024-10-07
27,Maharashtra,महाराष्ट्र,27.0,474,Dhule,धुळे,498.0,3957,Sindkhede,सिंदखेडे,3957.0,2024-10-07
33,Tamil Nadu,TAMIL NADU,33.0,585,Sivaganga,SIVAGANGA,622.0,5995,Singampunari,சிங்கம்புணரி,0.0,2024-10-07
10,Bihar,BIHAR,10.0,217,Samastipur,समस्तीपुर,221.0,1301,Singhia,सिंघिया,1301.0,2024-10-07
24,Gujarat,GUJARAT,24.0,445,Dahod,DAHOD,485.0,6480,Singvad,Singvad,0.0,2024-10-07
29,Karnataka,ಕರ್ನಾಟಕ,29.0,548,Tumakuru,ತುಮಕೂರು,571.0,5533,Sira,ಸಿರಾ,5533.0,2024-10-07
9,Uttar Pradesh,UTTAR PRADESH,9.0,158,Kaushambi,KAUSHAMBI,174.0,885,Sirathu,,885.0,2024-10-07
36,Telangana,తెలంగాణ,0.0,683,Rajanna Sircilla,రాజన్న సిరిసిల్ల,0.0,4435,Sircilla,సిరిసిల్ల,4435.0,2024-10-07
23,Madhya Pradesh,MADHYA PRADESH,23.0,437,Vidisha,विदिशा,443.0,3571,Sironj,सिरोंज,3571.0,2024-10-07
28,Andhra Pradesh,ANDHRA PRADESH,28.0,755,Nandyal,Nandyal,0.0,5286,Sirvel,,5286.0,2024-10-07
29,Karnataka,ಕರ್ನಾಟಕ,29.0,546,Raichur,ರಾಯಚೂರು,559.0,7097,Sirwar,,0.0,2024-10-07
23,Madhya Pradesh,MADHYA PRADESH,23.0,416,Mandsaur,मन्दसौर,433.0,3498,Sitamau,सीतामऊ,3498.0,2024-10-07
33,Tamil Nadu,TAMIL NADU,33.0,597,Virudhunagar,VIRUDHUNAGAR,625.0,5849,Sivakasi,,5849.0,2024-10-07
28,Andhra Pradesh,ANDHRA PRADESH,28.0,504,Y.S.R.,,551.0,5204,S.Mydukur,,5204.0,2024-10-07
28,Andhra Pradesh,ANDHRA PRADESH,28.0,503,Chittoor,CHITTOOR,554.0,5394,Sodam,,5394.0,2024-10-07
23,Madhya Pradesh,MADHYA PRADESH,23.0,429,Shahdol,शहडोल,460.0,3691,Sohagpur,सोहागपुर,3691.0,2024-10-07
17,Meghalaya,MEGHALAYA,17.0,274,East Khasi Hills,EAST KHASI HILLS,298.0,6542,Sohiong,,0.0,2024-10-07
6,Haryana,HARYANA,6.0,62,Gurugram,GURUGRAM,86.0,420,Sohna,,420.0,2024-10-07
20,Jharkhand,झारखंड,20.0,339,Ranchi,रांची,364.0,2689,Sonahatu,,2689.0,2024-10-07
22,Chhattisgarh,छत्तीसगढ़,22.0,644,Balodabazar-Bhatapara,बलौदाबाजार-भाटापारा,0.0,7296,Sonakhan,सोनाखान,0.0,2024-10-07
19,West Bengal,WEST BENGAL,19.0,305,Bankura,BANKURA,339.0,2364,Sonamukhi,,2364.0,2024-10-07
18,Assam,ASSAM,18.0,618,Kamrup Metro,KAMRUP MOHANAGAR,322.0,2130,Sonapur,,2130.0,2024-10-07
18,Assam,ASSAM,18.0,708,Charaideo,,0.0,2074,Sonari,,2074.0,2024-10-07
24,Gujarat,GUJARAT,24.0,641,Tapi,,493.0,3944,Songadh,,3944.0,2024-10-07
21,Odisha,ODISHA,21.0,346,Baleshwar,BALESHWAR,377.0,2907,Soro,,2907.0,2024-10-07
33,Tamil Nadu,TAMIL NADU,33.0,594,Thoothukkudi,Thoothukkudi,627.0,5867,Srivaikuntam,,5867.0,2024-10-07
8,Rajasthan,RAJASTHAN,8.0,629,Pratapgarh,PRATAPGARH,131.0,7150,Suhagpura,सुहागपुरा,0.0,2024-10-07
8,Rajasthan,RAJASTHAN,8.0,96,Churu,CHURU,102.0,486,Sujangarh,,486.0,2024-10-07
23,Madhya Pradesh,MADHYA PRADESH,23.0,421,Raisen,रायसेन,446.0,6532,Sultanpur,सुल्तानपुर,0.0,2024-10-07
36,Telangana,తెలంగాణ,0.0,682,Peddapalli,పెద్దపల్లి,0.0,4425,Sulthanabad,సుల్తానాబాద్,4425.0,2024-10-07
33,Tamil Nadu,TAMIL NADU,33.0,569,Coimbatore,COIMBATORE,632.0,5896,Sulur,,5896.0,2024-10-07
37,Ladakh,Ladakh,0.0,9,Leh Ladakh,LEH LADAKH,3.0,11,Sumoor,Sumoor,11.0,2024-10-07
10,Bihar,BIHAR,10.0,223,Supaul,सुपौल,208.0,1109,Supaul,सुपौल,1109.0,2024-10-07
22,Chhattisgarh,छत्तीसगढ़,22.0,648,Surajpur,सूरजपुर,0.0,3242,Surajpur,सूरजपुर,3242.0,2024-10-07
10,Bihar,BIHAR,10.0,221,Sitamarhi,सीतामढी,206.0,1068,Sursand,सुरसंड,1068.0,2024-10-07
24,Gujarat,GUJARAT,24.0,675,Gir Somnath,GIR SOMNATH,0.0,3836,Sutrapada,,3836.0,2024-10-07
5,Uttarakhand,UTTARAKHAND,5.0,45,Almora,ALMORA,64.0,6330,Syalde,,0.0,2024-10-07
28,Andhra Pradesh,ANDHRA PRADESH,28.0,506,Guntur,GUNTUR,548.0,5056,Tadikonda,,5056.0,2024-10-07
28,Andhra Pradesh,ANDHRA PRADESH,28.0,502,Ananthapuramu,అనంతపురము,553.0,5313,Tadipatri,Tadipatri,5313.0,2024-10-07
37,Ladakh,Ladakh,0.0,6,Kargil,KARGIL,4.0,7306,Taisuru,Taisuru,0.0,2024-10-07
9,Uttar Pradesh,UTTAR PRADESH,9.0,139,Etawah,ETAWAH,161.0,6158,Takha,,0.0,2024-10-07
2,Himachal Pradesh,HIMACHAL PRADESH,2.0,23,Shimla,SHIMLA,33.0,6963,Taklech,,0.0,2024-10-07
32,Kerala,KERALA,32.0,566,Thrissur,തൃശ്ശൂര്‍,594.0,5652,Talappilly,തലപ്പിള്ളി,5652.0,2024-10-07
8,Rajasthan,RAJASTHAN,8.0,771,Gangapurcity,गंगापुरसिटी,,7225,Talawara,तलावड़ा,0.0,2024-10-07
29,Karnataka,ಕರ್ನಾಟಕ,29.0,530,Vijayapura,ವಿಜಯಾಪುರ,557.0,7073,Talikoti,,0.0,2024-10-07
24,Gujarat,GUJARAT,24.0,458,Sabar Kantha,SABAR KANTHA,472.0,3768,Talod,,3768.0,2024-10-07
27,Maharashtra,महाराष्ट्र,27.0,486,Nandurbar,नंदूरबार,497.0,3952,Talode,तलोदा,3952.0,2024-10-07
28,Andhra Pradesh,ANDHRA PRADESH,28.0,754,Sri Sathya Sai,Sri Sathya Sai,0.0,5340,Talupula,,5340.0,2024-10-07
14,Manipur,MANIPUR,14.0,258,Tamenglong,TAMENGLONG,273.0,1864,Tamenglong West,,1864.0,2024-10-07
23,Madhya Pradesh,MADHYA PRADESH,23.0,399,Chhindwara,छिन्दवाड़ा,455.0,3647,Tamia,तामिया,3647.0,2024-10-07
21,Odisha,ODISHA,21.0,373,Sundargarh,SUNDARGARH,374.0,2822,Tangarapali,,2822.0,2024-10-07
10,Bihar,BIHAR,10.0,196,Gaya,गया,236.0,1506,Tan Kuppa,टनकुप्पा,1506.0,2024-10-07
6,Haryana,HARYANA,6.0,604,Nuh,नूँह,87.0,421,Taoru,,421.0,2024-10-07
12,Arunachal Pradesh,ARUNACHAL PRADESH,12.0,677,Kra Daadi,KRA DAADI,0.0,1711,Tarak Lengdi Cicle,,1711.0,2024-10-07
23,Madhya Pradesh,MADHYA PRADESH,23.0,435,Ujjain,उज्जैन,435.0,3512,Tarana,तराना,3512.0,2024-10-07
21,Odisha,ODISHA,21.0,354,Ganjam,GANJAM,388.0,3071,Tarasingi,,3071.0,2024-10-07
20,Jharkhand,झारखंड,20.0,338,Palamu,पलामू,358.0,2629,Tarhasi,,2629.0,2024-10-07
29,Karnataka,ಕರ್ನಾಟಕ,29.0,532,Chikkamagaluru,ಚಿಕ್ಕಮಗಳೂರು,570.0,5528,Tarikere,ತರಿಕೆರೆ,5528.0,2024-10-07
1,Jammu And Kashmir,JAMMU AND KASHMIR,1.0,12,Rajouri,RAJOURI,6.0,6775,Taryath,Taryath,0.0,2024-10-07
27,Maharashtra,महाराष्ट्र,27.0,493,Sangli,सांगली,531.0,4301,Tasgaon,तासगाव,4301.0,2024-10-07
8,Rajasthan,RAJASTHAN,8.0,774,Beawar,ब्‍यावर,,6656,Tatgarh,Tatgarh,0.0,2024-10-07
12,Arunachal Pradesh,ARUNACHAL PRADESH,12.0,725,Shi Yomi,SHI YOMI,0.0,6589,Tato Eac,Tato,0.0,2024-10-07
12,Arunachal Pradesh,ARUNACHAL PRADESH,12.0,238,Tawang,TAWANG,245.0,1559,Tawang Hq,TAWANG HQ,1559.0,2024-10-07
8,Rajasthan,RAJASTHAN,8.0,87,Alwar,ALWAR,104.0,7113,Tehla,टहला,0.0,2024-10-07
5,Uttarakhand,UTTARAKHAND,5.0,55,Tehri Garhwal,TEHRI GARHWAL,59.0,297,Tehri,,297.0,2024-10-07
13,Nagaland,NAGALAND,13.0,613,Peren,,271.0,1856,Tening,,1856.0,2024-10-07
18,Assam,ASSAM,18.0,290,Jorhat,JORHAT,312.0,2079,Teok,,2079.0,2024-10-07
10,Bihar,BIHAR,10.0,207,Munger,मुंगेर,226.0,1363,Tetiha Bambor,टेटियाबमबर,1363.0,2024-10-07
5,Uttarakhand,UTTARAKHAND,5.0,52,Pauri Garhwal,PAURI GARHWAL,61.0,308,Thailisain,,308.0,2024-10-07
1,Jammu And Kashmir,JAMMU AND KASHMIR,1.0,627,Reasi,REASI,20.0,6745,Thakrakote,Thakrakote,0.0,2024-10-07
2,Himachal Pradesh,HIMACHAL PRADESH,2.0,18,Kangra,KANGRA,24.0,7289,Thakurdwara,,0.0,2024-10-07
9,Uttar Pradesh,UTTAR PRADESH,9.0,171,Moradabad,MORADABAD,135.0,717,Thakurdwara,,717.0,2024-10-07
10,Bihar,BIHAR,10.0,203,Kishanganj,किशनगंज,210.0,1123,Thakurganj,ठाकुरगंज,1123.0,2024-10-07
21,Odisha,ODISHA,21.0,344,Anugul,ANUGUL,384.0,3019,Thakurgarh,,3019.0,2024-10-07
23,Madhya Pradesh,MADHYA PRADESH,23.0,412,Jhabua,झाबुआ,464.0,3706,Thandla,थांदला,3706.0,2024-10-07
36,Telangana,తెలంగాణ,0.0,683,Rajanna Sircilla,రాజన్న సిరిసిల్ల,0.0,6217,Thangallapalli,తంగళ్ల పల్లి,0.0,2024-10-07
33,Tamil Nadu,TAMIL NADU,33.0,586,Thanjavur,THANJAVUR,620.0,5814,Thanjavur,,5814.0,2024-10-07
14,Manipur,MANIPUR,14.0,715,Pherzawl,,0.0,1869,Thanlon,,1869.0,2024-10-07
10,Bihar,BIHAR,10.0,197,Gopalganj,गोपालगंज,217.0,1223,Thawe,थावे,1223.0,2024-10-07
15,Mizoram,MIZORAM,15.0,261,Aizawl,AIZAWL,283.0,1905,Thingsulthliah,,1905.0,2024-10-07
33,Tamil Nadu,TAMIL NADU,33.0,578,Madurai,MADURAI,623.0,5962,Thirupparankundram,,0.0,2024-10-07
33,Tamil Nadu,TAMIL NADU,33.0,585,Sivaganga,SIVAGANGA,622.0,5965,Thiruppuvanam,திருப்புவனம்,0.0,2024-10-07
28,Andhra Pradesh,ANDHRA PRADESH,28.0,746,Kakinada,Kakinada,0.0,4901,Thondangi,,4901.0,2024-10-07
28,Andhra Pradesh,ANDHRA PRADESH,28.0,752,Tirupati,Tirupati,0.0,5379,Thottambedu,,5379.0,2024-10-07
2,Himachal Pradesh,HIMACHAL PRADESH,2.0,23,Shimla,SHIMLA,33.0,190,Tikar,,190.0,2024-10-07
12,Arunachal Pradesh,ARUNACHAL PRADESH,12.0,235,Lower Dibang Valley,LOWER DIBANG VALLEY,258.0,1726,Tinali Paglam Circle,,1726.0,2024-10-07
12,Arunachal Pradesh,ARUNACHAL PRADESH,12.0,724,Leparada,LEPARADA,0.0,1635,Tirbin Eac,,1635.0,2024-10-07
27,Maharashtra,महाराष्ट्र,27.0,476,Gondia,गोंदीया,507.0,4044,Tirora,तिरोडा,4044.0,2024-10-07
33,Tamil Nadu,TAMIL NADU,33.0,591,Tiruchirappalli,TIRUCHIRAPPALLI,614.0,5779,Tiruchirappalli West,திருச்சிராப்பள்ளி மேற்கு,5779.0,2024-10-07
33,Tamil Nadu,TAMIL NADU,33.0,730,Chengalpattu,செங்கல்பட்டு,0.0,5709,Tirukalukundram,,5709.0,2024-10-07
36,Telangana,తెలంగాణ,0.0,507,Hyderabad,హైదరాబాద్,536.0,4499,Tirumalgiri,తిరుమలగిరి,4499.0,2024-10-07
33,Tamil Nadu,TAMIL NADU,33.0,732,Tirupathur,திருப்பத்தூர்,0.0,5720,Tirupathur,,5720.0,2024-10-07
32,Kerala,KERALA,32.0,562,Malappuram,മലപ്പുറം,592.0,5645,Tirurangadi,തിരൂരങ്ങാടി,5645.0,2024-10-07
33,Tamil Nadu,TAMIL NADU,33.0,589,Thiruvallur,THIRUVALLUR,602.0,5696,Tiruttani,,5696.0,2024-10-07
28,Andhra Pradesh,ANDHRA PRADESH,28.0,749,Ntr,NTR,0.0,4997,Tiruvuru,,4997.0,2024-10-07
30,Goa,GOA,30.0,551,North Goa,NORTH GOA,585.0,5611,Tiswadi,,5611.0,2024-10-07
13,Nagaland,NAGALAND,13.0,247,Mon,MON,261.0,1745,Tizit,,1745.0,2024-10-07
15,Mizoram,MIZORAM,15.0,261,Aizawl,AIZAWL,283.0,1901,Tlangnuam,,1901.0,2024-10-07
8,Rajasthan,RAJASTHAN,8.0,781,Kekri,केकड़ी,,619,Todaraisingh,,619.0,2024-10-07
6,Haryana,HARYANA,6.0,61,Fatehabad,FATEHABAD,78.0,387,Tohana,,387.0,2024-10-07
22,Chhattisgarh,छत्तीसगढ़,22.0,642,Sukma,सुकमा,0.0,7317,Tongpal,तोंगपाल,0.0,2024-10-07
20,Jharkhand,झारखंड,20.0,325,Dhanbad,धनबाद,354.0,2581,Topchanchi,तोपचांची,2581.0,2024-10-07
20,Jharkhand,झारखंड,20.0,606,Khunti,खूंटी,365.0,2701,Torpa,,2701.0,2024-10-07
1,Jammu And Kashmir,JAMMU AND KASHMIR,1.0,11,Pulwama,PULWAMA,12.0,50,Tral,,50.0,2024-10-07
10,Bihar,BIHAR,10.0,223,Supaul,सुपौल,208.0,1111,Tribeniganj,त्रिवेणीगंज,1111.0,2024-10-07
13,Nagaland,NAGALAND,13.0,757,Tseminyu,Tseminyu,0.0,1844,Tsogin,,1844.0,2024-10-07
28,Andhra Pradesh,ANDHRA PRADESH,28.0,750,Bapatla,Bapatla,0.0,5085,Tsunduru,Tsunduru,5085.0,2024-10-07
13,Nagaland,NAGALAND,13.0,246,Mokokchung,MOKOKCHUNG,262.0,5990,Tsurangkong,,0.0,2024-10-07
13,Nagaland,NAGALAND,13.0,249,Tuensang,TUENSANG,267.0,1817,Tuensang Sadar,,1817.0,2024-10-07
28,Andhra Pradesh,ANDHRA PRADESH,28.0,511,Kurnool,KURNOOL,552.0,5293,Tuggali,,5293.0,2024-10-07
1,Jammu And Kashmir,JAMMU AND KASHMIR,1.0,626,Ganderbal,GANDERBAL,11.0,6807,Tullamulla Khirbhawani,Tullamulla Khirbhawani,0.0,2024-10-07
21,Odisha,ODISHA,21.0,359,Kandhamal,KANDHAMAL,390.0,3121,Tumudibandha,,3121.0,2024-10-07
9,Uttar Pradesh,UTTAR PRADESH,9.0,143,Firozabad,FIROZABAD,147.0,771,Tundla,,771.0,2024-10-07
8,Rajasthan,RAJASTHAN,8.0,783,Jaipur (Gramin),जयपुर (ग्रामीण),,7142,Tunga,तूंगा,0.0,2024-10-07
29,Karnataka,ಕರ್ನಾಟಕ,29.0,548,Tumakuru,ತುಮಕೂರು,571.0,5540,Turuvekere,ತುರವೇಕೆರೆ,5540.0,2024-10-07
21,Odisha,ODISHA,21.0,345,Balangir,BALANGIR,393.0,3143,Tushura,,3143.0,2024-10-07
6,Haryana,HARYANA,6.0,65,Jind,JIND,77.0,6413,Uchana,उचाना,0.0,2024-10-07
10,Bihar,BIHAR,10.0,197,Gopalganj,गोपालगंज,217.0,1222,Uchkagaon,उचकागांव,1222.0,2024-10-07
2,Himachal Pradesh,HIMACHAL PRADESH,2.0,21,Lahaul And Spiti,Lahaul and Spiti,25.0,114,Udaipur,,114.0,2024-10-07
28,Andhra Pradesh,ANDHRA PRADESH,28.0,515,Sri Potti Sriramulu Nellore,శ్రీ పొట్టి శ్రీరాములు నెల్లూరు,550.0,5154,Udayagiri,,5154.0,2024-10-07
33,Tamil Nadu,TAMIL NADU,33.0,587,The Nilgiris,THE NILGIRIS,611.0,5756,Udhagamandalam,,5756.0,2024-10-07
1,Jammu And Kashmir,JAMMU AND KASHMIR,1.0,14,Udhampur,UDHAMPUR,19.0,72,Udhampur,,72.0,2024-10-07
23,Madhya Pradesh,MADHYA PRADESH,23.0,435,Ujjain,उज्जैन,435.0,7046,Ujjain Nagar,उज्जैन नगर,0.0,2024-10-07
14,Manipur,MANIPUR,14.0,260,Ukhrul,UKHRUL,279.0,1888,Ukhrul,,1888.0,2024-10-07
28,Andhra Pradesh,ANDHRA PRADESH,28.0,515,Sri Potti Sriramulu Nellore,శ్రీ పొట్టి శ్రీరాములు నెల్లూరు,550.0,5152,Ulavapadu,,5152.0,2024-10-07
21,Odisha,ODISHA,21.0,372,Sonepur,SONEPUR,392.0,3136,Ulunda,,3136.0,2024-10-07
27,Maharashtra,महाराष्ट्र,27.0,500,Yavatmal,यवतमाळ,510.0,4086,Umarkhed,उमरखेड,4086.0,2024-10-07
24,Gujarat,GUJARAT,24.0,443,Bhavnagar,BHAVNAGAR,481.0,3853,Umrala,,3853.0,2024-10-07
27,Maharashtra,महाराष्ट्र,27.0,484,Nagpur,नागपूर,505.0,4034,Umred,उमरेड,4034.0,2024-10-07
23,Madhya Pradesh,MADHYA PRADESH,23.0,399,Chhindwara,छिन्दवाड़ा,455.0,3653,Umreth,उमरेठ,3653.0,2024-10-07
27,Maharashtra,महाराष्ट्र,27.0,485,Nanded,नांदेड,511.0,4103,Umri,उमरी,4103.0,2024-10-07
36,Telangana,తెలంగాణ,0.0,695,Jogulamba Gadwal,జోగులాంబ గద్వాల,0.0,6299,Undavelly,ఉండవెల్లి,0.0,2024-10-07
28,Andhra Pradesh,ANDHRA PRADESH,28.0,510,Krishna,KRISHNA,547.0,5013,Unguturu,,5013.0,2024-10-07
36,Telangana,తెలంగాణ,0.0,700,Medchal Malkajgiri,మేడ్చల్ మల్కాజిగిరి,0.0,4524,Uppal,ఉప్పల్,4524.0,2024-10-07
27,Maharashtra,महाराष्ट्र,27.0,491,Raigad,रायगड,520.0,4172,Uran,उरण,4172.0,2024-10-07
1,Jammu And Kashmir,JAMMU AND KASHMIR,1.0,3,Baramulla,BARAMULLA,8.0,37,Uri,,37.0,2024-10-07
24,Gujarat,GUJARAT,24.0,461,Vadodara,VADODARA,486.0,6529,Vadodara East,,0.0,2024-10-07
24,Gujarat,GUJARAT,24.0,461,Vadodara,VADODARA,486.0,6528,Vadodara West,,0.0,2024-10-07
24,Gujarat,GUJARAT,24.0,442,Bharuch,BHARUCH,488.0,3915,Vagra,,3915.0,2024-10-07
28,Andhra Pradesh,ANDHRA PRADESH,28.0,519,Srikakulam,SRIKAKULAM,542.0,4781,Vajrapukotturu,వజ్రపుకొత్తూరు,4781.0,2024-10-07
28,Andhra Pradesh,ANDHRA PRADESH,28.0,752,Tirupati,Tirupati,0.0,5192,Vakadu,,5192.0,2024-10-07
33,Tamil Nadu,TAMIL NADU,33.0,590,Thiruvarur,THIRUVARUR,619.0,5803,Valangaiman,,5803.0,2024-10-07
28,Andhra Pradesh,ANDHRA PRADESH,28.0,504,Y.S.R.,,551.0,5225,Vallur,,5225.0,2024-10-07
33,Tamil Nadu,TAMIL NADU,33.0,569,Coimbatore,COIMBATORE,632.0,5900,Valparai,,5900.0,2024-10-07
14,Manipur,MANIPUR,14.0,715,Pherzawl,,0.0,6507,Vangai Range,,0.0,2024-10-07
24,Gujarat,GUJARAT,24.0,450,Kheda,KHEDA,483.0,6034,Vaso,વસો,0.0,2024-10-07
32,Kerala,KERALA,32.0,561,Kozhikode,കോഴിക്കോട്,591.0,5638,Vatakara,വടകര,5638.0,2024-10-07
28,Andhra Pradesh,ANDHRA PRADESH,28.0,751,Palnadu,Palnadu,0.0,5041,Veldurthy,వెల్దుర్తి,5041.0,2024-10-07
32,Kerala,KERALA,32.0,558,Kasaragod,കാസര്‍കോഡ്,588.0,5933,Vellarikkundu,വെള്ളാരിക്കുണ്ട്,0.0,2024-10-07
36,Telangana,తెలంగాణ,0.0,720,Mulugu,ములుగు,0.0,4724,Venkatapuram,వెంకటాపురం,4724.0,2024-10-07
33,Tamil Nadu,TAMIL NADU,33.0,570,Cuddalore,CUDDALORE,617.0,5953,Veppur,,0.0,2024-10-07
23,Madhya Pradesh,MADHYA PRADESH,23.0,437,Vidisha,विदिशा,443.0,7017,Vidisha Nagar,विदिशा नगर,0.0,2024-10-07
10,Bihar,BIHAR,10.0,217,Samastipur,समस्तीपुर,221.0,1296,Vidyapati Nagar,विद्यापतिनगर,1296.0,2024-10-07
24,Gujarat,GUJARAT,24.0,451,Mahesana,MAHESANA,471.0,3756,Vijapur,,3756.0,2024-10-07
29,Karnataka,ಕರ್ನಾಟಕ,29.0,530,Vijayapura,ವಿಜಯಾಪುರ,557.0,5449,Vijayapura,ವಿಜಯಾಪುರ,5449.0,2024-10-07
8,Rajasthan,RAJASTHAN,8.0,774,Beawar,ब्‍यावर,,6661,Vijaynagar,Vijaynagar,0.0,2024-10-07
24,Gujarat,GUJARAT,24.0,458,Sabar Kantha,SABAR KANTHA,472.0,3761,Vijaynagar,,3761.0,2024-10-07
12,Arunachal Pradesh,ARUNACHAL PRADESH,12.0,229,Changlang,CHANGLANG,253.0,1679,Vijoynagar Eac,Vijoynagar EAC,1679.0,2024-10-07
33,Tamil Nadu,TAMIL NADU,33.0,596,Viluppuram,VILLUPURAM,607.0,5978,Vikravandi,,0.0,2024-10-07
33,Tamil Nadu,TAMIL NADU,33.0,582,Pudukkottai,PUDUKKOTTAI,621.0,6614,Viralimalai,,0.0,2024-10-07
28,Andhra Pradesh,ANDHRA PRADESH,28.0,521,Vizianagaram,VIZIANAGARAM,543.0,4836,Vizianagaram,,4836.0,2024-10-07
28,Andhra Pradesh,ANDHRA PRADESH,28.0,515,Sri Potti Sriramulu Nellore,శ్రీ పొట్టి శ్రీరాములు నెల్లూరు,550.0,5147,Voletivaripalem,,5147.0,2024-10-07
24,Gujarat,GUJARAT,24.0,444,Dangs,DANGS,489.0,6023,Waghai,વઘઈ,0.0,2024-10-07
12,Arunachal Pradesh,ARUNACHAL PRADESH,12.0,234,Lohit,LOHIT,259.0,1730,Wakro Circle,Wakro Circle,1730.0,2024-10-07
33,Tamil Nadu,TAMIL NADU,33.0,731,Ranipet,ராணிப்பேட்டை,0.0,5714,Wallajah,,5714.0,2024-10-07
27,Maharashtra,महाराष्ट्र,27.0,493,Sangli,सांगली,531.0,4296,Walwa,वाळवा,4296.0,2024-10-07
36,Telangana,తెలంగాణ,0.0,692,Siddipet,సిద్దిపేట,0.0,4485,Wargal,వర్గల్,4485.0,2024-10-07
6,Haryana,HARYANA,6.0,62,Gurugram,GURUGRAM,86.0,6420,Wazirabad St,वज़ीराबाद,0.0,2024-10-07
36,Telangana,తెలంగాణ,0.0,509,Khammam,ఖమ్మం,541.0,4764,Wyra,వైరా,4764.0,2024-10-07
29,Karnataka,ಕರ್ನಾಟಕ,29.0,635,Yadgir,ಯಾದಗಿರಿ,580.0,5589,Yadgir,ಯಾದಗಿರಿ,5589.0,2024-10-07
34,Puducherry,PUDUCHERRY,34.0,601,Yanam,YANAM,634.0,5908,Yanam,,5908.0,2024-10-07
28,Andhra Pradesh,ANDHRA PRADESH,28.0,750,Bapatla,Bapatla,0.0,5107,Yeddana Pudi,,5107.0,2024-10-07
36,Telangana,తెలంగాణ,0.0,698,Vikarabad,వికారాబాద్,0.0,4536,Yelal,యాలాల్(M),4536.0,2024-10-07
36,Telangana,తెలంగాణ,0.0,685,Kamareddy,కామారెడ్డి,0.0,4386,Yellareddy,ఎల్లారెడ్డి,4386.0,2024-10-07
36,Telangana,తెలంగాణ,0.0,509,Khammam,ఖమ్మం,541.0,4767,Yerrupalem,ఎర్రుపాలెం,4767.0,2024-10-07
12,Arunachal Pradesh,ARUNACHAL PRADESH,12.0,240,Upper Siang,UPPER SIANG,252.0,1663,Yingkiong Circle,Yingkiong Circle,1663.0,2024-10-07
36,Telangana,తెలంగాణ,0.0,689,Jangoan,జనగాం,0.0,4696,Zaffergadh,జఫర్ గడ్,4696.0,2024-10-07
36,Telangana,తెలంగాణ,0.0,691,Sangareddy,సంగారెడ్డి,0.0,4474,Zahirabad,జహీరాబాద్,4474.0,2024-10-07
37,Ladakh,Ladakh,0.0,6,Kargil,KARGIL,4.0,15,Zanskar,,15.0,2024-10-07
27,Maharashtra,महाराष्ट्र,27.0,500,Yavatmal,यवतमाळ,510.0,4093,Zari-Jamani,जरी जामनी,4093.0,2024-10-07
3,Punjab,PUNJAB,3.0,31,Ferozepur,FEROZEPUR,43.0,234,Zira,,234.0,2024-10-07
12,Arunachal Pradesh,ARUNACHAL PRADESH,12.0,236,Lower Subansiri,LOWER SUBANSIRI,255.0,1695,Ziro Hq,Ziro HQ,1695.0,2024-10-07
13,Nagaland,NAGALAND,13.0,248,Phek,PHEK,266.0,1810,Zuketsa,,1810.0,2024-10-07
